legacy_codigo,agreement_number,agreement_id,renderer_org_id,renderer_name,status,confidence,notes,document_count,sample_document_code,sample_source,sample_institucion,auto_candidate_count
1901CO167,,,,CENTRO DE PADRES Y APODERADOS ESCUELA BASICA VALLE LONQUEN DE TREHUACO,pending,,,1,REN24-1901CO167,RENDICIONES 2024.csv,CENTRO DE PADRES Y APODERADOS ESCUELA BASICA VALLE LONQUEN DE TREHUACO,0
1901SA0174,,,,TALLER NUEVA ESPERANZA,pending,,,1,REN24-1901SA0174,RENDICIONES 2024.csv,TALLER NUEVA ESPERANZA,0
1901SA021,,,,JUNTA DE VECINOS SAN IGNACIO DE PALOMARES,pending,,,1,REN24-1901SA021,RENDICIONES 2024.csv,JUNTA DE VECINOS SAN IGNACIO DE PALOMARES,0
1901SA0262,,,,JJ.VV. RENACER SAN MIGUEL BAJO,pending,,,1,RENX-1901SA0262,RENDICIONES FNDR Y ADNC.csv,JJ.VV. RENACER SAN MIGUEL BAJO,0
1901SA0316,,,,CLUB DE ADULTO MAYOR LOS PLACERES,pending,,,1,REN24-1901SA0316,RENDICIONES 2024.csv,CLUB DE ADULTO MAYOR LOS PLACERES,0
1901SA0358,,,,TALLER DE MUJERES LAS PALOMAS,pending,,,1,RENX-1901SA0358,RENDICIONES FNDR Y ADNC.csv,TALLER DE MUJERES LAS PALOMAS,0
1901SC0291,,,,JJ.VV. CHILLINHUE.,pending,,,1,REN24-1901SC0291,RENDICIONES 2024.csv,JJ.VV. CHILLINHUE.,0
2001SAC0414,,,,JUNTA DE VECINOS DE RANQUIL,pending,,,1,REN24-2001SAC0414,RENDICIONES 2024.csv,JUNTA DE VECINOS DE RANQUIL,0
2101C0055,,,,JUNTA DE VECINOS SARITA GAJARDO Y AMPLIACIONES II,pending,,,1,REN24-2101C0055,RENDICIONES 2024.csv,JUNTA DE VECINOS SARITA GAJARDO Y AMPLIACIONES II,0
2101C0069,,,,CLUB ADULTO MAYOR BUENA VISTA,pending,,,1,REN24-2101C0069,RENDICIONES 2024.csv,CLUB ADULTO MAYOR BUENA VISTA,0
2101C0148,,,,JUNTA DE VECINOS RANQUIL,pending,,,1,REN24-2101C0148,RENDICIONES 2024.csv,JUNTA DE VECINOS RANQUIL,0
2101C0197,,,,TALLER LABORAL NUEVA ESPERANZA DE PINTO SECTOR LAS VEGAS DE SALDIA,pending,,,1,REN24-2101C0197,RENDICIONES 2024.csv,TALLER LABORAL NUEVA ESPERANZA DE PINTO SECTOR LAS VEGAS DE SALDIA,0
2101D0013,,,,JUNTA DE VECINOS LOS TEMOS,pending,,,1,REN24-2101D0013,RENDICIONES 2024.csv,JUNTA DE VECINOS LOS TEMOS,0
2101D0169,,,,UNION COMUNAL DE MUJERES DE NINHUE.,pending,,,1,REN24-2101D0169,RENDICIONES 2024.csv,UNION COMUNAL DE MUJERES DE NINHUE.,0
2101D0195,,,,CLUB DEPORTIVO SANTA LAURA.,pending,,,1,REN24-2101D0195,RENDICIONES 2024.csv,CLUB DEPORTIVO SANTA LAURA.,0
2101D0364,,,,JJ.VV. EL MEMBRILLO,pending,,,1,RENX-2101D0364,RENDICIONES FNDR Y ADNC.csv,JJ.VV. EL MEMBRILLO,0
2101D0387,,,,CENTRO DE ADULTOS MAYORES TERESA DE CALCUTA,pending,,,1,RENX-2101D0387,RENDICIONES FNDR Y ADNC.csv,CENTRO DE ADULTOS MAYORES TERESA DE CALCUTA,0
2101SA0369,,,,JUNTA DE VECINOS SAN IGNACIO PALOMARES,pending,,,1,REN24-2101SA0369,RENDICIONES 2024.csv,JUNTA DE VECINOS SAN IGNACIO PALOMARES,0
2101SC0139,,,,JUNTA DE VECINOS VILLA RENACER 1 Y 2,pending,,,1,REN24-2101SC0139,RENDICIONES 2024.csv,JUNTA DE VECINOS VILLA RENACER 1 Y 2,0
2101SC0174,,,,JUNTA DE VECINOS SAN IGNACIO PALOMARES,pending,,,1,REN24-2101SC0174,RENDICIONES 2024.csv,JUNTA DE VECINOS SAN IGNACIO PALOMARES,0
2101SC0184,,,,JJ.VV. EL GALPÓN,pending,,,1,RENX-2101SC0184,RENDICIONES FNDR Y ADNC.csv,JJ.VV. EL GALPÓN,0
2101SC0263,,,,JJ.VV. LOS MAITENES,pending,,,1,RENX-2101SC0263,RENDICIONES FNDR Y ADNC.csv,JJ.VV. LOS MAITENES,0
2101SD0098,,,,JJVV ULTRAESTACION N°18,pending,,,1,REN24-2101SD0098,RENDICIONES 2024.csv,JJVV ULTRAESTACION N°18,0
2201AM0118,,,,CLUB ADULTO MAYOR LAS MARAVILLAS,pending,,,1,REN24-2201AM0118,RENDICIONES 2024.csv,CLUB ADULTO MAYOR LAS MARAVILLAS,0
2201AM0119,,,,CLUB ADULTO MAYOR LOS RECURDOS,pending,,,1,REN24-2201AM0119,RENDICIONES 2024.csv,CLUB ADULTO MAYOR LOS RECURDOS,0
2201AM0120,,,,CLUB ADULTO MAYOR LAS PUERTAS DEL SOL,pending,,,1,REN24-2201AM0120,RENDICIONES 2024.csv,CLUB ADULTO MAYOR LAS PUERTAS DEL SOL,0
2201AM0123,,,,CLUB ADULTO MAYOR ALEGRIA DE VIVIR,pending,,,1,REN24-2201AM0123,RENDICIONES 2024.csv,CLUB ADULTO MAYOR ALEGRIA DE VIVIR,0
2201AM0154,,,,CLUB ADULTO MAYOR SANTA GUADALUPE,pending,,,1,REN24-2201AM0154,RENDICIONES 2024.csv,CLUB ADULTO MAYOR SANTA GUADALUPE,0
2201C0009,,,,CLUB DE HUASOS PORTEZUELO,pending,,,1,REN24-2201C0009,RENDICIONES 2024.csv,CLUB DE HUASOS PORTEZUELO,0
2201C0104,,,,GRUPO DE AUTOAYUDA LA ESPERANZA DE QUIRIQUINA,pending,,,1,REN24-2201C0104,RENDICIONES 2024.csv,GRUPO DE AUTOAYUDA LA ESPERANZA DE QUIRIQUINA,0
2201C0106,,,,CLUB ADULTO MAYOR LA ESPERANZA,pending,,,1,REN24-2201C0106,RENDICIONES 2024.csv,CLUB ADULTO MAYOR LA ESPERANZA,0
2201C0114,,,,FIESTA DEL POLLO DE CAMPO,pending,,,1,REN24-2201C0114,RENDICIONES 2024.csv,FIESTA DEL POLLO DE CAMPO,0
2201C0150,,,,DESPEERTAR DE LAS ESTRELLITAS A TRAVES DE LA PINTURA,pending,,,2,REN24-2201C0150,RENDICIONES 2024.csv,DESPEERTAR DE LAS ESTRELLITAS A TRAVES DE LA PINTURA,0
2201C0160,,,,JUNTA DE VECINOS LA ESPERANZA DE PATAGUAL,pending,,,1,REN24-2201C0160,RENDICIONES 2024.csv,JUNTA DE VECINOS LA ESPERANZA DE PATAGUAL,0
2201D0030,,,,CLUB DE ADULTO MAYOR EL BIENESTAR DE LONQUEN,pending,,,2,REN24-2201D0030,RENDICIONES 2024.csv,CLUB DE ADULTO MAYOR EL BIENESTAR DE LONQUEN,0
2201D0060,,,,CLUB DEPORTIVO EL FARO,pending,,,1,REN24-2201D0060,RENDICIONES 2024.csv,CLUB DEPORTIVO EL FARO,0
2201D0101,,,,JUNTA DE VECINOS PINCURA,pending,,,1,REN24-2201D0101,RENDICIONES 2024.csv,JUNTA DE VECINOS PINCURA,0
2201D0189,,,,JJ.VV. SALAMANCA,pending,,,1,RENX-2201D0189,RENDICIONES FNDR Y ADNC.csv,JJ.VV. SALAMANCA,0
2201D0223,,,,CLUB DEPORTIVO LOS MAITENES,pending,,,1,REN24-2201D0223,RENDICIONES 2024.csv,CLUB DEPORTIVO LOS MAITENES,0
2201D0296,,,,CLUB ADULTO MAYOR AMOR DIVINO,pending,,,1,REN24-2201D0296,RENDICIONES 2024.csv,CLUB ADULTO MAYOR AMOR DIVINO,0
2201EG0045,,,,AGRUPACION MUJERES RURALES HUEMUL,pending,,,2,REN24-2201EG0045,RENDICIONES 2024.csv,AGRUPACION MUJERES RURALES HUEMUL,0
2201EG0059,,,,COMITE DE MUJERES CAMPESINAS LA ILUSION DE SANTA JUANA.,pending,,,1,REN24-2201EG0059,RENDICIONES 2024.csv,COMITE DE MUJERES CAMPESINAS LA ILUSION DE SANTA JUANA.,0
2201EG040,,,,COMITE HABITACIONAL EL PROGRESO,pending,,,1,REN24-2201EG040,RENDICIONES 2024.csv,COMITE HABITACIONAL EL PROGRESO,0
2201M0005,,,,JUNTA DE VECINOS PASO DEL SOLDADO,pending,,,1,REN24-2201M0005,RENDICIONES 2024.csv,JUNTA DE VECINOS PASO DEL SOLDADO,0
2201M0009,,,,JUNTA DE VECINOS FRUTILLAR SUR,pending,,,2,REN24-2201M0009,RENDICIONES 2024.csv,JUNTA DE VECINOS FRUTILLAR SUR,0
2201M0030,,,,JJVVV LA CRUZADA DE RANGUELMO,pending,,,2,REN24-2201M0030,RENDICIONES 2024.csv,JJVVV LA CRUZADA DE RANGUELMO,0
2201M0032,,,,JUNTA DE VECINOS GUARILIHUE,pending,,,1,REN24-2201M0032,RENDICIONES 2024.csv,JUNTA DE VECINOS GUARILIHUE,0
2201M0055,,,,JUNTA DE VECINOS CARRULLANCA,pending,,,2,REN24-2201M0055,RENDICIONES 2024.csv,JUNTA DE VECINOS CARRULLANCA,0
2201M0074,,,,CENTRO GENERAL DE PADRES Y APODERADOS ESCUELA F-155 CHACAY,pending,,,1,REN24-2201M0074,RENDICIONES 2024.csv,CENTRO GENERAL DE PADRES Y APODERADOS ESCUELA F-155 CHACAY,0
2201SC0033,,,,JJ.VV. VILLA TRILALEO.,pending,,,1,REN24-2201SC0033,RENDICIONES 2024.csv,JJ.VV. VILLA TRILALEO.,0
2201SC0074,,,,CLUB DEL ADULTO MAYOR EL SOL DE EL MODELO,pending,,,1,REN24-2201SC0074,RENDICIONES 2024.csv,CLUB DEL ADULTO MAYOR EL SOL DE EL MODELO,0
2201SC0109,,,,COMITE DE ADELANTO Y DESARROLLO GABRIELA MISTRAL,pending,,,1,REN24-2201SC0109,RENDICIONES 2024.csv,COMITE DE ADELANTO Y DESARROLLO GABRIELA MISTRAL,0
2201SC0122,,,,JUNTA DE VECINOS COLEAL NORTE,pending,,,1,REN24-2201SC0122,RENDICIONES 2024.csv,JUNTA DE VECINOS COLEAL NORTE,0
2201SC0124,,,,JUNTA DE VECINOS BAJOS DE CHILLINHUE,pending,,,1,REN24-2201SC0124,RENDICIONES 2024.csv,JUNTA DE VECINOS BAJOS DE CHILLINHUE,0
2201SC0179,,,,JJ.VV. DE ÑIPAS,pending,,,1,RENX-2201SC0179,RENDICIONES FNDR Y ADNC.csv,JJ.VV. DE ÑIPAS,0
2201SC0335,,,,JUNTA DE VECINOS N°7 RURAL LA VEGA,pending,,,3,REN24-2201SC0335,RENDICIONES 2024.csv,JUNTA DE VECINOS N°7 RURAL LA VEGA,0
2201SC0352,,,,JUNTA DE VECINOS VISTA BELLA,pending,,,1,REN24-2201SC0352,RENDICIONES 2024.csv,JUNTA DE VECINOS VISTA BELLA,0
2201SC0380,,,,JUNTA DE VECINOS BULI ESTACION,pending,,,2,REN24-2201SC0380,RENDICIONES 2024.csv,JUNTA DE VECINOS BULI ESTACION,0
2201SC0433,,,,GRUPO DE MUJERES UNION CHORRILLO,pending,,,1,REN24-2201SC0433,RENDICIONES 2024.csv,GRUPO DE MUJERES UNION CHORRILLO,0
23010013,,,,JJVV EL MAITENAL,pending,,,1,REN24-23010013,RENDICIONES 2024.csv,JJVV EL MAITENAL,0
230100S0035,,,,HOGAR DE ANCIANOS SAN FRANCISCO DE ASIS,pending,,,1,REN24-230100S0035,RENDICIONES 2024.csv,HOGAR DE ANCIANOS SAN FRANCISCO DE ASIS,0
23010287,,,,ESCUELA DE FUTBOL EL REY ARTURO VIDAL,pending,,,1,REN24-23010287,RENDICIONES 2024.csv,ESCUELA DE FUTBOL EL REY ARTURO VIDAL,0
23011ADNCC011,,,,CORPORACION CULTURAL Y SOCIAL ARTE Y VIDA DE COELEMU,pending,,,1,REN24-23011ADNCC011,RENDICIONES 2024.csv,CORPORACION CULTURAL Y SOCIAL ARTE Y VIDA DE COELEMU,0
230150034,,,,JUNTA DE VECINOS LEONERA,pending,,,1,REN24-230150034,RENDICIONES 2024.csv,JUNTA DE VECINOS LEONERA,0
230150073,,,,JUNTOS DE LA MANO SI ES POSIBLE,pending,,,1,REN24-230150073,RENDICIONES 2024.csv,JUNTOS DE LA MANO SI ES POSIBLE,0
2301AD001,,,,AGENCIA ADVENTISTA  DE DESARROLLO Y RECURSOS ASISTENCIALES - ADRA CHILE,pending,,,1,REN24-2301AD001,RENDICIONES 2024.csv,AGENCIA ADVENTISTA  DE DESARROLLO Y RECURSOS ASISTENCIALES - ADRA CHILE,0
2301ADC001,,,,ADRA CHILE.,pending,,,2,RENX-2301ADC001,RENDICIONES FNDR Y ADNC.csv,ADRA CHILE.,0
2301ADCC010,,,,ASOCIACION ÑUBLE AUDIOVISUAL,pending,,,2,REN24-2301ADCC010,RENDICIONES 2024.csv,ASOCIACION ÑUBLE AUDIOVISUAL,0
2301ADCD008,,,,CLUB DE MOUNTAIN BIKE,pending,,,1,REN24-2301ADCD008,RENDICIONES 2024.csv,CLUB DE MOUNTAIN BIKE,0
2301ADCD012,,,,STREET WORKOUT CHILLÁN,pending,,,1,RENX-2301ADCD012,RENDICIONES FNDR Y ADNC.csv,STREET WORKOUT CHILLÁN,0
2301ADCD014,,,,CLUB PATAGONIA MOSTOS CHILE,pending,,,2,REN24-2301ADCD014,RENDICIONES 2024.csv,CLUB PATAGONIA MOSTOS CHILE,0
2301ADCD015,,,,ASOCIACIÓN DEPORTIVA DE FÚTBOL AMATEUR CHILLÁN.,pending,,,1,RENX-2301ADCD015,RENDICIONES FNDR Y ADNC.csv,ASOCIACIÓN DEPORTIVA DE FÚTBOL AMATEUR CHILLÁN.,0
2301ADCND007,,,,FUNDACIÓN CICLORECREOVÍA,pending,,,1,RENX-2301ADCND007,RENDICIONES FNDR Y ADNC.csv,FUNDACIÓN CICLORECREOVÍA,0
2301ADNC05,,,,CONJUNTO DE FOLCLOR PALOMAR DE CHILLÁN.,pending,,,1,REN24-2301ADNC05,RENDICIONES 2024.csv,CONJUNTO DE FOLCLOR PALOMAR DE CHILLÁN.,0
2301ADNCC0177,,,,AGRUPACIÓN FOLKLORE Y CULTURA MAPUKETRAN.,pending,,,1,REN24-2301ADNCC0177,RENDICIONES 2024.csv,AGRUPACIÓN FOLKLORE Y CULTURA MAPUKETRAN.,0
2301ADNCC02,,,,"CULTURAS CHILLAN 2023, RECONSTRUYENDO ÑUBLE",pending,,,2,RENX-2301ADNCC02,RENDICIONES FNDR Y ADNC.csv,"CULTURAS CHILLAN 2023, RECONSTRUYENDO ÑUBLE",0
2301ADNCC04,,,,ASOCIACION DE TENIS DE MESA CHILLAN,pending,,,1,RENX-2301ADNCC04,RENDICIONES FNDR Y ADNC.csv,ASOCIACION DE TENIS DE MESA CHILLAN,0
2301ADNCC07,,,,ASOCIACION DOCEL,pending,,,2,REN24-2301ADNCC07,RENDICIONES 2024.csv,ASOCIACION DOCEL,0
2301ADNCC08,,,,CASATEATRO CLUB,pending,,,1,RENX-2301ADNCC08,RENDICIONES FNDR Y ADNC.csv,CASATEATRO CLUB,0
2301ADNCC088,,,,"COMITE CAMPESINO, PRODUCTIVO, SOCIAL Y CULTURAL NUEVO AMANECER LOS REMATES.",pending,,,2,REN24-2301ADNCC088,RENDICIONES 2024.csv,"COMITE CAMPESINO, PRODUCTIVO, SOCIAL Y CULTURAL NUEVO AMANECER LOS REMATES.",0
2301ADNCD008,,,,ASOCIACION DEPORTIVA Y CULTURAL CLUBES DE HUASOS DE ÑUBLE.,pending,,,2,REN24-2301ADNCD008,RENDICIONES 2024.csv,ASOCIACION DEPORTIVA Y CULTURAL CLUBES DE HUASOS DE ÑUBLE.,0
2301ADNCS003,,,,COOPERATIVA DE CONSUMO DE ENERGIA ELECTRICA CHILLAN,pending,,,1,REN24-2301ADNCS003,RENDICIONES 2024.csv,COOPERATIVA DE CONSUMO DE ENERGIA ELECTRICA CHILLAN,0
2301AM0003,,,,CLUB ADULTO MAYOR JUAN DE DIOS DAVILA.,pending,,,1,RENX-2301AM0003,RENDICIONES FNDR Y ADNC.csv,CLUB ADULTO MAYOR JUAN DE DIOS DAVILA.,0
2301AM0006,,,,CLUB DE ADULTO MAYOR SOL Y LUNA,pending,,,1,REN24-2301AM0006,RENDICIONES 2024.csv,CLUB DE ADULTO MAYOR SOL Y LUNA,0
2301AM0013,,,,UNION COMUNAL ADULTO MAYOR QUIRIHUE,pending,,,1,REN24-2301AM0013,RENDICIONES 2024.csv,UNION COMUNAL ADULTO MAYOR QUIRIHUE,0
2301AM0015,,,,AGRUPACION DE ADULTOS MAYORES VINCULOS RANQUIL,pending,,,1,REN24-2301AM0015,RENDICIONES 2024.csv,AGRUPACION DE ADULTOS MAYORES VINCULOS RANQUIL,0
2301AM0018,,,,CLUB DE ADULTO MAYOR JUAN PABLO II DE COYANCO,pending,,,2,REN24-2301AM0018,RENDICIONES 2024.csv,CLUB DE ADULTO MAYOR JUAN PABLO II DE COYANCO,0
2301AM0019,,,,GRUPO ADULTO MAYOR LA MOVIDA,pending,,,1,RENX-2301AM0019,RENDICIONES FNDR Y ADNC.csv,GRUPO ADULTO MAYOR LA MOVIDA,0
2301AM0020,,,,LA ALEGRIA DE VIVIR EN CAÑA DULCE,pending,,,2,REN24-2301AM0020,RENDICIONES 2024.csv,LA ALEGRIA DE VIVIR EN CAÑA DULCE,0
2301AM0022,,,,CLUB ADULTO MAYOR AMOR DE VIVIR,pending,,,2,REN24-2301AM0022,RENDICIONES 2024.csv,CLUB ADULTO MAYOR AMOR DE VIVIR,0
2301AM0024,,,,CLUB ADULTO MAYOR MARIA DE LA MERCED,pending,,,2,REN24-2301AM0024,RENDICIONES 2024.csv,CLUB ADULTO MAYOR MARIA DE LA MERCED,0
2301AM0026,,,,CLUB ADULTO MAYOR AMISTAD,pending,,,1,RENX-2301AM0026,RENDICIONES FNDR Y ADNC.csv,CLUB ADULTO MAYOR AMISTAD,0
2301AM0028,,,,ASOCIACION DE PENSIONADOS DE TEMUCO,pending,,,1,REN24-2301AM0028,RENDICIONES 2024.csv,ASOCIACION DE PENSIONADOS DE TEMUCO,0
2301AM0029,,,,ASOCIACION DE PENSIONADOS DE PEMUCO,pending,,,1,REN24-2301AM0029,RENDICIONES 2024.csv,ASOCIACION DE PENSIONADOS DE PEMUCO,0
2301AM0030,,,,LOS MUCHACHOS DE AGOSTO,pending,,,2,REN24-2301AM0030,RENDICIONES 2024.csv,LOS MUCHACHOS DE AGOSTO,0
2301AM0031,,,,CLUB ADULTO MAYOR SECTOR LAS LAJUELAS,pending,,,1,REN24-2301AM0031,RENDICIONES 2024.csv,CLUB ADULTO MAYOR SECTOR LAS LAJUELAS,0
2301AM0032,,,,GRUPO DE ADULTO MAYOR RENOVANDO JUVENTUD,pending,,,1,REN24-2301AM0032,RENDICIONES 2024.csv,GRUPO DE ADULTO MAYOR RENOVANDO JUVENTUD,0
2301AM0035,,,,CENTRO ADULTO MAYOR ARCOIRIS DE PARRALITO,pending,,,1,REN24-2301AM0035,RENDICIONES 2024.csv,CENTRO ADULTO MAYOR ARCOIRIS DE PARRALITO,0
2301AM0036,,,,UNIÓN COMUNAL DEL ADULTO MAYOR DE LA COMUNA DE RÁNQUIL.,pending,,,1,RENX-2301AM0036,RENDICIONES FNDR Y ADNC.csv,UNIÓN COMUNAL DEL ADULTO MAYOR DE LA COMUNA DE RÁNQUIL.,0
2301AM0037,,,,CLUB DEL ADULTO MAYOR LOS AÑOS DORADOS DE CHACAY,pending,,,1,REN24-2301AM0037,RENDICIONES 2024.csv,CLUB DEL ADULTO MAYOR LOS AÑOS DORADOS DE CHACAY,0
2301AM0038,,,,CLUB DEPORTIVO DE ADULTO MAYOR LA ALEGRIA DE VIVIR.,pending,,,1,REN24-2301AM0038,RENDICIONES 2024.csv,CLUB DEPORTIVO DE ADULTO MAYOR LA ALEGRIA DE VIVIR.,0
2301AM0041,,,,CLUB ADULTO MAYOR LA ERA ENCANTADA,pending,,,2,REN24-2301AM0041,RENDICIONES 2024.csv,CLUB ADULTO MAYOR LA ERA ENCANTADA,0
2301AM0048,,,,CLUB DE ADULTO MAYOR FLOR DEL AVELLANO,pending,,,1,REN24-2301AM0048,RENDICIONES 2024.csv,CLUB DE ADULTO MAYOR FLOR DEL AVELLANO,0
2301AM0057,,,,UNION COMUNAL DE ADULTOS MAYORES,pending,,,1,REN24-2301AM0057,RENDICIONES 2024.csv,UNION COMUNAL DE ADULTOS MAYORES,0
2301AM006,,,,CLUB DE ADULTO MAYOR SOL Y LUNA,pending,,,2,REN24-2301AM006,RENDICIONES 2024.csv,CLUB DE ADULTO MAYOR SOL Y LUNA,0
2301AM0063,,,,CLUB DE ADULTO MAYOR SAN FRANCISCO DE ASIS,pending,,,1,RENX-2301AM0063,RENDICIONES FNDR Y ADNC.csv,CLUB DE ADULTO MAYOR SAN FRANCISCO DE ASIS,0
2301AM0065,,,,UNION COMUNAL DE ADULTO MAYOR EL ULTIMO RECREO SAN GREGORIO,pending,,,3,REN24-2301AM0065,RENDICIONES 2024.csv,UNION COMUNAL DE ADULTO MAYOR EL ULTIMO RECREO SAN GREGORIO,0
2301AM0066,,,,GRUPO ADULTO MAYOR NUEVO AMANECER SAN CERAPIO,pending,,,1,RENX-2301AM0066,RENDICIONES FNDR Y ADNC.csv,GRUPO ADULTO MAYOR NUEVO AMANECER SAN CERAPIO,0
2301AM0072,,,,GRUPO DE ADULTO MAYOR SANTA AMALIA EL SAUCE,pending,,,1,REN24-2301AM0072,RENDICIONES 2024.csv,GRUPO DE ADULTO MAYOR SANTA AMALIA EL SAUCE,0
2301AM0073,,,,CLUB ADULTO MAYOR TRES ESQUINAS,pending,,,1,REN24-2301AM0073,RENDICIONES 2024.csv,CLUB ADULTO MAYOR TRES ESQUINAS,0
2301AM0076,,,,CLUB ADULTO MAYOR SURCO Y SEMILLA,pending,,,2,REN24-2301AM0076,RENDICIONES 2024.csv,CLUB ADULTO MAYOR SURCO Y SEMILLA,0
2301AM0077,,,,CLUB ADULTO MAYOR MARAVILLAS DE VIVIR,pending,,,1,REN24-2301AM0077,RENDICIONES 2024.csv,CLUB ADULTO MAYOR MARAVILLAS DE VIVIR,0
2301AM0079,,,,CLUB DE ADULTO MAYOR ARMONIA DE ÑIQUEN ESTACION,pending,,,3,REN24-2301AM0079,RENDICIONES 2024.csv,CLUB DE ADULTO MAYOR ARMONIA DE ÑIQUEN ESTACION,0
2301AM0084,,,,CLUB ADULTO MAYOR NUEVA PROYECCION,pending,,,2,REN24-2301AM0084,RENDICIONES 2024.csv,CLUB ADULTO MAYOR NUEVA PROYECCION,0
2301AM0089,,,,AGRUPACION ADULTOS MAYORES JUBILADOS DE LA SALUD HOSPITAL SAN CARLOS,pending,,,1,REN24-2301AM0089,RENDICIONES 2024.csv,AGRUPACION ADULTOS MAYORES JUBILADOS DE LA SALUD HOSPITAL SAN CARLOS,0
2301AM0091,,,,CENTRO ADULTO MAYOR EL GRUPO DE LA AMISTAD,pending,,,2,REN24-2301AM0091,RENDICIONES 2024.csv,CENTRO ADULTO MAYOR EL GRUPO DE LA AMISTAD,0
2301AM0092,,,,CLUB ADULTO MAYOR AVANCEMOS UNIDOS DE LA GLORIA,pending,,,2,REN24-2301AM0092,RENDICIONES 2024.csv,CLUB ADULTO MAYOR AVANCEMOS UNIDOS DE LA GLORIA,0
2301AM0093,,,,CENTRO DE ADULTO MAYOR AMOR DE HERMANOS.,pending,,,1,REN24-2301AM0093,RENDICIONES 2024.csv,CENTRO DE ADULTO MAYOR AMOR DE HERMANOS.,0
2301AM0099,,,,COMITÉ DEL ADULTO MAYOR NUEVA VIDA SAN GREGORIO,pending,,,2,REN24-2301AM0099,RENDICIONES 2024.csv,COMITÉ DEL ADULTO MAYOR NUEVA VIDA SAN GREGORIO,0
2301AM0101,,,,CLUB DE ADULTO MAYOR ALBA DE PUAHUN,pending,,,1,REN24-2301AM0101,RENDICIONES 2024.csv,CLUB DE ADULTO MAYOR ALBA DE PUAHUN,0
2301AM0104,,,,CLUB DE ADULTO MAYOR FLOR EN PRIMAVERA DE HUENUTIL,pending,,,1,REN24-2301AM0104,RENDICIONES 2024.csv,CLUB DE ADULTO MAYOR FLOR EN PRIMAVERA DE HUENUTIL,0
2301AM0105,,,,GRUPO DE ADULTO MAYOR LA ESPERANZA DE BULI ESTACION,pending,,,1,REN24-2301AM0105,RENDICIONES 2024.csv,GRUPO DE ADULTO MAYOR LA ESPERANZA DE BULI ESTACION,0
2301AM0107,,,,CLUB DE ADULTO MAYOR NUEVA VIDA,pending,,,2,REN24-2301AM0107,RENDICIONES 2024.csv,CLUB DE ADULTO MAYOR NUEVA VIDA,0
2301AM0110,,,,GRUPO ADULTO MAYOR LAS VIOLETAS,pending,,,1,REN24-2301AM0110,RENDICIONES 2024.csv,GRUPO ADULTO MAYOR LAS VIOLETAS,0
2301AM0112,,,,GRUPO ADULTO MAYOR ARCOIRIS,pending,,,1,REN24-2301AM0112,RENDICIONES 2024.csv,GRUPO ADULTO MAYOR ARCOIRIS,0
2301AM0117,,,,CLUB DE ADULTO MAYOR QUELTEHUE,pending,,,2,REN24-2301AM0117,RENDICIONES 2024.csv,CLUB DE ADULTO MAYOR QUELTEHUE,0
2301AM0118,,,,AGRUPACION PROFESORES JUBILADOS DE QUIRIHUE VIDA NUEVA,pending,,,2,REN24-2301AM0118,RENDICIONES 2024.csv,AGRUPACION PROFESORES JUBILADOS DE QUIRIHUE VIDA NUEVA,0
2301AM0119,,,,COMITE DEL ADULTO MAYOR BUENA UNION DE HUACALEMU,pending,,,1,REN24-2301AM0119,RENDICIONES 2024.csv,COMITE DEL ADULTO MAYOR BUENA UNION DE HUACALEMU,0
2301AM0121,,,,TALLER DE GIMNASIA Y VARIOS MENTE SANA CUERPO SANO,pending,,,1,REN24-2301AM0121,RENDICIONES 2024.csv,TALLER DE GIMNASIA Y VARIOS MENTE SANA CUERPO SANO,0
2301AM0124,,,,CAM LA RIBERA DEL ITATA,pending,,,1,REN24-2301AM0124,RENDICIONES 2024.csv,CAM LA RIBERA DEL ITATA,0
2301AM0126,,,,CENTRO CULTURAL DE ADULTOS MAYORES UNA MIRADA DFERENTE,pending,,,1,REN24-2301AM0126,RENDICIONES 2024.csv,CENTRO CULTURAL DE ADULTOS MAYORES UNA MIRADA DFERENTE,0
2301AM0129,,,,UNION COMUNAL ADULTO MAYOR PINTO,pending,,,2,REN24-2301AM0129,RENDICIONES 2024.csv,UNION COMUNAL ADULTO MAYOR PINTO,0
2301AM0132,,,,CLUB ADULTO MAYOR LUZ Y ESPERANZA LOS PUQUIOS SAN FABIAN,pending,,,1,REN24-2301AM0132,RENDICIONES 2024.csv,CLUB ADULTO MAYOR LUZ Y ESPERANZA LOS PUQUIOS SAN FABIAN,0
2301AM0137,,,,CLUB ADULTO MAYOR LUZ Y VIDA,pending,,,1,REN24-2301AM0137,RENDICIONES 2024.csv,CLUB ADULTO MAYOR LUZ Y VIDA,0
2301AM0139,,,,CAM RENACER DE PICHINAL,pending,,,1,REN24-2301AM0139,RENDICIONES 2024.csv,CAM RENACER DE PICHINAL,0
2301AM0142,,,,CLUB ADULTO MAYOR LOS COPIHUES,pending,,,3,REN24-2301AM0142,RENDICIONES 2024.csv,CLUB ADULTO MAYOR LOS COPIHUES,0
2301AM0145,,,,CLUB DE ADULTO MAYOR SOL NACIENTE.,pending,,,1,REN24-2301AM0145,RENDICIONES 2024.csv,CLUB DE ADULTO MAYOR SOL NACIENTE.,0
2301AM0147,,,,CAM RENACER,pending,,,2,REN24-2301AM0147-2,RENDICIONES 2024.csv,CAM RENACER,0
2301AM0150,,,,CLUB DEL ADULTO MAYOR LOS QUINCEAÑEROS DE MAITENES,pending,,,2,REN24-2301AM0150,RENDICIONES 2024.csv,CLUB DEL ADULTO MAYOR LOS QUINCEAÑEROS DE MAITENES,0
2301AM0151,,,,CLUB DE ADULTO MAYOR EDAD DE ORO,pending,,,2,REN24-2301AM0151,RENDICIONES 2024.csv,CLUB DE ADULTO MAYOR EDAD DE ORO,0
2301AM0154,,,,CLUB DE ADULTOS MAYORES AL ALERO DEL TANGO,pending,,,1,RENX-2301AM0154,RENDICIONES FNDR Y ADNC.csv,CLUB DE ADULTOS MAYORES AL ALERO DEL TANGO,0
2301AM0155,,,,CLUB ADULTOS MAYORES LOS COPIHUES,pending,,,2,REN24-2301AM0155,RENDICIONES 2024.csv,CLUB ADULTOS MAYORES LOS COPIHUES,0
2301AM0161,,,,CLUB DE ADULTO MAYOR MARIA ELENA VALDES,pending,,,1,REN24-2301AM0161,RENDICIONES 2024.csv,CLUB DE ADULTO MAYOR MARIA ELENA VALDES,0
2301AM0168,,,,CLUB ADULTO MAYOR HORIZONTE DE CHILLAN,pending,,,2,REN24-2301AM0168,RENDICIONES 2024.csv,CLUB ADULTO MAYOR HORIZONTE DE CHILLAN,0
2301AM0171,,,,COMITÉ DE ADULTO MAYOR SAN FRANCISCO DE LA UNIDAD VECINAL 12R,pending,,,2,REN24-2301AM0171,RENDICIONES 2024.csv,COMITÉ DE ADULTO MAYOR SAN FRANCISCO DE LA UNIDAD VECINAL 12R,0
2301AM0175,,,,CLUB DEL ADULTO MAYOR LOS VIEJOS ESTANDARTES DEL ESPINAL.,pending,,,1,REN24-2301AM0175,RENDICIONES 2024.csv,CLUB DEL ADULTO MAYOR LOS VIEJOS ESTANDARTES DEL ESPINAL.,0
2301AM0178,,,,COMITE ADULTO MAYOR LA ESPERANZA,pending,,,1,REN24-2301AM0178,RENDICIONES 2024.csv,COMITE ADULTO MAYOR LA ESPERANZA,0
2301AM0183,,,,COMITÉ ADULTO MAYOR MANOS UNIDAS EN FAMILIA,pending,,,2,REN24-2301AM0183,RENDICIONES 2024.csv,COMITÉ ADULTO MAYOR MANOS UNIDAS EN FAMILIA,0
2301AM0185,,,,CLUB ADULTO MAYOR BROTES DE ESPERANZA,pending,,,1,REN24-2301AM0185,RENDICIONES 2024.csv,CLUB ADULTO MAYOR BROTES DE ESPERANZA,0
2301AM0186,,,,CLUB ADULTO ESPERANZA DE LA COSTA,pending,,,1,REN24-2301AM0186,RENDICIONES 2024.csv,CLUB ADULTO ESPERANZA DE LA COSTA,0
2301AM0189,,,,CLUB DE ADULTO MAYOR LOS AÑOS DORADOS DE COELEMU,pending,,,2,REN24-2301AM0189,RENDICIONES 2024.csv,CLUB DE ADULTO MAYOR LOS AÑOS DORADOS DE COELEMU,0
2301AM0190,,,,C.A.M. BIENVENIDAS NUEVAS OPORTUNIDADES DE LA VIDA,pending,,,1,RENX-2301AM0190,RENDICIONES FNDR Y ADNC.csv,C.A.M. BIENVENIDAS NUEVAS OPORTUNIDADES DE LA VIDA,0
2301AM0191,,,,FEDERACION REGIONAL DE UNIONES COMUNALES DE ADULTOS MAYORES DE ÑUBLE,pending,,,2,REN24-2301AM0191,RENDICIONES 2024.csv,FEDERACION REGIONAL DE UNIONES COMUNALES DE ADULTOS MAYORES DE ÑUBLE,0
2301AM0195,,,,CLUB DE ADULTO MAYOR GRACIAS A LA VIDA,pending,,,1,REN24-2301AM0195,RENDICIONES 2024.csv,CLUB DE ADULTO MAYOR GRACIAS A LA VIDA,0
2301AM0196,,,,AGRUPACION CULTURAL Y SOCIAL DE ADULTOS MAYORES CREACION,pending,,,1,REN24-2301AM0196,RENDICIONES 2024.csv,AGRUPACION CULTURAL Y SOCIAL DE ADULTOS MAYORES CREACION,0
2301AM0201,,,,CLUB DE ADULTO MAYOR BRISAS DEL ITATA,pending,,,1,REN24-2301AM0201,RENDICIONES 2024.csv,CLUB DE ADULTO MAYOR BRISAS DEL ITATA,0
2301AM0203,,,,CLUB DE ADULTO MAYOR DE CHEQUEN,pending,,,1,REN24-2301AM0203,RENDICIONES 2024.csv,CLUB DE ADULTO MAYOR DE CHEQUEN,0
2301AM0207,,,,CLUB ADULTO MAYOR AÑOS LOS HERMOSOS,pending,,,2,REN24-2301AM0207,RENDICIONES 2024.csv,CLUB ADULTO MAYOR AÑOS LOS HERMOSOS,0
2301AM0212,,,,CLUB DE ADULTO MAYOR SAN MIGUEL,pending,,,2,REN24-2301AM0212,RENDICIONES 2024.csv,CLUB DE ADULTO MAYOR SAN MIGUEL,0
2301AM0214,,,,CLUB DE ADULTOS MAYORES ALEGRIA DE VIVIR,pending,,,1,REN24-2301AM0214,RENDICIONES 2024.csv,CLUB DE ADULTOS MAYORES ALEGRIA DE VIVIR,0
2301AM0215,,,,AMIGURUMIS DE CORAZON,pending,,,1,REN24-2301AM0215,RENDICIONES 2024.csv,AMIGURUMIS DE CORAZON,0
2301AM0219,,,,CLUB DE ADULTO MAYOR GANAS DE VIVIR,pending,,,1,REN24-2301AM0219,RENDICIONES 2024.csv,CLUB DE ADULTO MAYOR GANAS DE VIVIR,0
2301AM0220,,,,CLUB ADULTO MAYOR LA EDAD DORADA,pending,,,1,REN24-2301AM0220,RENDICIONES 2024.csv,CLUB ADULTO MAYOR LA EDAD DORADA,0
2301AM0221,,,,GRUPO DEL ADULTO MAYOR LOS COPIHUES,pending,,,1,REN24-2301AM0221,RENDICIONES 2024.csv,GRUPO DEL ADULTO MAYOR LOS COPIHUES,0
2301AM0224,,,,CLUB ADULTO MAYOR SOR TERESA DE CALCUTA RIO VIEJO,pending,,,3,REN24-2301AM0224,RENDICIONES 2024.csv,CLUB ADULTO MAYOR SOR TERESA DE CALCUTA RIO VIEJO,0
2301AM0227,,,,CLUB ADULTO MAYOR SOL NACIENTE,pending,,,1,REN24-2301AM0227,RENDICIONES 2024.csv,CLUB ADULTO MAYOR SOL NACIENTE,0
2301AM0230,,,,CLUB DE ADULTO MAYOR MEMBRILLAR,pending,,,1,REN24-2301AM0230,RENDICIONES 2024.csv,CLUB DE ADULTO MAYOR MEMBRILLAR,0
2301AM0231,,,,GRUPO FOLCLORICO DEL ADULTO MAYOR REMINISCENCIA,pending,,,1,REN24-2301AM0231,RENDICIONES 2024.csv,GRUPO FOLCLORICO DEL ADULTO MAYOR REMINISCENCIA,0
2301AM119,,,,COMITÉ DE ADULTO MAYOR BUENA UNION DE HUACALEMU,pending,,,1,REN24-2301AM119,RENDICIONES 2024.csv,COMITÉ DE ADULTO MAYOR BUENA UNION DE HUACALEMU,0
2301AM124,,,,CAM LA RIBERA DEL ITATA,pending,,,1,REN24-2301AM124,RENDICIONES 2024.csv,CAM LA RIBERA DEL ITATA,0
2301AM136,,,,CLUB ADULTO MAYOR NUEVA ESPERANZA TRABUNCURA,pending,,,1,REN24-2301AM136,RENDICIONES 2024.csv,CLUB ADULTO MAYOR NUEVA ESPERANZA TRABUNCURA,0
2301AM148,,,,CLUB ADULTO MAYOR SAN SEBASTIAN SAN FABIAN,pending,,,1,REN24-2301AM148,RENDICIONES 2024.csv,CLUB ADULTO MAYOR SAN SEBASTIAN SAN FABIAN,0
2301AM156,,,,UNION COMUNAL DE ADULTOS MAYORES DE COELEMU,pending,,,1,REN24-2301AM156,RENDICIONES 2024.csv,UNION COMUNAL DE ADULTOS MAYORES DE COELEMU,0
2301AM178,,,,COMITE ADULTO MAYOR LA ESPERANZA,pending,,,1,REN24-2301AM178,RENDICIONES 2024.csv,COMITE ADULTO MAYOR LA ESPERANZA,0
2301C0027,,,,JUNTA DE VECINOS LOS MAQUIS BAJOS,pending,,,1,REN24-2301C0027,RENDICIONES 2024.csv,JUNTA DE VECINOS LOS MAQUIS BAJOS,0
2301C0031,,,,CENTRO DE PADRES Y APODERADOS ESCUELA ESPECIAL LAS ACACIAS,pending,,,2,REN24-2301C0031,RENDICIONES 2024.csv,CENTRO DE PADRES Y APODERADOS ESCUELA ESPECIAL LAS ACACIAS,0
2301C0032,,,,UNION COMUNAL DE CENTROS DE ARTE Y CULTURA,pending,,,1,REN24-2301C0032,RENDICIONES 2024.csv,UNION COMUNAL DE CENTROS DE ARTE Y CULTURA,0
2301C0034,,,,AGRUPACIÓN COLABORADORES ESCUELA ESPECIAL LAS ACACIAS,pending,,,1,REN24-2301C0034,RENDICIONES 2024.csv,AGRUPACIÓN COLABORADORES ESCUELA ESPECIAL LAS ACACIAS,0
2301C0036,,,,CLUB DE CUECA HERNÁN TRONCOSO,pending,,,1,REN24-2301C0036,RENDICIONES 2024.csv,CLUB DE CUECA HERNÁN TRONCOSO,0
2301C0037,,,,JJVV LA QUEBRADA PACHAGUA,pending,,,4,REN24-2301C0037,RENDICIONES 2024.csv,JJVV LA QUEBRADA PACHAGUA,0
2301C0038,,,,COMITE CAMPESINO CENTRO PUYAMAVIDA,pending,,,2,REN24-2301C0038,RENDICIONES 2024.csv,COMITE CAMPESINO CENTRO PUYAMAVIDA,0
2301C0039,,,,ASOCIACION FUNCIONAL CLUBES DE HUASOS SAN NICOLAS,pending,,,1,REN24-2301C0039,RENDICIONES 2024.csv,ASOCIACION FUNCIONAL CLUBES DE HUASOS SAN NICOLAS,0
2301C004,,,,AGRUPACION SOCIOCULTURAL DE EMPRENDEDORAS Y FERIANTES DE SAN MIGUEL,pending,,,1,REN24-2301C004,RENDICIONES 2024.csv,AGRUPACION SOCIOCULTURAL DE EMPRENDEDORAS Y FERIANTES DE SAN MIGUEL,0
2301C0053,,,,CLUB DE HUASOS EL MAITEN-TALHUAN,pending,,,1,REN24-2301C0053,RENDICIONES 2024.csv,CLUB DE HUASOS EL MAITEN-TALHUAN,0
2301C0057,,,,CENTRO CULTURAL COLECTIVO CASA TALLER AZUL DE CHILLAN,pending,,,1,REN24-2301C0057,RENDICIONES 2024.csv,CENTRO CULTURAL COLECTIVO CASA TALLER AZUL DE CHILLAN,0
2301C0059,,,,AGRUPACIÓN CULTURAL CIRCULO LITERARIO COELEMU,pending,,,2,REN24-2301C0059,RENDICIONES 2024.csv,AGRUPACIÓN CULTURAL CIRCULO LITERARIO COELEMU,0
2301C0061,,,,CAMARA DE TURISMO Y CULTURA DE TREHUACO,pending,,,2,REN24-2301C0061,RENDICIONES 2024.csv,CAMARA DE TURISMO Y CULTURA DE TREHUACO,0
2301C0062,,,,CORPORACION ANALITIKA,pending,,,1,REN24-2301C0062,RENDICIONES 2024.csv,CORPORACION ANALITIKA,0
2301C0065,,,,JJVV AGUA BUENA,pending,,,2,REN24-2301C0065,RENDICIONES 2024.csv,JJVV AGUA BUENA,0
2301C0066,,,,CELEBRACION DIA DEL HUASO,pending,,,1,REN24-2301C0066,RENDICIONES 2024.csv,CELEBRACION DIA DEL HUASO,0
2301C0067,,,,"FUNDACION ARTE, CULTURA EDUCACION Y PATRIMONIO (FACEP)",pending,,,1,REN24-2301C0067,RENDICIONES 2024.csv,"FUNDACION ARTE, CULTURA EDUCACION Y PATRIMONIO (FACEP)",0
2301C0068,,,,CLUB DE HUASOS PUYAMAVIDA,pending,,,3,REN24-2301C0068,RENDICIONES 2024.csv,CLUB DE HUASOS PUYAMAVIDA,0
2301C0069,,,,JJVV MEIPO N11,pending,,,2,REN24-2301C0069,RENDICIONES 2024.csv,JJVV MEIPO N11,0
2301C0070,,,,JUNTA DE VECINOS SANTA ELVIRA,pending,,,1,REN24-2301C0070,RENDICIONES 2024.csv,JUNTA DE VECINOS SANTA ELVIRA,0
2301C0077,,,,CENTRO CULTURAL Y SOCIAL LONCONAO,pending,,,1,REN24-2301C0077,RENDICIONES 2024.csv,CENTRO CULTURAL Y SOCIAL LONCONAO,0
2301C0078,,,,COMITE COORDINADOR CAMPESINO DE PORTEZUELO,pending,,,2,REN24-2301C0078,RENDICIONES 2024.csv,COMITE COORDINADOR CAMPESINO DE PORTEZUELO,0
2301C0080,,,,CORPORACION ALICO,pending,,,1,REN24-2301C0080,RENDICIONES 2024.csv,CORPORACION ALICO,0
2301C0085,,,,CENTRO GENERAL DE PADRES Y APRODERADOS TREHUACO,pending,,,1,REN24-2301C0085,RENDICIONES 2024.csv,CENTRO GENERAL DE PADRES Y APRODERADOS TREHUACO,0
2301C0086,,,,CLUB DE HUASOS RIO LONQUEN DE BUENOS AIRES,pending,,,1,REN24-2301C0086,RENDICIONES 2024.csv,CLUB DE HUASOS RIO LONQUEN DE BUENOS AIRES,0
2301C0091,,,,CLUB DE HUASOS CAMPO BUENO,pending,,,2,REN24-2301C0091,RENDICIONES 2024.csv,CLUB DE HUASOS CAMPO BUENO,0
2301C0092,,,,COMITÉ CAMPESINO SAN FRANCISCO,pending,,,2,REN24-2301C0092,RENDICIONES 2024.csv,COMITÉ CAMPESINO SAN FRANCISCO,0
2301C0093,,,,CENTRO GENERAL DE PADRES Y APODERADOS ESCUELA REINO DE SUECIA,pending,,,2,REN24-2301C0093,RENDICIONES 2024.csv,CENTRO GENERAL DE PADRES Y APODERADOS ESCUELA REINO DE SUECIA,0
2301C0096,,,,AGRUPACIÓN MUSICO CULTURAL HUELLAS,pending,,,1,REN24-2301C0096,RENDICIONES 2024.csv,AGRUPACIÓN MUSICO CULTURAL HUELLAS,0
2301C0097,,,,GRUPO TELAR ÑEREWE,pending,,,1,REN24-2301C0097,RENDICIONES 2024.csv,GRUPO TELAR ÑEREWE,0
2301C00989,,,,JJVV COPIHUAL,pending,,,1,REN24-2301C00989,RENDICIONES 2024.csv,JJVV COPIHUAL,0
2301C010,,,,JJVV GENERAL LAGOS,pending,,,1,REN24-2301C010,RENDICIONES 2024.csv,JJVV GENERAL LAGOS,0
2301C0103,,,,JJVV LO RAMIREZ,pending,,,1,REN24-2301C0103,RENDICIONES 2024.csv,JJVV LO RAMIREZ,0
2301C0107,,,,CONJUNTO FOLCLORICO VOCES DEL ALBA,pending,,,1,REN24-2301C0107,RENDICIONES 2024.csv,CONJUNTO FOLCLORICO VOCES DEL ALBA,0
2301C0109,,,,JJVV PASO SOTO,pending,,,1,REN24-2301C0109,RENDICIONES 2024.csv,JJVV PASO SOTO,0
2301C0112,,,,JUNTA DE VECINOS SAN BERNARDO,pending,,,1,REN24-2301C0112,RENDICIONES 2024.csv,JUNTA DE VECINOS SAN BERNARDO,0
2301C0113,,,,JUNTA DE VECINOS RURAL N°3 TALCAMAVIDA,pending,,,2,REN24-2301C0113,RENDICIONES 2024.csv,JUNTA DE VECINOS RURAL N°3 TALCAMAVIDA,0
2301C0118,,,,CLUB DE HUASOS PUELCHE DE MALALCURA,pending,,,2,REN24-2301C0118,RENDICIONES 2024.csv,CLUB DE HUASOS PUELCHE DE MALALCURA,0
2301C0119,,,,AGRUPACION SOCIAL CUASIMODISTAS PARROQUIA DULCE NOMBRE DE JESUS,pending,,,2,REN24-2301C0119,RENDICIONES 2024.csv,AGRUPACION SOCIAL CUASIMODISTAS PARROQUIA DULCE NOMBRE DE JESUS,0
2301C0123,,,,AGRUPACION FOLKLORICA CANTARES DE YUNGAY,pending,,,1,REN24-2301C0123,RENDICIONES 2024.csv,AGRUPACION FOLKLORICA CANTARES DE YUNGAY,0
2301C0126,,,,JJVV ÑIQUEN ESTACIÓN,pending,,,2,REN24-2301C0126,RENDICIONES 2024.csv,JJVV ÑIQUEN ESTACIÓN,0
2301C0127,,,,ASOCIACION INDIGENA PETU MONGELEIÑ,pending,,,2,REN24-2301C0127,RENDICIONES 2024.csv,ASOCIACION INDIGENA PETU MONGELEIÑ,0
2301C0128,,,,CONJUNTO FOLCLORICO VOCES CORDILLERANAS SAN FABIAN,pending,,,2,REN24-2301C0128,RENDICIONES 2024.csv,CONJUNTO FOLCLORICO VOCES CORDILLERANAS SAN FABIAN,0
2301C0129,,,,BALLET FOLKLORICO INFANTIL COIHUECO,pending,,,2,REN24-2301C0129,RENDICIONES 2024.csv,BALLET FOLKLORICO INFANTIL COIHUECO,0
2301C0131,,,,JUNTA DE VECINOS RURAL N 6 LOS REMATES,pending,,,2,REN24-2301C0131,RENDICIONES 2024.csv,JUNTA DE VECINOS RURAL N 6 LOS REMATES,0
2301C0138,,,,CLUB DE HUASOS CHILENOS SANTA RITA,pending,,,2,REN24-2301C0138,RENDICIONES 2024.csv,CLUB DE HUASOS CHILENOS SANTA RITA,0
2301C0140,,,,"CLUB SOCIAL, CULTURAL Y DEPORTIVO DEL RODEO CHILENO ARTURO PRAT DE NINHUE.",pending,,,1,RENX-2301C0140,RENDICIONES FNDR Y ADNC.csv,"CLUB SOCIAL, CULTURAL Y DEPORTIVO DEL RODEO CHILENO ARTURO PRAT DE NINHUE.",0
2301C0141,,,,JJVV N4 LA VICTORIA,pending,,,1,REN24-2301C0141,RENDICIONES 2024.csv,JJVV N4 LA VICTORIA,0
2301C0142,,,,CENTRO DE PADRES Y APODERADOS TALHUAN.,pending,,,1,RENX-2301C0142,RENDICIONES FNDR Y ADNC.csv,CENTRO DE PADRES Y APODERADOS TALHUAN.,0
2301C0143,,,,CENTRO DE PADRES Y APODERADOS ESCUELA F-172,pending,,,1,REN24-2301C0143,RENDICIONES 2024.csv,CENTRO DE PADRES Y APODERADOS ESCUELA F-172,0
2301C015,,,,CENTRO CULTURAL AYEKAM DE ALICO,pending,,,1,REN24-2301C015,RENDICIONES 2024.csv,CENTRO CULTURAL AYEKAM DE ALICO,0
2301C0151,,,,CENTRO DE PADRES Y APODERADOS ESCUELA D-99 DIEGO PORTALEZ PALAZUELOS,pending,,,1,REN24-2301C0151,RENDICIONES 2024.csv,CENTRO DE PADRES Y APODERADOS ESCUELA D-99 DIEGO PORTALEZ PALAZUELOS,0
2301C0154,,,,"AGRUPACION SOCIAL, CULTURAQL, EDUCATIVA Y DEPORTIVA ""FUERZA JOVEN",pending,,,1,REN24-2301C0154,RENDICIONES 2024.csv,"AGRUPACION SOCIAL, CULTURAQL, EDUCATIVA Y DEPORTIVA ""FUERZA JOVEN",0
2301C0155,,,,AGRUPACION FOLCLORICA ANDALICAN,pending,,,1,REN24-2301C0155,RENDICIONES 2024.csv,AGRUPACION FOLCLORICA ANDALICAN,0
2301C0157,,,,COMITE DE APICULTORES DE COELEMU,pending,,,1,REN24-2301C0157,RENDICIONES 2024.csv,COMITE DE APICULTORES DE COELEMU,0
2301C0162,,,,ASOCIACION INDIGENA MAPUCHE MAPU TRAFUN,pending,,,1,REN24-2301C0162,RENDICIONES 2024.csv,ASOCIACION INDIGENA MAPUCHE MAPU TRAFUN,0
2301C0163,,,,AGRUPACION CULTURAL CON MANOS DE MUJER,pending,,,2,REN24-2301C0163,RENDICIONES 2024.csv,AGRUPACION CULTURAL CON MANOS DE MUJER,0
2301C0164,,,,AGRUPACION FOLCLORICA BROTES DE ÑUBLE,pending,,,2,REN24-2301C0164,RENDICIONES 2024.csv,AGRUPACION FOLCLORICA BROTES DE ÑUBLE,0
2301C0165,,,,CLUB DE HUASO LAS CAMELIAS EL RINCON,pending,,,1,REN24-2301C0165,RENDICIONES 2024.csv,CLUB DE HUASO LAS CAMELIAS EL RINCON,0
2301C0167,,,,CENTRO GENERAL DE PADRES Y APODERADOS ESCUELA GENERAL DOMINGO URRUTIA,pending,,,1,REN24-2301C0167,RENDICIONES 2024.csv,CENTRO GENERAL DE PADRES Y APODERADOS ESCUELA GENERAL DOMINGO URRUTIA,0
2301C0170,,,,"JJVV N3 SAN MIGUEL, COMUNA DE SAN IGNACIO",pending,,,1,REN24-2301C0170,RENDICIONES 2024.csv,"JJVV N3 SAN MIGUEL, COMUNA DE SAN IGNACIO",0
2301C0171,,,,AGRUPACION DEPORTIVA SOCIAL Y CULTURAL K-DANCE ÑUBLE,pending,,,2,REN24-2301C0171,RENDICIONES 2024.csv,AGRUPACION DEPORTIVA SOCIAL Y CULTURAL K-DANCE ÑUBLE,0
2301C0179,,,,CENTRO DE PADRES Y APODERADOS ESCUELA MONTE BLANCO,pending,,,1,REN24-2301C0179,RENDICIONES 2024.csv,CENTRO DE PADRES Y APODERADOS ESCUELA MONTE BLANCO,0
2301C0180,,,,CENTRO CULTURAL AMIGOS DE LA ORQUESTA SAGRADO CORAZON,pending,,,2,REN24-2301C0180,RENDICIONES 2024.csv,CENTRO CULTURAL AMIGOS DE LA ORQUESTA SAGRADO CORAZON,0
2301C0182,,,,JJVV LARQUI PONIENTE 9-R,pending,,,2,REN24-2301C0182,RENDICIONES 2024.csv,JJVV LARQUI PONIENTE 9-R,0
2301C0183,,,,CONJUNTO FOLCLORICO PILLMAIKEN DE CHILLAN,pending,,,1,REN24-2301C0183,RENDICIONES 2024.csv,CONJUNTO FOLCLORICO PILLMAIKEN DE CHILLAN,0
2301C0184,,,,JJVV EL LUCERO,pending,,,1,REN24-2301C0184,RENDICIONES 2024.csv,JJVV EL LUCERO,0
2301C0185,,,,CENTRO GENERAL DE PADRES Y APODERADOS COLEGIO POLITECNICO VICTOR JARA,pending,,,2,REN24-2301C0185,RENDICIONES 2024.csv,CENTRO GENERAL DE PADRES Y APODERADOS COLEGIO POLITECNICO VICTOR JARA,0
2301C0192,,,,CENTRO CULTURAL TIERRA Y CANTO,pending,,,2,REN24-2301C0192,RENDICIONES 2024.csv,CENTRO CULTURAL TIERRA Y CANTO,0
2301C0198,,,,ASOCIACION MULTICULTURAL QUILLON,pending,,,1,REN24-2301C0198,RENDICIONES 2024.csv,ASOCIACION MULTICULTURAL QUILLON,0
2301C0200,,,,CENTRO GENERAL DE PADRES INSTITUTO SANTA MARIA CHILLAN,pending,,,1,REN24-2301C0200,RENDICIONES 2024.csv,CENTRO GENERAL DE PADRES INSTITUTO SANTA MARIA CHILLAN,0
2301C0201,,,,CLUB CULTURAL Y DEPORTIVO ARTURO PRAT CHACON,pending,,,1,REN24-2301C0201,RENDICIONES 2024.csv,CLUB CULTURAL Y DEPORTIVO ARTURO PRAT CHACON,0
2301C0210,,,,CENTRO DE PADRES Y APODERADOS JARDIN INFANTIL EL CONEJIN,pending,,,1,REN24-2301C0210,RENDICIONES 2024.csv,CENTRO DE PADRES Y APODERADOS JARDIN INFANTIL EL CONEJIN,0
2301CO138,,,,CLUB DE HUASOS SANTA RITA,pending,,,1,REN24-2301CO138,RENDICIONES 2024.csv,CLUB DE HUASOS SANTA RITA,0
2301CO157,,,,COMITÉ DE APICULTORES DE COELEMU,pending,,,1,REN24-2301CO157,RENDICIONES 2024.csv,COMITÉ DE APICULTORES DE COELEMU,0
2301D0002,,,,CLUB DEPORTIVO COBRELOA CHILLAN VIEJO,pending,,,1,REN24-2301D0002,RENDICIONES 2024.csv,CLUB DEPORTIVO COBRELOA CHILLAN VIEJO,0
2301D0006,,,,ESCUELA FUTBOL SOCIAL CULTURAL Y DEPORTIVA LAJUELA,pending,,,1,REN24-2301D0006,RENDICIONES 2024.csv,ESCUELA FUTBOL SOCIAL CULTURAL Y DEPORTIVA LAJUELA,0
2301D0008,,,,CLUB DEPORTIVO AURA FITNESS.,pending,,,1,REN24-2301D0008,RENDICIONES 2024.csv,CLUB DEPORTIVO AURA FITNESS.,0
2301D0009,,,,CLUB DEPORTIVO DRAGONES BLANCOS DE CHILLAN.,pending,,,1,REN24-2301D0009,RENDICIONES 2024.csv,CLUB DEPORTIVO DRAGONES BLANCOS DE CHILLAN.,0
2301D0011,,,,CLUB DEPORTIVO EL SAUCE,pending,,,2,REN24-2301D0011,RENDICIONES 2024.csv,CLUB DEPORTIVO EL SAUCE,0
2301D0012,,,,GRUPO DEPORTIVO FEMENINO LAS PALOMITAS,pending,,,1,REN24-2301D0012,RENDICIONES 2024.csv,GRUPO DEPORTIVO FEMENINO LAS PALOMITAS,0
2301D0013,,,,CLUB DEPORTIVO LA MARAVILLA,pending,,,1,REN24-2301D0013,RENDICIONES 2024.csv,CLUB DEPORTIVO LA MARAVILLA,0
2301D0014,,,,ASOCIACION DEPOPRTIVA LOCAL DE TAEKWONDO ÑUBLE REGION,pending,,,1,REN24-2301D0014,RENDICIONES 2024.csv,ASOCIACION DEPOPRTIVA LOCAL DE TAEKWONDO ÑUBLE REGION,0
2301D0015,,,,CLUB DEPORTIVO TAEKWONDO PANTERAS NEGRAS DE CHILLÁN,pending,,,1,REN24-2301D0015,RENDICIONES 2024.csv,CLUB DEPORTIVO TAEKWONDO PANTERAS NEGRAS DE CHILLÁN,0
2301D0016,,,,CLUB DEPORTIVO SAN CAMILO,pending,,,1,REN24-2301D0016,RENDICIONES 2024.csv,CLUB DEPORTIVO SAN CAMILO,0
2301D0017,,,,CLUB DEPORTIVO SAN PABLO,pending,,,2,REN24-2301D0017,RENDICIONES 2024.csv,CLUB DEPORTIVO SAN PABLO,0
2301D0018,,,,CLUB DEPORTIVO SOCIAL Y CULTURAL COMERCIO DE BULNES.,pending,,,5,REN24-2301D0018,RENDICIONES 2024.csv,CLUB DEPORTIVO SOCIAL Y CULTURAL COMERCIO DE BULNES.,0
2301D0023,,,,CLUB DEPORTIVO COLO COLO SAN NICOLAS,pending,,,1,REN24-2301D0023,RENDICIONES 2024.csv,CLUB DEPORTIVO COLO COLO SAN NICOLAS,0
2301D0026,,,,LIGA ANDABA OHIGGINS CH. VIEJO,pending,,,1,REN24-2301D0026,RENDICIONES 2024.csv,LIGA ANDABA OHIGGINS CH. VIEJO,0
2301D0030,,,,CLUB CUMBRES SUR.,pending,,,4,REN24-2301D0030,RENDICIONES 2024.csv,CLUB CUMBRES SUR.,0
2301D0031,,,,CLUB DEPORTIVO AROMOS DE PICHINAL,pending,,,2,REN24-2301D0031,RENDICIONES 2024.csv,CLUB DEPORTIVO AROMOS DE PICHINAL,0
2301D0032,,,,CLUB DEPORTIVO FC REAL BRISAS,pending,,,1,REN24-2301D0032,RENDICIONES 2024.csv,CLUB DEPORTIVO FC REAL BRISAS,0
2301D0034,,,,UNION COMUNAL DE FUTBOL NINHUE,pending,,,2,REN24-2301D0034,RENDICIONES 2024.csv,UNION COMUNAL DE FUTBOL NINHUE,0
2301D0035,,,,CLUB DEPORTIVO PAREDONES,pending,,,1,REN24-2301D0035,RENDICIONES 2024.csv,CLUB DEPORTIVO PAREDONES,0
2301D0040,,,,CLUB DEPORTIVO FEMENINO LAS AGUILAS DE PINTO.,pending,,,1,REN24-2301D0040,RENDICIONES 2024.csv,CLUB DEPORTIVO FEMENINO LAS AGUILAS DE PINTO.,0
2301D0043,,,,CLUB DE RODEO EMILIO DURAN FERNANDEZ,pending,,,1,REN24-2301D0043,RENDICIONES 2024.csv,CLUB DE RODEO EMILIO DURAN FERNANDEZ,0
2301D0044,,,,CLUB DEPORTIVO MILAGRO,pending,,,1,REN24-2301D0044,RENDICIONES 2024.csv,CLUB DEPORTIVO MILAGRO,0
2301D0045,,,,CLUB DEPORTIVO LOS MAYOS,pending,,,2,REN24-2301D0045,RENDICIONES 2024.csv,CLUB DEPORTIVO LOS MAYOS,0
2301D0046,,,,CLUB DEPORTIVO DRAGONES BLANCOS KIDS,pending,,,1,REN24-2301D0046,RENDICIONES 2024.csv,CLUB DEPORTIVO DRAGONES BLANCOS KIDS,0
2301D0047,,,,ASOCIACION DE FUTBOL RURAL SANTA CLARA,pending,,,2,REN24-2301D0047,RENDICIONES 2024.csv,ASOCIACION DE FUTBOL RURAL SANTA CLARA,0
2301D0048,,,,ASOCIACION REGIONAL DE FUTBOL AMATEUR ÑUBLE.,pending,,,1,REN24-2301D0048,RENDICIONES 2024.csv,ASOCIACION REGIONAL DE FUTBOL AMATEUR ÑUBLE.,0
2301D0049,,,,CLUB DEPORTIVO ARTURO PRAT DE NINHUE,pending,,,2,REN24-2301D0049,RENDICIONES 2024.csv,CLUB DEPORTIVO ARTURO PRAT DE NINHUE,0
2301D0050,,,,CLUB DEPORTIVO SAN LUIS DE ARIZONA,pending,,,3,REN24-2301D0050,RENDICIONES 2024.csv,CLUB DEPORTIVO SAN LUIS DE ARIZONA,0
2301D0053,,,,CLUB ATLETICO TRES RUNNERS.,pending,,,1,REN24-2301D0053,RENDICIONES 2024.csv,CLUB ATLETICO TRES RUNNERS.,0
2301D0054,,,,CLUB DEPORTIVO DE TAEKWONDO ESPIRITU INDOMABLE DE CHILLAN,pending,,,1,REN24-2301D0054,RENDICIONES 2024.csv,CLUB DEPORTIVO DE TAEKWONDO ESPIRITU INDOMABLE DE CHILLAN,0
2301D0058,,,,CONSEJO DE DESARROLLO LOCAL POSTA LOS REMATES.,pending,,,1,REN24-2301D0058,RENDICIONES 2024.csv,CONSEJO DE DESARROLLO LOCAL POSTA LOS REMATES.,0
2301D0060,,,,CLUB DEPORTIVO BERNARDO OLALDE,pending,,,2,REN24-2301D0060,RENDICIONES 2024.csv,CLUB DEPORTIVO BERNARDO OLALDE,0
2301D0063,,,,CLUB DEPORTIVO SAN MIGUEL,pending,,,2,REN24-2301D0063,RENDICIONES 2024.csv,CLUB DEPORTIVO SAN MIGUEL,0
2301D0064,,,,CLUUB DEPORTIVO COPIHUAL,pending,,,2,REN24-2301D0064,RENDICIONES 2024.csv,CLUUB DEPORTIVO COPIHUAL,0
2301D0065,,,,CLUB DEPORTIVO LA MONTAÑA.,pending,,,2,REN24-2301D0065,RENDICIONES 2024.csv,CLUB DEPORTIVO LA MONTAÑA.,0
2301D0066,,,,CLUB DEPORTIVO BUSTAMANTE.,pending,,,1,REN24-2301D0066,RENDICIONES 2024.csv,CLUB DEPORTIVO BUSTAMANTE.,0
2301D0067,,,,CLUB DEPORTIVO RENACER LOS HEROES,pending,,,2,REN24-2301D0067,RENDICIONES 2024.csv,CLUB DEPORTIVO RENACER LOS HEROES,0
2301D0068,,,,CLUB DEPORTIVO SOCIAL COIHUECO,pending,,,2,REN24-2301D0068,RENDICIONES 2024.csv,CLUB DEPORTIVO SOCIAL COIHUECO,0
2301D0069,,,,CENTRO GENERAL DE PADRES Y APODERADOS ESCUELA GUARDIAMARINA ERNESTO RIQUELME V. MINAS DEL PRADO,pending,,,1,REN24-2301D0069,RENDICIONES 2024.csv,CENTRO GENERAL DE PADRES Y APODERADOS ESCUELA GUARDIAMARINA ERNESTO RIQUELME V. MINAS DEL PRADO,0
2301D0071,,,,CLUB DEPORTIVO 21 DE MAYO SECTOR EL RINCON.,pending,,,1,REN24-2301D0071,RENDICIONES 2024.csv,CLUB DEPORTIVO 21 DE MAYO SECTOR EL RINCON.,0
2301D0073,,,,CLUB DEPORTIVO TORRECILLA,pending,,,1,REN24-2301D0073,RENDICIONES 2024.csv,CLUB DEPORTIVO TORRECILLA,0
2301D0074,,,,CUERPO DE ÁRBITROS NUEVA IMAGEN DE CHILLÁN.,pending,,,1,REN24-2301D0074,RENDICIONES 2024.csv,CUERPO DE ÁRBITROS NUEVA IMAGEN DE CHILLÁN.,0
2301D0075,,,,CLUB DEPORTIVO ENRIQUE TRABUCO,pending,,,1,REN24-2301D0075,RENDICIONES 2024.csv,CLUB DEPORTIVO ENRIQUE TRABUCO,0
2301D0077,,,,CLUB DEPORTIVO UNION JUVENTUD,pending,,,2,REN24-2301D0077,RENDICIONES 2024.csv,CLUB DEPORTIVO UNION JUVENTUD,0
2301D0078,,,,CLUB DE DEPORTES UNION,pending,,,4,REN24-2301D0078,RENDICIONES 2024.csv,CLUB DE DEPORTES UNION,0
2301D008,,,,CLUB DEPORTIVO AURA FITNESS,pending,,,1,REN24-2301D008,RENDICIONES 2024.csv,CLUB DEPORTIVO AURA FITNESS,0
2301D0080,,,,CLUB DEPORTIVO EL ESFUERZO DE QUINQUEHUA,pending,,,2,REN24-2301D0080,RENDICIONES 2024.csv,CLUB DEPORTIVO EL ESFUERZO DE QUINQUEHUA,0
2301D0081,,,,CLUB DEPORTIVO REAL CONTACT,pending,,,1,REN24-2301D0081,RENDICIONES 2024.csv,CLUB DEPORTIVO REAL CONTACT,0
2301D0083,,,,CLUB DEPORTIVO LICEO DE PEMUCO,pending,,,1,REN24-2301D0083,RENDICIONES 2024.csv,CLUB DEPORTIVO LICEO DE PEMUCO,0
2301D0087,,,,CLUB DEPORTIVO TRIATLÓN QUILLÓN.,pending,,,1,REN24-2301D0087,RENDICIONES 2024.csv,CLUB DEPORTIVO TRIATLÓN QUILLÓN.,0
2301D0088,,,,CLUB DEPORTIVO REAL UNIDO,pending,,,1,REN24-2301D0088,RENDICIONES 2024.csv,CLUB DEPORTIVO REAL UNIDO,0
2301D0091,,,,UNION COMUNAL DE CLUBES DEPORTIVOS DE PEMUCO,pending,,,1,REN24-2301D0091,RENDICIONES 2024.csv,UNION COMUNAL DE CLUBES DEPORTIVOS DE PEMUCO,0
2301D0092,,,,CLUB DE BASQUETBALL CHILLAN VIEJO.,pending,,,2,REN24-2301D0092,RENDICIONES 2024.csv,CLUB DE BASQUETBALL CHILLAN VIEJO.,0
2301D0093,,,,CLUB DEPORTIVO SAN LUIS  DE CHILLAN,pending,,,2,REN24-2301D0093,RENDICIONES 2024.csv,CLUB DEPORTIVO SAN LUIS  DE CHILLAN,0
2301D0095,,,,CLUB DEPORTIVO DE AJEDREZ SAN NICOLAS,pending,,,2,REN24-2301D0095,RENDICIONES 2024.csv,CLUB DEPORTIVO DE AJEDREZ SAN NICOLAS,0
2301D0097,,,,CLUB DEPORTIVO CHACAY,pending,,,2,REN24-2301D0097,RENDICIONES 2024.csv,CLUB DEPORTIVO CHACAY,0
2301D0101,,,,CLUB DEPORTIVO EL SAUCE,pending,,,1,REN24-2301D0101,RENDICIONES 2024.csv,CLUB DEPORTIVO EL SAUCE,0
2301D0102,,,,ASOCIACION LOCAL DE FUTBOL EL CARMEN.,pending,,,1,REN24-2301D0102,RENDICIONES 2024.csv,ASOCIACION LOCAL DE FUTBOL EL CARMEN.,0
2301D0104,,,,CLUB DEPORTIVO SAN MARTIN,pending,,,1,REN24-2301D0104,RENDICIONES 2024.csv,CLUB DEPORTIVO SAN MARTIN,0
2301D0105,,,,JJVV ALTOS DE COIHUECO,pending,,,2,REN24-2301D0105,RENDICIONES 2024.csv,JJVV ALTOS DE COIHUECO,0
2301D0106,,,,CDSC BASQUETBOL COELEMU,pending,,,1,REN24-2301D0106,RENDICIONES 2024.csv,CDSC BASQUETBOL COELEMU,0
2301D0107,,,,JUNTA DE VECINOS TALQUIPEN CENTRAL,pending,,,1,REN24-2301D0107,RENDICIONES 2024.csv,JUNTA DE VECINOS TALQUIPEN CENTRAL,0
2301D0108,,,,CLUB DEPORTIVO CATÓLICA DE TEMUCO,pending,,,2,REN24-2301D0108,RENDICIONES 2024.csv,CLUB DEPORTIVO CATÓLICA DE TEMUCO,0
2301D0109,,,,CLUB DEPORTIVO SAN MARTIN,pending,,,1,REN24-2301D0109,RENDICIONES 2024.csv,CLUB DEPORTIVO SAN MARTIN,0
2301D0112,,,,CLUB DEPORTIVO LA UNION DE YUNGAY,pending,,,2,REN24-2301D0112,RENDICIONES 2024.csv,CLUB DEPORTIVO LA UNION DE YUNGAY,0
2301D0114,,,,CLUB DEPORTIVO SANTIAGO DE BULI,pending,,,1,REN24-2301D0114,RENDICIONES 2024.csv,CLUB DEPORTIVO SANTIAGO DE BULI,0
2301D0115,,,,CLUB DE SURF BUCHUPUREO,pending,,,2,REN24-2301D0115,RENDICIONES 2024.csv,CLUB DE SURF BUCHUPUREO,0
2301D0116,,,,ASOCIACION DE FUTBOL RURAL CORDILLERA DE CHILLAN,pending,,,2,REN24-2301D0116,RENDICIONES 2024.csv,ASOCIACION DE FUTBOL RURAL CORDILLERA DE CHILLAN,0
2301D0117,,,,CLUB DEPORTIVO EL MOLINO,pending,,,2,REN24-2301D0117,RENDICIONES 2024.csv,CLUB DEPORTIVO EL MOLINO,0
2301D0118,,,,CLUB DEPORTIVO BOCA ITATA AZUL,pending,,,2,REN24-2301D0118,RENDICIONES 2024.csv,CLUB DEPORTIVO BOCA ITATA AZUL,0
2301D0120,,,,CLUB DEPORTIVO HERNAN BRAÑAS,pending,,,2,REN24-2301D0120,RENDICIONES 2024.csv,CLUB DEPORTIVO HERNAN BRAÑAS,0
2301D0121,,,,CLUB BICICROSS CHILLAN,pending,,,1,REN24-2301D0121,RENDICIONES 2024.csv,CLUB BICICROSS CHILLAN,0
2301D0123,,,,CLUB DEPORTIVO SOCIAL Y CULTURAL TAEKWONDO DRAGONES BLANCOS SUR,pending,,,1,REN24-2301D0123,RENDICIONES 2024.csv,CLUB DEPORTIVO SOCIAL Y CULTURAL TAEKWONDO DRAGONES BLANCOS SUR,0
2301D0124,,,,CLUB DEPORTIVO SOCIAL Y CULTURAL EL ORATORIO,pending,,,1,REN24-2301D0124,RENDICIONES 2024.csv,CLUB DEPORTIVO SOCIAL Y CULTURAL EL ORATORIO,0
2301D0126,,,,CLUB DEPORTIVO DAVID ARELLANO,pending,,,1,REN24-2301D0126,RENDICIONES 2024.csv,CLUB DEPORTIVO DAVID ARELLANO,0
2301D0128,,,,CLUB DEPORTIVO CULTURAL Y SOCIAL ANTÜ.,pending,,,1,REN24-2301D0128,RENDICIONES 2024.csv,CLUB DEPORTIVO CULTURAL Y SOCIAL ANTÜ.,0
2301D0129,,,,CLUB DEPORTIVO SANTA AMELIA,pending,,,3,REN24-2301D0129,RENDICIONES 2024.csv,CLUB DEPORTIVO SANTA AMELIA,0
2301D0131,,,,"CLUB DE CAZA, PESCA Y TIRO AL VUELO ÑUBLE",pending,,,1,RENX-2301D0131,RENDICIONES FNDR Y ADNC.csv,"CLUB DE CAZA, PESCA Y TIRO AL VUELO ÑUBLE",0
2301D0132,,,,CLUB MILON DE CROTONA UBB,pending,,,1,REN24-2301D0132,RENDICIONES 2024.csv,CLUB MILON DE CROTONA UBB,0
2301D0136,,,,CLUB DEPORTIVO AEROBICAS LAS VENCEDORAS,pending,,,2,REN24-2301D0136,RENDICIONES 2024.csv,CLUB DEPORTIVO AEROBICAS LAS VENCEDORAS,0
2301D0140,,,,"JUNTA DE VECINOS N°20 A, LUIS CRUZ MARTINEZ",pending,,,2,REN24-2301D0140,RENDICIONES 2024.csv,"JUNTA DE VECINOS N°20 A, LUIS CRUZ MARTINEZ",0
2301D0142,,,,CLUB DEPORTIVO Y CULTURAL SAN EDUARDO,pending,,,1,REN24-2301D0142,RENDICIONES 2024.csv,CLUB DEPORTIVO Y CULTURAL SAN EDUARDO,0
2301D0144,,,,CLUB DEPORTIVO SANTIAGO DE BULI,pending,,,2,REN24-2301D0144,RENDICIONES 2024.csv,CLUB DEPORTIVO SANTIAGO DE BULI,0
2301D0147,,,,UNION COMUNAL DE CLUBES DEPORTIVOS SAN NICOLAS,pending,,,1,REN24-2301D0147,RENDICIONES 2024.csv,UNION COMUNAL DE CLUBES DEPORTIVOS SAN NICOLAS,0
2301D0148,,,,CLUB DEPORTIVO CACHAPOAL,pending,,,1,REN24-2301D0148,RENDICIONES 2024.csv,CLUB DEPORTIVO CACHAPOAL,0
2301D0154,,,,CLUB DEPORTIVO SOCIAL Y CULTURAL ESTADIO,pending,,,1,REN24-2301D0154,RENDICIONES 2024.csv,CLUB DEPORTIVO SOCIAL Y CULTURAL ESTADIO,0
2301D0155,,,,CLUB DEPORTIVO SOCIAL Y CULTURAL TAEKWONDO KIMS ÑUBLE,pending,,,1,REN24-2301D0155,RENDICIONES 2024.csv,CLUB DEPORTIVO SOCIAL Y CULTURAL TAEKWONDO KIMS ÑUBLE,0
2301D0158,,,,ESCUELA DE FÚTBOL FUTUROS CRACKS.,pending,,,1,REN24-2301D0158,RENDICIONES 2024.csv,ESCUELA DE FÚTBOL FUTUROS CRACKS.,0
2301D0160,,,,CLUB DEPORTIVO HOCKEY TORNADO CHILLAN,pending,,,2,REN24-2301D0160,RENDICIONES 2024.csv,CLUB DEPORTIVO HOCKEY TORNADO CHILLAN,0
2301D0163,,,,CLUB DE TENIS DE MESA UNIVERSIDAD DEL BIO BIO.,pending,,,2,REN24-2301D0163,RENDICIONES 2024.csv,CLUB DE TENIS DE MESA UNIVERSIDAD DEL BIO BIO.,0
2301D0164,,,,AGRUPACION DEPORTES COELEMU,pending,,,2,REN24-2301D0164,RENDICIONES 2024.csv,AGRUPACION DEPORTES COELEMU,0
2301D0167,,,,CLUB DEPORTIVO SOCIAL Y CULTURAL AQUAMASTER.,pending,,,1,REN24-2301D0167,RENDICIONES 2024.csv,CLUB DEPORTIVO SOCIAL Y CULTURAL AQUAMASTER.,0
2301D0169,,,,CLUB DEPORTIVO SAN MIGUEL CENTRAL,pending,,,2,REN24-2301D0169,RENDICIONES 2024.csv,CLUB DEPORTIVO SAN MIGUEL CENTRAL,0
2301D0171,,,,CLUB DEPORTIVO RENACER BUREO BAJO,pending,,,1,REN24-2301D0171,RENDICIONES 2024.csv,CLUB DEPORTIVO RENACER BUREO BAJO,0
2301D0175,,,,CLUB DEPORTIVO GRADO VOCACIONAL,pending,,,1,REN24-2301D0175,RENDICIONES 2024.csv,CLUB DEPORTIVO GRADO VOCACIONAL,0
2301D0177,,,,ESCUELA DE FUTBOL GENERAL CRUZ,pending,,,2,REN24-2301D0177,RENDICIONES 2024.csv,ESCUELA DE FUTBOL GENERAL CRUZ,0
2301D0178,,,,CLUB DEPORTIVO ESTRELLA DE LA COSTA,pending,,,1,REN24-2301D0178,RENDICIONES 2024.csv,CLUB DEPORTIVO ESTRELLA DE LA COSTA,0
2301D0179,,,,CLUB DEPORTIVO EL PLAYA,pending,,,2,REN24-2301D0179,RENDICIONES 2024.csv,CLUB DEPORTIVO EL PLAYA,0
2301D0183,,,,CLUB DEPORTIVO NACIONAL DE CATO,pending,,,2,REN24-2301D0183,RENDICIONES 2024.csv,CLUB DEPORTIVO NACIONAL DE CATO,0
2301D0184,,,,CLUB DEPORTIVO SELVA NEGRA,pending,,,2,REN24-2301D0184,RENDICIONES 2024.csv,CLUB DEPORTIVO SELVA NEGRA,0
2301D0186,,,,CLUB DEPORTIVO MAXIBASQUETBOL,pending,,,2,REN24-2301D0186,RENDICIONES 2024.csv,CLUB DEPORTIVO MAXIBASQUETBOL,0
2301D0189,,,,COMITE DE AGUA POTABLE LOS AROMOS,pending,,,1,REN24-2301D0189,RENDICIONES 2024.csv,COMITE DE AGUA POTABLE LOS AROMOS,0
2301D0191,,,,CLUB DEPORTIVO Y CULTURAL AMANERCER DE MONTAÑA,pending,,,2,REN24-2301D0191,RENDICIONES 2024.csv,CLUB DEPORTIVO Y CULTURAL AMANERCER DE MONTAÑA,0
2301D0192,,,,CLUB DEPORTIVO CONDOR,pending,,,1,REN24-2301D0192,RENDICIONES 2024.csv,CLUB DEPORTIVO CONDOR,0
2301D0193,,,,CLUB DEPORTIVO HUACAMALA.,pending,,,2,REN24-2301D0193,RENDICIONES 2024.csv,CLUB DEPORTIVO HUACAMALA.,0
2301D0195,,,,CLUB DEPORTIVO SANTA LAURA,pending,,,1,REN24-2301D0195,RENDICIONES 2024.csv,CLUB DEPORTIVO SANTA LAURA,0
2301D0196,,,,CLUB DEPORTIVO SAN ANTONIO DE CATO,pending,,,2,REN24-2301D0196,RENDICIONES 2024.csv,CLUB DEPORTIVO SAN ANTONIO DE CATO,0
2301D0197,,,,ASOCIACION DE RAYUELA DE CHILLAN,pending,,,1,REN24-2301D0197,RENDICIONES 2024.csv,ASOCIACION DE RAYUELA DE CHILLAN,0
2301D0201,,,,CLUB DEPORTIVO ATLANTA,pending,,,2,REN24-2301D0201,RENDICIONES 2024.csv,CLUB DEPORTIVO ATLANTA,0
2301D0202,,,,CLUB DEPORTIVO LOS AROMOS,pending,,,2,REN24-2301D0202,RENDICIONES 2024.csv,CLUB DEPORTIVO LOS AROMOS,0
2301D0205,,,,CLUB DEPORTIVO ÑUBLE RIVER,pending,,,1,REN24-2301D0205,RENDICIONES 2024.csv,CLUB DEPORTIVO ÑUBLE RIVER,0
2301D0208,,,,CLUB DEPORTIVO ESCOLAR INSAMACH.,pending,,,2,REN24-2301D0208,RENDICIONES 2024.csv,CLUB DEPORTIVO ESCOLAR INSAMACH.,0
2301D0211,,,,CLUB DEPORTIVO UNION SANTA INES,pending,,,1,REN24-2301D0211,RENDICIONES 2024.csv,CLUB DEPORTIVO UNION SANTA INES,0
2301D0213,,,,ASOCIACION DE FUTBOL VECINAL,pending,,,1,REN24-2301D0213,RENDICIONES 2024.csv,ASOCIACION DE FUTBOL VECINAL,0
2301D0218,,,,CLUB DEPORTIVO RENACER.,pending,,,1,REN24-2301D0218,RENDICIONES 2024.csv,CLUB DEPORTIVO RENACER.,0
2301D0219,,,,ESCUELA DE FUTBOL LOS PUMAS,pending,,,3,REN24-2301D0219,RENDICIONES 2024.csv,ESCUELA DE FUTBOL LOS PUMAS,0
2301D0221,,,,ASOCIACION DE FUTBOL QUILLON,pending,,,1,REN24-2301D0221,RENDICIONES 2024.csv,ASOCIACION DE FUTBOL QUILLON,0
2301D0222,,,,CLUB DEPORTIVO Y SOCIAL LIBERTAD,pending,,,2,REN24-2301D0222,RENDICIONES 2024.csv,CLUB DEPORTIVO Y SOCIAL LIBERTAD,0
2301D0225,,,,CENTRO DE PADRES Y APODERADOS JARDIN INFANTIL Y SALA CUNA RAYITO DE SOL,pending,,,1,REN24-2301D0225,RENDICIONES 2024.csv,CENTRO DE PADRES Y APODERADOS JARDIN INFANTIL Y SALA CUNA RAYITO DE SOL,0
2301D0227,,,,"CLUB DEPORTIVO, SOCIAL, CULTURAL Y AMBIENTAL SANFITNESS.",pending,,,1,REN24-2301D0227,RENDICIONES 2024.csv,"CLUB DEPORTIVO, SOCIAL, CULTURAL Y AMBIENTAL SANFITNESS.",0
2301D0230,,,,CLUB DEPORTIVO EL EMBALSE,pending,,,1,REN24-2301D0230,RENDICIONES 2024.csv,CLUB DEPORTIVO EL EMBALSE,0
2301D0231,,,,CLUB DEPORTIVO CORDILLERA,pending,,,3,REN24-2301D0231,RENDICIONES 2024.csv,CLUB DEPORTIVO CORDILLERA,0
2301D0232,,,,CLUB DEPORTIVO SOCIAL Y CULTURAL PASION FEMENINA PUBLO SECO,pending,,,2,REN24-2301D0232,RENDICIONES 2024.csv,CLUB DEPORTIVO SOCIAL Y CULTURAL PASION FEMENINA PUBLO SECO,0
2301D0233,,,,CLUB DEPORTIVO Y CULTURAL AVANCE,pending,,,2,REN24-2301D0233,RENDICIONES 2024.csv,CLUB DEPORTIVO Y CULTURAL AVANCE,0
2301D0235,,,,CLUB DEPORTIVO Y RAYUELA LAS VEGAS,pending,,,1,REN24-2301D0235,RENDICIONES 2024.csv,CLUB DEPORTIVO Y RAYUELA LAS VEGAS,0
2301D0239,,,,LIGA DEPORTIVA FEMENINA DE EL CARMEN,pending,,,4,REN24-2301D0239,RENDICIONES 2024.csv,LIGA DEPORTIVA FEMENINA DE EL CARMEN,0
2301D0241,,,,UNION COMUNAL DE CLUBES DEPORTIVOS URBANOS,pending,,,2,REN24-2301D0241,RENDICIONES 2024.csv,UNION COMUNAL DE CLUBES DEPORTIVOS URBANOS,0
2301D0243,,,,CLUB DEPORTIVO NUEVA ESPERANZA DEL SECTOR EL BAJO,pending,,,2,REN24-2301D0243,RENDICIONES 2024.csv,CLUB DEPORTIVO NUEVA ESPERANZA DEL SECTOR EL BAJO,0
2301D0244,,,,CLUB DEPORTIVO NACIONAL.,pending,,,1,REN24-2301D0244,RENDICIONES 2024.csv,CLUB DEPORTIVO NACIONAL.,0
2301D0245,,,,CLUB DEPORTIVO FERROVIARIO,pending,,,1,REN24-2301D0245,RENDICIONES 2024.csv,CLUB DEPORTIVO FERROVIARIO,0
2301D0246,,,,CLUB DE RAYUELA SAN IGNACIO,pending,,,1,REN24-2301D0246,RENDICIONES 2024.csv,CLUB DE RAYUELA SAN IGNACIO,0
2301D0247,,,,CLUB DEPORTIVO CAPILLA COX COMPITE Y ENGRANDECE EL FUTBOL RURAL,pending,,,2,REN24-2301D0247,RENDICIONES 2024.csv,CLUB DEPORTIVO CAPILLA COX COMPITE Y ENGRANDECE EL FUTBOL RURAL,0
2301D0250,,,,CLUB DEPORTIVO REAL BAQUEDANO,pending,,,2,REN24-2301D0250,RENDICIONES 2024.csv,CLUB DEPORTIVO REAL BAQUEDANO,0
2301D0251,,,,CLUB DEPORTIVO DE CICLISMO MTB PEMUCO,pending,,,1,REN24-2301D0251,RENDICIONES 2024.csv,CLUB DEPORTIVO DE CICLISMO MTB PEMUCO,0
2301D0252,,,,CLUB DE VOLEIBOL SAN FABIAN,pending,,,2,REN24-2301D0252,RENDICIONES 2024.csv,CLUB DE VOLEIBOL SAN FABIAN,0
2301D0253,,,,JUVENTUS FC DE COYANCO.,pending,,,1,REN24-2301D0253,RENDICIONES 2024.csv,JUVENTUS FC DE COYANCO.,0
2301D0254,,,,CLUB DEPORTIVO ESTRELLAS DEL PACIFICO.,pending,,,1,REN24-2301D0254,RENDICIONES 2024.csv,CLUB DEPORTIVO ESTRELLAS DEL PACIFICO.,0
2301D0255,,,,CLUB DE AJEDREZ CHILLAN VIEJO,pending,,,2,REN24-2301D0255,RENDICIONES 2024.csv,CLUB DE AJEDREZ CHILLAN VIEJO,0
2301D0257,,,,ROBERTO MATEOS FEMENINO,pending,,,2,REN24-2301D0257,RENDICIONES 2024.csv,ROBERTO MATEOS FEMENINO,0
2301D0258,,,,UNION COMUNAL DE CLUBES DEPORTIVOS RURALES JORGE SANTIBAÑEZ,pending,,,2,REN24-2301D0258,RENDICIONES 2024.csv,UNION COMUNAL DE CLUBES DEPORTIVOS RURALES JORGE SANTIBAÑEZ,0
2301D0261,,,,CLUB DE BOCCIAS PEMUCO,pending,,,3,REN24-2301D0261-3,RENDICIONES 2024.csv,CLUB DE BOCCIAS PEMUCO,0
2301D0266,,,,CLUB DEPORTIVO QUIRIQUINA,pending,,,2,REN24-2301D0266,RENDICIONES 2024.csv,CLUB DEPORTIVO QUIRIQUINA,0
2301D0268,,,,ASOCIACION DE FUTBOL AMATEUR CHILLAN,pending,,,2,REN24-2301D0268,RENDICIONES 2024.csv,ASOCIACION DE FUTBOL AMATEUR CHILLAN,0
2301D0269,,,,ASOCIACION DEPORTIVA KARATE-DO CHILLAN,pending,,,2,REN24-2301D0269,RENDICIONES 2024.csv,ASOCIACION DEPORTIVA KARATE-DO CHILLAN,0
2301D027,,,,AGRUPACION DE CICLISMO CHILLAN,pending,,,1,REN24-2301D027,RENDICIONES 2024.csv,AGRUPACION DE CICLISMO CHILLAN,0
2301D0270,,,,COLEGIO DE PROFESORES DE CHILE A.G REGIONAL ÑUBLE,pending,,,3,REN24-2301D0270,RENDICIONES 2024.csv,COLEGIO DE PROFESORES DE CHILE A.G REGIONAL ÑUBLE,0
2301D0271,,,,CLUB DEPORTIVO SANTA JUANA,pending,,,3,REN24-2301D0271,RENDICIONES 2024.csv,CLUB DEPORTIVO SANTA JUANA,0
2301D0272,,,,CLUB DE HUASOS INTERCOMUNAL DE PINTO,pending,,,2,REN24-2301D0272,RENDICIONES 2024.csv,CLUB DE HUASOS INTERCOMUNAL DE PINTO,0
2301D0275,,,,CLUB DEPORTIVO LA GREDA,pending,,,1,REN24-2301D0275,RENDICIONES 2024.csv,CLUB DEPORTIVO LA GREDA,0
2301D0276,,,,CLUB PATINAJE ARTISTICO SOCIAL CULTURAL Y DEPORTIVO AYUWN,pending,,,2,REN24-2301D0276,RENDICIONES 2024.csv,CLUB PATINAJE ARTISTICO SOCIAL CULTURAL Y DEPORTIVO AYUWN,0
2301D0277,,,,"CLUB DEPORTIVO, SOCIAL, CULTURAL Y AMBIENTAL SANFITNESS",pending,,,2,REN24-2301D0277,RENDICIONES 2024.csv,"CLUB DEPORTIVO, SOCIAL, CULTURAL Y AMBIENTAL SANFITNESS",0
2301D0279,,,,CLUB DEPORTIVO LA ESTRELLA,pending,,,2,REN24-2301D0279,RENDICIONES 2024.csv,CLUB DEPORTIVO LA ESTRELLA,0
2301D0281,,,,CLUB DEPORTIVO SOCIAL EL CARMEN DE CATO,pending,,,2,REN24-2301D0281,RENDICIONES 2024.csv,CLUB DEPORTIVO SOCIAL EL CARMEN DE CATO,0
2301D0282,,,,CLUB RAYUELA QUIRIQUINA,pending,,,2,REN24-2301D0282,RENDICIONES 2024.csv,CLUB RAYUELA QUIRIQUINA,0
2301D0283,,,,CLUB DEPORTIVO DE RAYUELA SANTOS.,pending,,,1,REN24-2301D0283,RENDICIONES 2024.csv,CLUB DEPORTIVO DE RAYUELA SANTOS.,0
2301D0285,,,,CLUB DEPORTIVO LOS BUENOS AMIGOS,pending,,,2,REN24-2301D0285,RENDICIONES 2024.csv,CLUB DEPORTIVO LOS BUENOS AMIGOS,0
2301D0286,,,,ANFA COELEMU,pending,,,2,REN24-2301D0286,RENDICIONES 2024.csv,ANFA COELEMU,0
2301D0287,,,,ESCUELA DE FUTBOL EL REY ARTURO.,pending,,,2,REN24-2301D0287,RENDICIONES 2024.csv,ESCUELA DE FUTBOL EL REY ARTURO.,0
2301D0288,,,,CLUB DEPORTIVO SOCIAL Y CULTURAL COMUNIDAD INTEGRADA,pending,,,2,REN24-2301D0288,RENDICIONES 2024.csv,CLUB DEPORTIVO SOCIAL Y CULTURAL COMUNIDAD INTEGRADA,0
2301D0289,,,,CLUB DEPORTIVO ROBERTO MATEOS,pending,,,1,REN24-2301D0289,RENDICIONES 2024.csv,CLUB DEPORTIVO ROBERTO MATEOS,0
2301D0290,,,,CLUB DEPORTIVO REAL ORIENTE,pending,,,1,REN24-2301D0290,RENDICIONES 2024.csv,CLUB DEPORTIVO REAL ORIENTE,0
2301D0291,,,,CLUB DEPORTIVO RUKA PEWMAN DE SAN CARLOS,pending,,,2,REN24-2301D0291,RENDICIONES 2024.csv,CLUB DEPORTIVO RUKA PEWMAN DE SAN CARLOS,0
2301D0294,,,,CLUB DEPORTIVO ESTRELLA ROJA DE VIRGUIN,pending,,,1,REN24-2301D0294,RENDICIONES 2024.csv,CLUB DEPORTIVO ESTRELLA ROJA DE VIRGUIN,0
2301D0295,,,,CONSEJO LOCAL DE DEPORTES DE CHILLAN,pending,,,2,REN24-2301D0295,RENDICIONES 2024.csv,CONSEJO LOCAL DE DEPORTES DE CHILLAN,0
2301D0296,,,,CLUB DEPORTIVO SAN IGNACIO,pending,,,1,REN24-2301D0296,RENDICIONES 2024.csv,CLUB DEPORTIVO SAN IGNACIO,0
2301D0297,,,,CLUB ATLETICO DIAMANTES DE ÑUBLE,pending,,,2,REN24-2301D0297,RENDICIONES 2024.csv,CLUB ATLETICO DIAMANTES DE ÑUBLE,0
2301D0300,,,,CLUB DEPORTIVO REAL SOCIEDAD EL SAUCE,pending,,,2,REN24-2301D0300,RENDICIONES 2024.csv,CLUB DEPORTIVO REAL SOCIEDAD EL SAUCE,0
2301D0302,,,,ESCUELA ESTUDIANTIL SANTA INES FC,pending,,,2,REN24-2301D0302,RENDICIONES 2024.csv,ESCUELA ESTUDIANTIL SANTA INES FC,0
2301D0303,,,,CLUB DEPORTIVO EL LUCERO DE LA UNIDAD VECINAL N°12,pending,,,1,REN24-2301D0303,RENDICIONES 2024.csv,CLUB DEPORTIVO EL LUCERO DE LA UNIDAD VECINAL N°12,0
2301D0304,,,,CLUB CHILLAN FORMA BASQUETBOLISTAS Y FOMENTA SU PRACTICA EN CHILLAN,pending,,,1,REN24-2301D0304,RENDICIONES 2024.csv,CLUB CHILLAN FORMA BASQUETBOLISTAS Y FOMENTA SU PRACTICA EN CHILLAN,0
2301D0305,,,,CLUB DEPORTIVO LICEO BICENTENARIO DE EXCELENCIA DIEGO PORTALES PALAZUELOS,pending,,,1,REN24-2301D0305,RENDICIONES 2024.csv,CLUB DEPORTIVO LICEO BICENTENARIO DE EXCELENCIA DIEGO PORTALES PALAZUELOS,0
2301D0306,,,,CLUB DEPORTIVO EL CALVARIO,pending,,,2,REN24-2301D0306,RENDICIONES 2024.csv,CLUB DEPORTIVO EL CALVARIO,0
2301D0310,,,,CENTRO DE PADRES Y APODERADOS DINABEC COLLEGE,pending,,,1,REN24-2301D0310,RENDICIONES 2024.csv,CENTRO DE PADRES Y APODERADOS DINABEC COLLEGE,0
2301D0311,,,,CLUB DEPORTIVO ALIANZA DE LA UNIDAD VECINAL N°6,pending,,,2,REN24-2301D0311,RENDICIONES 2024.csv,CLUB DEPORTIVO ALIANZA DE LA UNIDAD VECINAL N°6,0
2301D0315,,,,CLUB DEPORTIVO UNION FERROVIARIO DE COELEMU,pending,,,2,REN24-2301D0315,RENDICIONES 2024.csv,CLUB DEPORTIVO UNION FERROVIARIO DE COELEMU,0
2301D0317,,,,CLUB DEPORTIVO BALONMANO SAN CARLOS,pending,,,2,REN24-2301D0317,RENDICIONES 2024.csv,CLUB DEPORTIVO BALONMANO SAN CARLOS,0
2301D0318,,,,CLUB DEPORTIVO ARTURO PRAT COELEMU,pending,,,2,REN24-2301D0318,RENDICIONES 2024.csv,CLUB DEPORTIVO ARTURO PRAT COELEMU,0
2301D0320,,,,CLUB DE RAYUELA GATICAS,pending,,,1,REN24-2301D0320,RENDICIONES 2024.csv,CLUB DE RAYUELA GATICAS,0
2301D066,,,,CLUB DEPORTIVO BUSTAMANTE,pending,,,1,REN24-2301D066,RENDICIONES 2024.csv,CLUB DEPORTIVO BUSTAMANTE,0
2301D084,,,,CLUB DEPORTIVO SELVA NEGRA,pending,,,1,REN24-2301D084,RENDICIONES 2024.csv,CLUB DEPORTIVO SELVA NEGRA,0
2301D107,,,,JJVV TALQUIPEN CENTRAL,pending,,,1,REN24-2301D107,RENDICIONES 2024.csv,JJVV TALQUIPEN CENTRAL,0
2301D109,,,,CLUB DEPORTIVO SAN MARTIN,pending,,,1,REN24-2301D109,RENDICIONES 2024.csv,CLUB DEPORTIVO SAN MARTIN,0
2301DO152,,,,CLUB DE HUASOS ÑIQUEN,pending,,,1,REN24-2301DO152,RENDICIONES 2024.csv,CLUB DE HUASOS ÑIQUEN,0
2301DP0567,,,,JUNTA DE VECINOS PUEBLO SECO PONIENTE,pending,,,1,REN24-2301DP0567,RENDICIONES 2024.csv,JUNTA DE VECINOS PUEBLO SECO PONIENTE,0
2301EG0001,,,,AGRUPACION DE MUJERES PRIMAVERA DE RAHUIL,pending,,,1,REN24-2301EG0001,RENDICIONES 2024.csv,AGRUPACION DE MUJERES PRIMAVERA DE RAHUIL,0
2301EG0006,,,,AGRUPACION DE MUJERES LAS MANZANITAS,pending,,,1,REN24-2301EG0006,RENDICIONES 2024.csv,AGRUPACION DE MUJERES LAS MANZANITAS,0
2301EG0007,,,,COMITE CAMPESINO LA FERIA,pending,,,2,REN24-2301EG0007,RENDICIONES 2024.csv,COMITE CAMPESINO LA FERIA,0
2301EG0008,,,,AGRUPACION MAPUCHE EPU MARI KECHU PANGE MEUW KEULLUN,pending,,,1,REN24-2301EG0008,RENDICIONES 2024.csv,AGRUPACION MAPUCHE EPU MARI KECHU PANGE MEUW KEULLUN,0
2301EG0009,,,,AGRUPACION DE ADELANTO VUELTA LA RAMA,pending,,,3,REN24-2301EG0009,RENDICIONES 2024.csv,AGRUPACION DE ADELANTO VUELTA LA RAMA,0
2301EG0011,,,,CENTRO DE MADRES LAS MARIANITAS,pending,,,3,REN24-2301EG0011,RENDICIONES 2024.csv,CENTRO DE MADRES LAS MARIANITAS,0
2301EG0012,,,,"AGRUPACION SOCIAL, CULTURAL Y DEPORTIVA EL ESFUERZO FEMENINO QUIRIHUE",pending,,,3,REN24-2301EG0012,RENDICIONES 2024.csv,"AGRUPACION SOCIAL, CULTURAL Y DEPORTIVA EL ESFUERZO FEMENINO QUIRIHUE",0
2301EG0013,,,,AGRUPACION DE MUJERES SABIAS DE RANGUELMO,pending,,,2,REN24-2301EG0013,RENDICIONES 2024.csv,AGRUPACION DE MUJERES SABIAS DE RANGUELMO,0
2301EG0015,,,,FERIA CAMPESINA LAS GOLONDRINAS,pending,,,1,REN24-2301EG0015,RENDICIONES 2024.csv,FERIA CAMPESINA LAS GOLONDRINAS,0
2301EG0016,,,,GRUPO AGROECOLOGICO GOTAS DE AGUA,pending,,,1,REN24-2301EG0016,RENDICIONES 2024.csv,GRUPO AGROECOLOGICO GOTAS DE AGUA,0
2301EG00187,,,,COMITE DE MUJERES LAS ABEJITAS DEL CASINO,pending,,,1,REN24-2301EG00187,RENDICIONES 2024.csv,COMITE DE MUJERES LAS ABEJITAS DEL CASINO,0
2301EG0020,,,,GRUPO DE MUJERES LAS ROSITAS DE CHEQUÉN,pending,,,1,REN24-2301EG0020,RENDICIONES 2024.csv,GRUPO DE MUJERES LAS ROSITAS DE CHEQUÉN,0
2301EG0027,,,,COMITE DE MUJERES LAS GOLONDRINAS,pending,,,2,REN24-2301EG0027-2,RENDICIONES 2024.csv,COMITE DE MUJERES LAS GOLONDRINAS,0
2301EG003,,,,COMITÉ CAMPESINO SAN PEDRO EL PILME,pending,,,1,REN24-2301EG003,RENDICIONES 2024.csv,COMITÉ CAMPESINO SAN PEDRO EL PILME,0
2301EG0030,,,,FUNDACION CHILENA PARA LA DISCAPACIDAD,pending,,,3,REN24-2301EG0030,RENDICIONES 2024.csv,FUNDACION CHILENA PARA LA DISCAPACIDAD,0
2301EG0034,,,,COMITÉ AGROECOLOGICO LAS SEMILLITAS,pending,,,1,REN24-2301EG0034,RENDICIONES 2024.csv,COMITÉ AGROECOLOGICO LAS SEMILLITAS,0
2301EG0035,,,,AGRUPACION DE ARTESANOS EL PUELCHE,pending,,,3,REN24-2301EG0035,RENDICIONES 2024.csv,AGRUPACION DE ARTESANOS EL PUELCHE,0
2301EG0036,,,,CENTRO DE MADRES 27 DE ABRIL,pending,,,2,REN24-2301EG0036,RENDICIONES 2024.csv,CENTRO DE MADRES 27 DE ABRIL,0
2301EG0037,,,,UNION COMUNAL DE GRUPOS AGROECOLOGICOS,pending,,,1,REN24-2301EG0037,RENDICIONES 2024.csv,UNION COMUNAL DE GRUPOS AGROECOLOGICOS,0
2301EG0038,,,,COMITE FEMENINO LAS CATITAS,pending,,,1,REN24-2301EG0038,RENDICIONES 2024.csv,COMITE FEMENINO LAS CATITAS,0
2301EG0039,,,,COMITE FEMENINO EL MAITENAL,pending,,,2,REN24-2301EG0039,RENDICIONES 2024.csv,COMITE FEMENINO EL MAITENAL,0
2301EG0042,,,,MESA DE LA MUJER CAMPESINA DE ÑIQUEN,pending,,,2,REN24-2301EG0042,RENDICIONES 2024.csv,MESA DE LA MUJER CAMPESINA DE ÑIQUEN,0
2301EG0043,,,,COMITÉ FEMENINO SANTA TERESITA,pending,,,2,REN24-2301EG0043,RENDICIONES 2024.csv,COMITÉ FEMENINO SANTA TERESITA,0
2301EG0044,,,,AGRUPACION DE MUJERES CAMPESINAS,pending,,,3,REN24-2301EG0044,RENDICIONES 2024.csv,AGRUPACION DE MUJERES CAMPESINAS,0
2301EG0045,,,,ORGANIZACIÓN DE MUJERES LAS FRUTILLAS DE LA GLORIA,pending,,,2,REN24-2301EG0045,RENDICIONES 2024.csv,ORGANIZACIÓN DE MUJERES LAS FRUTILLAS DE LA GLORIA,0
2301EG0047,,,,COMITÉ FEMENINO SOL NACIENTE,pending,,,2,REN24-2301EG0047,RENDICIONES 2024.csv,COMITÉ FEMENINO SOL NACIENTE,0
2301EG0048,,,,FERIA CAMPESINA EL ESFUERZO,pending,,,2,REN24-2301EG0048,RENDICIONES 2024.csv,FERIA CAMPESINA EL ESFUERZO,0
2301EG0049,,,,CENTRO DE MADRES LAS HORMIGUITAS DE EL SAUCE,pending,,,1,REN24-2301EG0049,RENDICIONES 2024.csv,CENTRO DE MADRES LAS HORMIGUITAS DE EL SAUCE,0
2301EG0051,,,,CLUB AUTOAYUDA MUJERES BORDANDO ESPERANZA,pending,,,2,REN24-2301EG0051,RENDICIONES 2024.csv,CLUB AUTOAYUDA MUJERES BORDANDO ESPERANZA,0
2301EG0054,,,,ASOC. FUNCIONARIOS ASISTENTES DE EDUCACION DE SAN CARLOS,pending,,,1,REN24-2301EG0054,RENDICIONES 2024.csv,ASOC. FUNCIONARIOS ASISTENTES DE EDUCACION DE SAN CARLOS,0
2301EG0055,,,,AGRUPACIÓN DE MUJERES FLOR DE PRIMAVERA,pending,,,1,REN24-2301EG0055,RENDICIONES 2024.csv,AGRUPACIÓN DE MUJERES FLOR DE PRIMAVERA,0
2301EG0058,,,,UNIVERSIDAD ADVENTISTA DE CHILE,pending,,,2,REN24-2301EG0058,RENDICIONES 2024.csv,UNIVERSIDAD ADVENTISTA DE CHILE,0
2301EG0064,,,,SINDICATO MONTE BLANCO.,pending,,,1,REN24-2301EG0064,RENDICIONES 2024.csv,SINDICATO MONTE BLANCO.,0
2301EG0065,,,,COMITE DE MUJERES LAS SEMILLAS DE MECO,pending,,,1,REN24-2301EG0065,RENDICIONES 2024.csv,COMITE DE MUJERES LAS SEMILLAS DE MECO,0
2301EG0069,,,,FUNDACION CRECER EN EQUIDAD,pending,,,3,REN24-2301EG0069,RENDICIONES 2024.csv,FUNDACION CRECER EN EQUIDAD,0
2301EG0072,,,,ASOCIACION INDIGENA WENGAMEN,pending,,,2,REN24-2301EG0072,RENDICIONES 2024.csv,ASOCIACION INDIGENA WENGAMEN,0
2301EG0075,,,,COMITÉ DE DAMAS RENÉ SCHNEIDER,pending,,,2,REN24-2301EG0075,RENDICIONES 2024.csv,COMITÉ DE DAMAS RENÉ SCHNEIDER,0
2301EG0076,,,,COMITE DE DESARROLLO DE LA MUJER LAS EMPRENDEDORAS,pending,,,2,REN24-2301EG0076,RENDICIONES 2024.csv,COMITE DE DESARROLLO DE LA MUJER LAS EMPRENDEDORAS,0
2301EG0079,,,,GRUPO SOCIAL Y CULTURAL CULTIVANDO AMISTAD,pending,,,2,REN24-2301EG0079,RENDICIONES 2024.csv,GRUPO SOCIAL Y CULTURAL CULTIVANDO AMISTAD,0
2301EG0082,,,,AGRUPACIÓN DE MUJERES CAMPESINAS LA ESPERANZA.,pending,,,1,REN24-2301EG0082,RENDICIONES 2024.csv,AGRUPACIÓN DE MUJERES CAMPESINAS LA ESPERANZA.,0
2301EG0083,,,,CENTRO DE MADRES LAS VIOLETAS DE  DENECAN,pending,,,1,REN24-2301EG0083,RENDICIONES 2024.csv,CENTRO DE MADRES LAS VIOLETAS DE  DENECAN,0
2301EG0086,,,,AGRUPACIÓN CULTURAL PETALOS DE ROSAS,pending,,,2,REN24-2301EG0086,RENDICIONES 2024.csv,AGRUPACIÓN CULTURAL PETALOS DE ROSAS,0
2301EG0089,,,,CENTRO DE MADRES BRISAS DEL MAR DE PUAHUN,pending,,,1,REN24-2301EG0089,RENDICIONES 2024.csv,CENTRO DE MADRES BRISAS DEL MAR DE PUAHUN,0
2301EG0093,,,,AGRUPACIÓN DE MUJERES SOLIDARIAS EL TORREÓN.,pending,,,1,REN24-2301EG0093,RENDICIONES 2024.csv,AGRUPACIÓN DE MUJERES SOLIDARIAS EL TORREÓN.,0
2301EG0094,,,,ALDEAS INFANTILES SOS CHILE,pending,,,2,REN24-2301EG0094,RENDICIONES 2024.csv,ALDEAS INFANTILES SOS CHILE,0
2301EG0095,,,,CENTRO GENERAL DE PADRES Y APODERADOS,pending,,,2,REN24-2301EG0095,RENDICIONES 2024.csv,CENTRO GENERAL DE PADRES Y APODERADOS,0
2301EG0096,,,,TALLER DE MUJERES LAS ABEJITAS DE RELOCA,pending,,,1,REN24-2301EG0096,RENDICIONES 2024.csv,TALLER DE MUJERES LAS ABEJITAS DE RELOCA,0
2301EG0098,,,,UNION COMUNAL DE MUJERES DE PORTEZUELO,pending,,,2,REN24-2301EG0098,RENDICIONES 2024.csv,UNION COMUNAL DE MUJERES DE PORTEZUELO,0
2301EG0102,,,,CENTRO DE MADRES CAMARICO,pending,,,2,REN24-2301EG0102,RENDICIONES 2024.csv,CENTRO DE MADRES CAMARICO,0
2301EG0105,,,,UNION COMUNAL FEMENINA,pending,,,2,REN24-2301EG0105,RENDICIONES 2024.csv,UNION COMUNAL FEMENINA,0
2301EG0106,,,,JUNTA DE VECINOS LA PALMA,pending,,,2,REN24-2301EG0106,RENDICIONES 2024.csv,JUNTA DE VECINOS LA PALMA,0
2301EG0107,,,,AGRUPACION DE APOYO A NIÑOS CON NEURODIVERSIDAD NINHUE,pending,,,1,REN24-2301EG0107,RENDICIONES 2024.csv,AGRUPACION DE APOYO A NIÑOS CON NEURODIVERSIDAD NINHUE,0
2301EG0108,,,,CENTRO DE MADRES ALEGRE DESPERTAR.,pending,,,1,REN24-2301EG0108,RENDICIONES 2024.csv,CENTRO DE MADRES ALEGRE DESPERTAR.,0
2301EG0109,,,,CLUB DE LA AMISTAD,pending,,,1,REN24-2301EG0109,RENDICIONES 2024.csv,CLUB DE LA AMISTAD,0
2301EG0110,,,,UNION COMUNAL MUJERES LAUTARO,pending,,,2,REN24-2301EG0110,RENDICIONES 2024.csv,UNION COMUNAL MUJERES LAUTARO,0
2301EG0112,,,,ORGANIZACIÓN NO GUBERNAMENTAL DE DESARROLLO LUCES DEL FUTURO.,pending,,,1,RENX-2301EG0112,RENDICIONES FNDR Y ADNC.csv,ORGANIZACIÓN NO GUBERNAMENTAL DE DESARROLLO LUCES DEL FUTURO.,0
2301EG0114,,,,AGRUPACIÓN FEMENINA LOBA NEGRA,pending,,,2,REN24-2301EG0114,RENDICIONES 2024.csv,AGRUPACIÓN FEMENINA LOBA NEGRA,0
2301EG0115,,,,AGRUPACIÓN SOLIDARIA DE MUJERES.,pending,,,1,REN24-2301EG0115,RENDICIONES 2024.csv,AGRUPACIÓN SOLIDARIA DE MUJERES.,0
2301EG0116,,,,UNION COMUNAL DE MUJERES GABRIELA MISTRAL DE SAN IGNACIO,pending,,,1,REN24-2301EG0116,RENDICIONES 2024.csv,UNION COMUNAL DE MUJERES GABRIELA MISTRAL DE SAN IGNACIO,0
2301EG0119,,,,COMITE DE AVES CAMPESINAS LAS BUENAS PONEDORAS PIEDRAS MAULE,pending,,,2,REN24-2301EG0119,RENDICIONES 2024.csv,COMITE DE AVES CAMPESINAS LAS BUENAS PONEDORAS PIEDRAS MAULE,0
2301EG113,,,,COMITÉ DE MUJERES CREACION SELVA NEGRA,pending,,,1,REN24-2301EG113,RENDICIONES 2024.csv,COMITÉ DE MUJERES CREACION SELVA NEGRA,0
2301G0065,,,,COMITÉ DE MUJERES SEMILLAS DE MECO,pending,,,1,REN24-2301G0065,RENDICIONES 2024.csv,COMITÉ DE MUJERES SEMILLAS DE MECO,0
2301M0001,,,,JUNTA DE VECINOS 10 DE JULIO DE ÑIPAS,pending,,,1,REN24-2301M0001,RENDICIONES 2024.csv,JUNTA DE VECINOS 10 DE JULIO DE ÑIPAS,0
2301M0003,,,,JJVV PANGUILEMU,pending,,,2,REN24-2301M0003,RENDICIONES 2024.csv,JJVV PANGUILEMU,0
2301M0005,,,,JJVV CUCHA URREJOLA,pending,,,2,REN24-2301M0005,RENDICIONES 2024.csv,JJVV CUCHA URREJOLA,0
2301M0006,,,,JJVV LLAHUEN CHICO,pending,,,1,REN24-2301M0006,RENDICIONES 2024.csv,JJVV LLAHUEN CHICO,0
2301M0009,,,,COMITE CAMPESINO LA UNION DE LAJUELAS,pending,,,1,REN24-2301M0009,RENDICIONES 2024.csv,COMITE CAMPESINO LA UNION DE LAJUELAS,0
2301M0010,,,,COMITÉ DE ADELANTO LAS GUARDIAS.,pending,,,1,RENX-2301M0010,RENDICIONES FNDR Y ADNC.csv,COMITÉ DE ADELANTO LAS GUARDIAS.,0
2301M0015,,,,JJVV PASO ANCHO,pending,,,1,REN24-2301M0015,RENDICIONES 2024.csv,JJVV PASO ANCHO,0
2301M0020,,,,JUNTA DE VECINOS LA ORILLA,pending,,,2,REN24-2301M0020,RENDICIONES 2024.csv,JUNTA DE VECINOS LA ORILLA,0
2301M0025,,,,JJVV TRABUNCURA,pending,,,1,REN24-2301M0025,RENDICIONES 2024.csv,JJVV TRABUNCURA,0
2301M0028,,,,COMITÉ DE ADELANTO TRABUNCURA,pending,,,2,REN24-2301M0028,RENDICIONES 2024.csv,COMITÉ DE ADELANTO TRABUNCURA,0
2301M0029,,,,CENTRO DE PADRES Y APODERADOS ESCUELA EL SAUCE,pending,,,1,REN24-2301M0029,RENDICIONES 2024.csv,CENTRO DE PADRES Y APODERADOS ESCUELA EL SAUCE,0
2301M0031,,,,CENTRO GENERAL DE PADRES Y APODERADOS ESCUELA ESPECIAL DE LENGUAJE,pending,,,2,REN24-2301M0031,RENDICIONES 2024.csv,CENTRO GENERAL DE PADRES Y APODERADOS ESCUELA ESPECIAL DE LENGUAJE,0
2301M0032,,,,AGRUPACIÓN DE MUJERES LAS MANZANITAS.,pending,,,1,REN24-2301M0032,RENDICIONES 2024.csv,AGRUPACIÓN DE MUJERES LAS MANZANITAS.,0
2301M0036,,,,COMITE CAMPESINO PUYARAL,pending,,,2,REN24-2301M0036,RENDICIONES 2024.csv,COMITE CAMPESINO PUYARAL,0
2301M0040,,,,COMITE CAMPESINO LA ESPERANZA DE VIDICO,pending,,,1,REN24-2301M0040,RENDICIONES 2024.csv,COMITE CAMPESINO LA ESPERANZA DE VIDICO,0
2301M0041,,,,UNION COMUNAL DE COMITES CAMPESINOS LOS EMPRENDEDORES,pending,,,1,REN24-2301M0041,RENDICIONES 2024.csv,UNION COMUNAL DE COMITES CAMPESINOS LOS EMPRENDEDORES,0
2301M0042,,,,JJVV SUIZA,pending,,,1,REN24-2301M0042,RENDICIONES 2024.csv,JJVV SUIZA,0
2301M0044,,,,AGRUPACION DE DISCAPACITADOS VOLVER A EMPEZAR DE CHUDAL,pending,,,1,REN24-2301M0044,RENDICIONES 2024.csv,AGRUPACION DE DISCAPACITADOS VOLVER A EMPEZAR DE CHUDAL,0
2301M0045,,,,JJVV EL TABLON,pending,,,1,REN24-2301M0045,RENDICIONES 2024.csv,JJVV EL TABLON,0
2301M0047,,,,COMITÉ DE ADELANTO LOS TORONJILES,pending,,,1,REN24-2301M0047,RENDICIONES 2024.csv,COMITÉ DE ADELANTO LOS TORONJILES,0
2301M0053,,,,JUNTA DE VECINOS TRES ESQUINAS DE CATO,pending,,,2,REN24-2301M0053,RENDICIONES 2024.csv,JUNTA DE VECINOS TRES ESQUINAS DE CATO,0
2301M0055,,,,JUNTA DE VECINOS LOS PEHUENCHES,pending,,,2,REN24-2301M0055,RENDICIONES 2024.csv,JUNTA DE VECINOS LOS PEHUENCHES,0
2301M0056,,,,JJVV LA PALMA,pending,,,2,REN24-2301M0056,RENDICIONES 2024.csv,JJVV LA PALMA,0
2301M0058,,,,CENTRO DE PADRES ESCUELA BÁSICA PUEBLO SECO,pending,,,1,REN24-2301M0058,RENDICIONES 2024.csv,CENTRO DE PADRES ESCUELA BÁSICA PUEBLO SECO,0
2301M0060,,,,CENTRO DE PADRES Y APODERADOS JARDIN EL TRIGAL,pending,,,2,REN24-2301M0060,RENDICIONES 2024.csv,CENTRO DE PADRES Y APODERADOS JARDIN EL TRIGAL,0
2301M0063,,,,AGRUPACION DE RECICLADORES DE BASE  DE LA REGION DE ÑUBLE,pending,,,1,REN24-2301M0063,RENDICIONES 2024.csv,AGRUPACION DE RECICLADORES DE BASE  DE LA REGION DE ÑUBLE,0
2301M0064,,,,JJVV VEGAS DE NIBLINTO,pending,,,2,REN24-2301M0064,RENDICIONES 2024.csv,JJVV VEGAS DE NIBLINTO,0
2301M0065,,,,JJVV MANUEL PINO YAÑEZ,pending,,,1,REN24-2301M0065,RENDICIONES 2024.csv,JJVV MANUEL PINO YAÑEZ,0
2301M0069,,,,CLUB DE LISIADOS ISRAEL,pending,,,1,REN24-2301M0069,RENDICIONES 2024.csv,CLUB DE LISIADOS ISRAEL,0
2301M0070,,,,"JUNTA DE VECINOS, VILLA PAN DE PIEDRA",pending,,,1,REN24-2301M0070,RENDICIONES 2024.csv,"JUNTA DE VECINOS, VILLA PAN DE PIEDRA",0
2301M0072,,,,JUNTTA DE VECINOS CANCHA DE PARRA,pending,,,1,REN24-2301M0072,RENDICIONES 2024.csv,JUNTTA DE VECINOS CANCHA DE PARRA,0
2301M0073,,,,CORPORACION EDUCACIONAL PERSEVERA,pending,,,1,REN24-2301M0073,RENDICIONES 2024.csv,CORPORACION EDUCACIONAL PERSEVERA,0
2301M0074,,,,JUNTA DE VECINOS TREHUEALEMU,pending,,,2,REN24-2301M0074,RENDICIONES 2024.csv,JUNTA DE VECINOS TREHUEALEMU,0
2301M0077,,,,JUNTA DE VECINOS UNION RINCONADA,pending,,,1,REN24-2301M0077,RENDICIONES 2024.csv,JUNTA DE VECINOS UNION RINCONADA,0
2301M0078,,,,JUNTA DE VECINOS MONTAÑA GARAY,pending,,,1,REN24-2301M0078,RENDICIONES 2024.csv,JUNTA DE VECINOS MONTAÑA GARAY,0
2301M0079,,,,COMITE CAMPESINO COIPIN,pending,,,1,REN24-2301M0079,RENDICIONES 2024.csv,COMITE CAMPESINO COIPIN,0
2301M0080,,,,JUNTA DE VECINOS CANTA RANA,pending,,,1,REN24-2301M0080,RENDICIONES 2024.csv,JUNTA DE VECINOS CANTA RANA,0
2301M0087,,,,JUNTA DE VECINOS SELVA NEGRA,pending,,,1,REN24-2301M0087,RENDICIONES 2024.csv,JUNTA DE VECINOS SELVA NEGRA,0
2301M0088,,,,JJVV EDUARDO FREI MONTALVA,pending,,,1,REN24-2301M0088,RENDICIONES 2024.csv,JJVV EDUARDO FREI MONTALVA,0
2301M0089,,,,JJVV DADINCO,pending,,,1,REN24-2301M0089,RENDICIONES 2024.csv,JJVV DADINCO,0
2301M009,,,,COMITE CAMPESINO CURICA,pending,,,1,REN24-2301M009,RENDICIONES 2024.csv,COMITE CAMPESINO CURICA,0
2301M0091,,,,JJVV MILLAUQUEN PONIENTE,pending,,,3,REN24-2301M0091,RENDICIONES 2024.csv,JJVV MILLAUQUEN PONIENTE,0
2301M066,,,,JUNTA DE VECINOS SAN IGNACIO DE LOYOLA,pending,,,1,REN24-2301M066,RENDICIONES 2024.csv,JUNTA DE VECINOS SAN IGNACIO DE LOYOLA,0
2301M092,,,,JUNTA DE VECINOS PIEDRAS MAULE,pending,,,1,REN24-2301M092,RENDICIONES 2024.csv,JUNTA DE VECINOS PIEDRAS MAULE,0
2301S0003,,,,JUNTA DE VECINOS SAN MARTIN,pending,,,1,REN24-2301S0003,RENDICIONES 2024.csv,JUNTA DE VECINOS SAN MARTIN,0
2301S0009,,,,JUNTA DE VECINOS LOS PLANES,pending,,,1,REN24-2301S0009,RENDICIONES 2024.csv,JUNTA DE VECINOS LOS PLANES,0
2301S0012,,,,UNION COMUNAL DE JUNTAS DE TALLERES LABORALES SAN NICOLAS,pending,,,1,REN24-2301S0012,RENDICIONES 2024.csv,UNION COMUNAL DE JUNTAS DE TALLERES LABORALES SAN NICOLAS,0
2301S0017,,,,JJVV GUILLERMO FUENZALIDA,pending,,,1,REN24-2301S0017,RENDICIONES 2024.csv,JJVV GUILLERMO FUENZALIDA,0
2301S0018,,,,JJVV TRANCOYAN,pending,,,2,REN24-2301S0018,RENDICIONES 2024.csv,JJVV TRANCOYAN,0
2301S0022,,,,CENTRO GENERAL DE PADRES Y APODERADOS ESCUELA BASICA DE ÑIPAS,pending,,,1,REN24-2301S0022,RENDICIONES 2024.csv,CENTRO GENERAL DE PADRES Y APODERADOS ESCUELA BASICA DE ÑIPAS,0
2301S0035,,,,HOGAR DE ANCIANOS SAN FRANCISCO DE ASIS,pending,,,1,REN24-2301S0035,RENDICIONES 2024.csv,HOGAR DE ANCIANOS SAN FRANCISCO DE ASIS,0
2301S0036,,,,CENTRO DE MADRES RENACER DE PEMUCO,pending,,,1,REN24-2301S0036,RENDICIONES 2024.csv,CENTRO DE MADRES RENACER DE PEMUCO,0
2301S0039,,,,UNION COMUNAL DE JUNTA DE VECINOS DE CHILLAN,pending,,,1,REN24-2301S0039,RENDICIONES 2024.csv,UNION COMUNAL DE JUNTA DE VECINOS DE CHILLAN,0
2301S0044,,,,UNION DE DISCAPACITADOS DE NINHUE,pending,,,1,REN24-2301S0044,RENDICIONES 2024.csv,UNION DE DISCAPACITADOS DE NINHUE,0
2301S0045,,,,CLUB DE PERSONAS MAYORES VOLVER A NACER,pending,,,1,REN24-2301S0045,RENDICIONES 2024.csv,CLUB DE PERSONAS MAYORES VOLVER A NACER,0
2301S0049,,,,COMITÉ DE MANUALIDADES LAS HORMIGUITAS,pending,,,1,REN24-2301S0049,RENDICIONES 2024.csv,COMITÉ DE MANUALIDADES LAS HORMIGUITAS,0
2301S0051,,,,AGRUPACION DE PERSONAS CON DISCAPACIDAD DE LA COSTA,pending,,,1,REN24-2301S0051,RENDICIONES 2024.csv,AGRUPACION DE PERSONAS CON DISCAPACIDAD DE LA COSTA,0
2301S0054,,,,AGRUPACIÓN DE JOVENES UNIDOS DISCAPACITADOS DE COELEMU,pending,,,1,REN24-2301S0054,RENDICIONES 2024.csv,AGRUPACIÓN DE JOVENES UNIDOS DISCAPACITADOS DE COELEMU,0
2301S0056,,,,AGRUPACION DE CIEGOS Y LIMITADOS VISUALES DE COELEMU,pending,,,1,REN24-2301S0056,RENDICIONES 2024.csv,AGRUPACION DE CIEGOS Y LIMITADOS VISUALES DE COELEMU,0
2301S0064,,,,JUNTA DE VECINOS DOMINGO ORTIZ DE ROZAS,pending,,,2,REN24-2301S0064,RENDICIONES 2024.csv,JUNTA DE VECINOS DOMINGO ORTIZ DE ROZAS,0
2301S0065,,,,JUNTA DE VECINOS VILLA LOMAS DE MAIPON,pending,,,2,REN24-2301S0065,RENDICIONES 2024.csv,JUNTA DE VECINOS VILLA LOMAS DE MAIPON,0
2301S0067,,,,JJVV ALTO PERALES,pending,,,2,REN24-2301S0067,RENDICIONES 2024.csv,JJVV ALTO PERALES,0
2301S0069,,,,JJVV EL AROMO,pending,,,1,REN24-2301S0069,RENDICIONES 2024.csv,JJVV EL AROMO,0
2301S0071,,,,AGRUPACION DE DISCAPACITADOS JESUS NAZARENO DE BUENOS AIRES,pending,,,1,REN24-2301S0071,RENDICIONES 2024.csv,AGRUPACION DE DISCAPACITADOS JESUS NAZARENO DE BUENOS AIRES,0
2301S0074,,,,FUNDACION HABILIDADES PARA LA VIDA DOWN,pending,,,1,REN24-2301S0074,RENDICIONES 2024.csv,FUNDACION HABILIDADES PARA LA VIDA DOWN,0
2301S0075,,,,CLUB DEPORTIVO SOCIAL Y CULTURAL HALCONES DORADOS DE LA POBLACION PUREN,pending,,,1,REN24-2301S0075,RENDICIONES 2024.csv,CLUB DEPORTIVO SOCIAL Y CULTURAL HALCONES DORADOS DE LA POBLACION PUREN,0
2301S0077,,,,FUNDACION APTIVA,pending,,,2,REN24-2301S0077,RENDICIONES 2024.csv,FUNDACION APTIVA,0
2301S0078,,,,AGRUPACION DE EQUINOTERAPIA KAWELLTUN,pending,,,1,REN24-2301S0078,RENDICIONES 2024.csv,AGRUPACION DE EQUINOTERAPIA KAWELLTUN,0
2301S0079,,,,UNIÓN COMUNAL DE JUNTAS DE VECINOS DE COELEMU.,pending,,,1,RENX-2301S0079,RENDICIONES FNDR Y ADNC.csv,UNIÓN COMUNAL DE JUNTAS DE VECINOS DE COELEMU.,0
2301S0080,,,,TALLER LABORAL LA HERMANDAD,pending,,,1,REN24-2301S0080,RENDICIONES 2024.csv,TALLER LABORAL LA HERMANDAD,0
2301S0084,,,,CENTRO GENERAL DE PADRES Y APODERADOS LICEO C-88 SAN FABIAN,pending,,,1,REN24-2301S0084,RENDICIONES 2024.csv,CENTRO GENERAL DE PADRES Y APODERADOS LICEO C-88 SAN FABIAN,0
2301S0087,,,,"ASOCIACION DE FUNCIONARIOS DE EDUCACION, PARADOCENTES, ADMINISTRATIVOS, ASISTENTES DE PARVULOS Y AUXILIARES DE SERVICIOS MENORES AFE QUIRIHUE",pending,,,1,REN24-2301S0087,RENDICIONES 2024.csv,"ASOCIACION DE FUNCIONARIOS DE EDUCACION, PARADOCENTES, ADMINISTRATIVOS, ASISTENTES DE PARVULOS Y AUXILIARES DE SERVICIOS MENORES AFE QUIRIHUE",0
2301S0092,,,,CLUB DE LEONES CHILLAN,pending,,,1,REN24-2301S0092,RENDICIONES 2024.csv,CLUB DE LEONES CHILLAN,0
2301S0093,,,,AGRUPACION DE PACIENTES Y FAMILIARES CON PARKINSON,pending,,,1,REN24-2301S0093,RENDICIONES 2024.csv,AGRUPACION DE PACIENTES Y FAMILIARES CON PARKINSON,0
2301S0094,,,,JJVV VILLA MONTERRICO,pending,,,1,REN24-2301S0094,RENDICIONES 2024.csv,JJVV VILLA MONTERRICO,0
2301S0106,,,,INCLUYEME DOWN BULNES,pending,,,1,REN24-2301S0106,RENDICIONES 2024.csv,INCLUYEME DOWN BULNES,0
2301S0109,,,,"CENTRO GENERAL DE PADRES Y APODERADOS ESCUELA ""GRUMETES CORTEZ",pending,,,1,REN24-2301S0109,RENDICIONES 2024.csv,"CENTRO GENERAL DE PADRES Y APODERADOS ESCUELA ""GRUMETES CORTEZ",0
2301S0111,,,,TALLER LABORAL EMPRENDEDORES DEL PORTAL,pending,,,2,REN24-2301S0111,RENDICIONES 2024.csv,TALLER LABORAL EMPRENDEDORES DEL PORTAL,0
2301S0112,,,,COMITE NAVIDAD / ÑIQUEN,pending,,,1,REN24-2301S0112,RENDICIONES 2024.csv,COMITE NAVIDAD / ÑIQUEN,0
2301S0113,,,,CLUB DEPORTIVO EL TEJAR,pending,,,1,REN24-2301S0113,RENDICIONES 2024.csv,CLUB DEPORTIVO EL TEJAR,0
2301S0118,,,,JUNTA DE VECINOS MEMBRILLAR,pending,,,1,REN24-2301S0118,RENDICIONES 2024.csv,JUNTA DE VECINOS MEMBRILLAR,0
2301S0123,,,,CENTRO DE PADRES Y APODERADOS COLEGIO NUEVA ESPERANZA,pending,,,1,REN24-2301S0123,RENDICIONES 2024.csv,CENTRO DE PADRES Y APODERADOS COLEGIO NUEVA ESPERANZA,0
2301S0127,,,,"GRUPO DE AUTOAYUDA SOCIAL, CULTURAL Y ARTÍSTICO ""ABRAZAR LA VIDA POR UN DÍA MÁS",pending,,,1,REN24-2301S0127,RENDICIONES 2024.csv,"GRUPO DE AUTOAYUDA SOCIAL, CULTURAL Y ARTÍSTICO ""ABRAZAR LA VIDA POR UN DÍA MÁS",0
2301S0130,,,,FUNDACION YO TE CREO,pending,,,1,REN24-2301S0130,RENDICIONES 2024.csv,FUNDACION YO TE CREO,0
2301S0131,,,,AMIGOS DE LA ESCUELA RENACER,pending,,,1,REN24-2301S0131,RENDICIONES 2024.csv,AMIGOS DE LA ESCUELA RENACER,0
2301S0135,,,,COMITÉ CAMPESINO MUJERES AGUA BUENA OESTE,pending,,,1,REN24-2301S0135,RENDICIONES 2024.csv,COMITÉ CAMPESINO MUJERES AGUA BUENA OESTE,0
2301S0136,,,,CORPORACION SOCIAL ÑUBLE MAYOR,pending,,,1,REN24-2301S0136,RENDICIONES 2024.csv,CORPORACION SOCIAL ÑUBLE MAYOR,0
2301S0137,,,,UNION COMUNAL DE MUJERES COMUNA DE RANQUIL,pending,,,1,REN24-2301S0137,RENDICIONES 2024.csv,UNION COMUNAL DE MUJERES COMUNA DE RANQUIL,0
2301S0142,,,,ASOCIACION DE DISCAPACITADOS DE SAN IGNACIO,pending,,,1,REN24-2301S0142,RENDICIONES 2024.csv,ASOCIACION DE DISCAPACITADOS DE SAN IGNACIO,0
2301S0143,,,,"CONSEJO DE DESARROLLO CONSULTORIO GENERAL RURAL ""LUIS MONTECINOS",pending,,,1,REN24-2301S0143,RENDICIONES 2024.csv,"CONSEJO DE DESARROLLO CONSULTORIO GENERAL RURAL ""LUIS MONTECINOS",0
2301S0147,,,,MESA INTERSECTORIAL DE PERSONAS MAYORES DE BULNES,pending,,,1,REN24-2301S0147,RENDICIONES 2024.csv,MESA INTERSECTORIAL DE PERSONAS MAYORES DE BULNES,0
2301S0148,,,,SINDICATO DE TRABAJADORES DE PESCADOS Y MARISCOS SIPREMA,pending,,,1,REN24-2301S0148,RENDICIONES 2024.csv,SINDICATO DE TRABAJADORES DE PESCADOS Y MARISCOS SIPREMA,0
2301S0152,,,,ARTESANOS RAICES DE PEMUCO,pending,,,1,REN24-2301S0152,RENDICIONES 2024.csv,ARTESANOS RAICES DE PEMUCO,0
2301S0154,,,,CLUB DEPORTIVO SOCIAL Y CULTURAL TRES ESQUINAS UNIDO,pending,,,1,REN24-2301S0154,RENDICIONES 2024.csv,CLUB DEPORTIVO SOCIAL Y CULTURAL TRES ESQUINAS UNIDO,0
2301S0155,,,,"CLUB DEPORTIVO RECREATIVO SOCIAL Y CULTURAL DE MUJERES, UNIDAD VECINAL N°16",pending,,,1,REN24-2301S0155,RENDICIONES 2024.csv,"CLUB DEPORTIVO RECREATIVO SOCIAL Y CULTURAL DE MUJERES, UNIDAD VECINAL N°16",0
2301S0156,,,,AGRUPACION EVEREST,pending,,,2,REN24-2301S0156,RENDICIONES 2024.csv,AGRUPACION EVEREST,0
2301S0157,,,,TALLER DE MUJERES DE SANTA ADRIANA,pending,,,1,REN24-2301S0157,RENDICIONES 2024.csv,TALLER DE MUJERES DE SANTA ADRIANA,0
2301S0158,,,,COMISION COMUNAL DE PREVENCION DE DROGAS Y ALCOHOL DE LA COMUNA DE RANQUIL,pending,,,1,REN24-2301S0158,RENDICIONES 2024.csv,COMISION COMUNAL DE PREVENCION DE DROGAS Y ALCOHOL DE LA COMUNA DE RANQUIL,0
2301S0159,,,,COMITE FEMENINO LAS ARAÑITAS DE LA VEGA,pending,,,2,REN24-2301S0159,RENDICIONES 2024.csv,COMITE FEMENINO LAS ARAÑITAS DE LA VEGA,0
2301S0161,,,,CLUB DEPORTIVO UNION CORDILLERA,pending,,,1,REN24-2301S0161,RENDICIONES 2024.csv,CLUB DEPORTIVO UNION CORDILLERA,0
2301S0162,,,,JUNTA DE VECINOS LOS NARANJOS SECTOR ALTO CENTRO AGUAS BUENAS,pending,,,1,REN24-2301S0162,RENDICIONES 2024.csv,JUNTA DE VECINOS LOS NARANJOS SECTOR ALTO CENTRO AGUAS BUENAS,0
2301S0164,,,,UNION COMUNAL JUNTAS DE VECINOS,pending,,,1,REN24-2301S0164,RENDICIONES 2024.csv,UNION COMUNAL JUNTAS DE VECINOS,0
2301S051,,,,AGRUPACION DE PERSWONAS CON DISCAPACIDAD DE LA COSTA,pending,,,1,REN24-2301S051,RENDICIONES 2024.csv,AGRUPACION DE PERSWONAS CON DISCAPACIDAD DE LA COSTA,0
2301S054,,,,AGRUPACION JOVENES UNIDOS DISCAPACITADOS DE COELEMU JUDEC,pending,,,1,REN24-2301S054,RENDICIONES 2024.csv,AGRUPACION JOVENES UNIDOS DISCAPACITADOS DE COELEMU JUDEC,0
2301S056,,,,AGRUPACION DE CIEGOS Y LIMITADOS VISUALES DE COELEMU ACILCO,pending,,,1,REN24-2301S056,RENDICIONES 2024.csv,AGRUPACION DE CIEGOS Y LIMITADOS VISUALES DE COELEMU ACILCO,0
2301S077,,,,FUNDACION APTIVA,pending,,,1,REN24-2301S077,RENDICIONES 2024.csv,FUNDACION APTIVA,0
2301SC0076,,,,JUNTA DE VECINOS DOMINGO DE ROZAS,pending,,,1,REN24-2301SC0076,RENDICIONES 2024.csv,JUNTA DE VECINOS DOMINGO DE ROZAS,0
2301SO144,,,,COMITE DE VIVIENDA VILLA FABIAN DE LA FUENTE,pending,,,1,REN24-2301SO144,RENDICIONES 2024.csv,COMITE DE VIVIENDA VILLA FABIAN DE LA FUENTE,0
2301SO160,,,,EL ESFUERZO DEL ARRAYAN,pending,,,1,REN24-2301SO160,RENDICIONES 2024.csv,EL ESFUERZO DEL ARRAYAN,0
2301SP0002,,,,JJVV LLAHUEN BAJO,pending,,,1,REN24-2301SP0002,RENDICIONES 2024.csv,JJVV LLAHUEN BAJO,0
2301SP0007,,,,JUNTA DE VECINOS VILLA LAS AMERICAS,pending,,,2,REN24-2301SP0007,RENDICIONES 2024.csv,JUNTA DE VECINOS VILLA LAS AMERICAS,0
2301SP0010,,,,ONG ÑUBLE CRECE,pending,,,2,REN24-2301SP0010,RENDICIONES 2024.csv,ONG ÑUBLE CRECE,0
2301SP0016,,,,JUNTA DE VECINOS COYANCO,pending,,,1,REN24-2301SP0016,RENDICIONES 2024.csv,JUNTA DE VECINOS COYANCO,0
2301SP0018,,,,JUNTA DE VECINOS SANTA CLARA,pending,,,3,REN24-2301SP0018,RENDICIONES 2024.csv,JUNTA DE VECINOS SANTA CLARA,0
2301SP0019,,,,JUNTA DE VECINOS DE SANTA CRUZ,pending,,,1,REN24-2301SP0019,RENDICIONES 2024.csv,JUNTA DE VECINOS DE SANTA CRUZ,0
2301SP0025,,,,JJVV LA ESPERANZA,pending,,,1,REN24-2301SP0025,RENDICIONES 2024.csv,JJVV LA ESPERANZA,0
2301SP0028,,,,JUNTA DE VECINOS PASO HONDO,pending,,,1,REN24-2301SP0028,RENDICIONES 2024.csv,JUNTA DE VECINOS PASO HONDO,0
2301SP0033,,,,JUNTA DE VECINOS SANTA CLARA,pending,,,1,REN24-2301SP0033,RENDICIONES 2024.csv,JUNTA DE VECINOS SANTA CLARA,0
2301SP0036,,,,JJVV MATADERO,pending,,,1,REN24-2301SP0036,RENDICIONES 2024.csv,JJVV MATADERO,0
2301SP0041,,,,JUNTA DE VECINOS HUACALEMU,pending,,,2,REN24-2301SP0041,RENDICIONES 2024.csv,JUNTA DE VECINOS HUACALEMU,0
2301SP0045,,,,JUNTA DE VECINOS DE LA MARAVILLA,pending,,,2,REN24-2301SP0045,RENDICIONES 2024.csv,JUNTA DE VECINOS DE LA MARAVILLA,0
2301SP0047,,,,JJVV SAN MIGUEL DE ARCÁNGEL,pending,,,1,REN24-2301SP0047,RENDICIONES 2024.csv,JJVV SAN MIGUEL DE ARCÁNGEL,0
2301SP0050,,,,JUNTA DE VECINOS N°2 PASO EL ROBLE,pending,,,1,REN24-2301SP0050,RENDICIONES 2024.csv,JUNTA DE VECINOS N°2 PASO EL ROBLE,0
2301SP0053,,,,CUERPO DE BOMBEROS DE QUIRIHUE,pending,,,2,REN24-2301SP0053,RENDICIONES 2024.csv,CUERPO DE BOMBEROS DE QUIRIHUE,0
2301SP0057,,,,JUNTA DE VECINOS MARTA BRUNET N°25,pending,,,1,REN24-2301SP0057,RENDICIONES 2024.csv,JUNTA DE VECINOS MARTA BRUNET N°25,0
2301SP0058,,,,JJVV VILLA LOS REGIDORES,pending,,,2,REN24-2301SP0058,RENDICIONES 2024.csv,JJVV VILLA LOS REGIDORES,0
2301SP0060,,,,JUNTA DE VECINOS LA DEFENSA NACIONAL,pending,,,1,REN24-2301SP0060,RENDICIONES 2024.csv,JUNTA DE VECINOS LA DEFENSA NACIONAL,0
2301SP0062,,,,COMITÉ DE ADELANTO Y DESARROLLO SANTA MARÍA - LOZIER,pending,,,4,REN24-2301SP0062,RENDICIONES 2024.csv,COMITÉ DE ADELANTO Y DESARROLLO SANTA MARÍA - LOZIER,0
2301SP0069,,,,JUNTA DE VECINOS EL BARCO,pending,,,1,REN24-2301SP0069,RENDICIONES 2024.csv,JUNTA DE VECINOS EL BARCO,0
2301SP0072,,,,JJVV DE POBLACION BINIMELIS,pending,,,1,REN24-2301SP0072,RENDICIONES 2024.csv,JJVV DE POBLACION BINIMELIS,0
2301SP0073,,,,JUNTA DE VECINOS 4-U MANUEL BULNES,pending,,,1,REN24-2301SP0073,RENDICIONES 2024.csv,JUNTA DE VECINOS 4-U MANUEL BULNES,0
2301SP0080,,,,UNIDAD VECINAL N°3 POBL. EDUARDO FREI MONTALVA,pending,,,1,REN24-2301SP0080,RENDICIONES 2024.csv,UNIDAD VECINAL N°3 POBL. EDUARDO FREI MONTALVA,0
2301SP0082,,,,APR LOS CASTAÑOS PARQUE LANTAÑO CHILLAN,pending,,,2,REN24-2301SP0082,RENDICIONES 2024.csv,APR LOS CASTAÑOS PARQUE LANTAÑO CHILLAN,0
2301SP0094,,,,COMITÉ DE AGUA POTABLE RURAL SAN LUIS DE ARIZONA MULLAUQUEN,pending,,,2,REN24-2301SP0094,RENDICIONES 2024.csv,COMITÉ DE AGUA POTABLE RURAL SAN LUIS DE ARIZONA MULLAUQUEN,0
2301SP0099,,,,COMITÉ DE ADELANTO Y DESARROLLO LAS FRUTILLAS,pending,,,2,REN24-2301SP0099,RENDICIONES 2024.csv,COMITÉ DE ADELANTO Y DESARROLLO LAS FRUTILLAS,0
2301SP0100,,,,COMITE DE ADELANTO Y DESARROLLO BUENOS AIRES,pending,,,1,REN24-2301SP0100,RENDICIONES 2024.csv,COMITE DE ADELANTO Y DESARROLLO BUENOS AIRES,0
2301SP0106,,,,COMITÉ DE AGUA POTABLE NINQUIHUE,pending,,,2,REN24-2301SP0106,RENDICIONES 2024.csv,COMITÉ DE AGUA POTABLE NINQUIHUE,0
2301SP0114,,,,JJVV TANILVORO NORTE,pending,,,1,REN24-2301SP0114,RENDICIONES 2024.csv,JJVV TANILVORO NORTE,0
2301SP0116,,,,JJVV BUREO BAJO,pending,,,1,REN24-2301SP0116,RENDICIONES 2024.csv,JJVV BUREO BAJO,0
2301SP0117,,,,JJVV LA VIÑITA,pending,,,1,REN24-2301SP0117,RENDICIONES 2024.csv,JJVV LA VIÑITA,0
2301SP0120,,,,JUNTA DE VECINOS LA DEHESA,pending,,,1,REN24-2301SP0120,RENDICIONES 2024.csv,JUNTA DE VECINOS LA DEHESA,0
2301SP0123,,,,JJVV ROBLERIA,pending,,,1,REN24-2301SP0123,RENDICIONES 2024.csv,JJVV ROBLERIA,0
2301SP0125,,,,JJVV MAITEN CHICO,pending,,,1,REN24-2301SP0125,RENDICIONES 2024.csv,JJVV MAITEN CHICO,0
2301SP0135,,,,JJVV NAHUELTORO INTERIOR,pending,,,1,REN24-2301SP0135,RENDICIONES 2024.csv,JJVV NAHUELTORO INTERIOR,0
2301SP0145,,,,JJ.VV. VOLCANES N°8,pending,,,1,RENX-2301SP0145,RENDICIONES FNDR Y ADNC.csv,JJ.VV. VOLCANES N°8,0
2301SP0147,,,,JUNTA DE VECINOS CONFLUENCIA,pending,,,1,REN24-2301SP0147,RENDICIONES 2024.csv,JUNTA DE VECINOS CONFLUENCIA,0
2301SP0148,,,,JJVV PEDRO AGUIRRE CERDA,pending,,,2,REN24-2301SP0148,RENDICIONES 2024.csv,JJVV PEDRO AGUIRRE CERDA,0
2301SP0150,,,,JJVV EL ALAMO,pending,,,2,REN24-2301SP0150,RENDICIONES 2024.csv,JJVV EL ALAMO,0
2301SP0152,,,,JJVV LOS COPIHUES,pending,,,2,REN24-2301SP0152,RENDICIONES 2024.csv,JJVV LOS COPIHUES,0
2301SP0157,,,,JUNTA DE VECINOS LA UNION DEL SUR,pending,,,1,REN24-2301SP0157,RENDICIONES 2024.csv,JUNTA DE VECINOS LA UNION DEL SUR,0
2301SP0158,,,,JJVV LA UNION DEL SUR,pending,,,2,REN24-2301SP0158,RENDICIONES 2024.csv,JJVV LA UNION DEL SUR,0
2301SP0160,,,,COMITÉ DE EMERGENCIA Y SOCIAL DE RANGUELMO,pending,,,1,REN24-2301SP0160,RENDICIONES 2024.csv,COMITÉ DE EMERGENCIA Y SOCIAL DE RANGUELMO,0
2301SP0166,,,,JUNTA DE VECINOS PARQUE RESIDENCIAL EMMANUEL,pending,,,1,REN24-2301SP0166,RENDICIONES 2024.csv,JUNTA DE VECINOS PARQUE RESIDENCIAL EMMANUEL,0
2301SP0167,,,,JUNTA DE VECINOS POBLACION HERNAN BRAÑAS,pending,,,1,REN24-2301SP0167,RENDICIONES 2024.csv,JUNTA DE VECINOS POBLACION HERNAN BRAÑAS,0
2301SP0168,,,,COMITÉ DE ADELANTO Y DESARROLLO LOS ALTOS AMANECER DE PORTEZUELO,pending,,,2,REN24-2301SP0168,RENDICIONES 2024.csv,COMITÉ DE ADELANTO Y DESARROLLO LOS ALTOS AMANECER DE PORTEZUELO,0
2301SP0174,,,,JUNTA DE VECINOS VILLA DOÑA FRANCISCA III,pending,,,1,REN24-2301SP0174,RENDICIONES 2024.csv,JUNTA DE VECINOS VILLA DOÑA FRANCISCA III,0
2301SP0177,,,,GOBIERNO REGIONAL DE ÑUBLE,pending,,,1,REN24-2301SP0177,RENDICIONES 2024.csv,GOBIERNO REGIONAL DE ÑUBLE,0
2301SP0178,,,,JJ.VV. ORIENTE N°9.,pending,,,1,REN24-2301SP0178,RENDICIONES 2024.csv,JJ.VV. ORIENTE N°9.,0
2301SP0181,,,,COMITE DE ADELANTO Y DESARROLLO VILLA GONZALO ROJAS PIZARRO,pending,,,1,REN24-2301SP0181,RENDICIONES 2024.csv,COMITE DE ADELANTO Y DESARROLLO VILLA GONZALO ROJAS PIZARRO,0
2301SP0187,,,,"JJVV N16 SUR PONIENTE ""EL TEJAR",pending,,,1,REN24-2301SP0187,RENDICIONES 2024.csv,"JJVV N16 SUR PONIENTE ""EL TEJAR",0
2301SP0192,,,,JJVV VILLA VIRGEN DEL CAMINO,pending,,,1,REN24-2301SP0192,RENDICIONES 2024.csv,JJVV VILLA VIRGEN DEL CAMINO,0
2301SP0193,,,,JJVV HUENUTIL CENTRO,pending,,,1,REN24-2301SP0193,RENDICIONES 2024.csv,JJVV HUENUTIL CENTRO,0
2301SP0196,,,,JUNTA DE VECINOS VALLE VERDE,pending,,,1,REN24-2301SP0196,RENDICIONES 2024.csv,JUNTA DE VECINOS VALLE VERDE,0
2301SP0202,,,,JJVV VALLE TEMPLADO,pending,,,1,REN24-2301SP0202,RENDICIONES 2024.csv,JJVV VALLE TEMPLADO,0
2301SP0224,,,,"VILLA LATINO AMERICANA, COMUNA DE QUIRIHUE",pending,,,1,REN24-2301SP0224,RENDICIONES 2024.csv,"VILLA LATINO AMERICANA, COMUNA DE QUIRIHUE",0
2301SP0226,,,,JJVV LA HORCA,pending,,,1,REN24-2301SP0226,RENDICIONES 2024.csv,JJVV LA HORCA,0
2301SP0233,,,,JUNTA DE VECINOS CHUDAL,pending,,,1,REN24-2301SP0233,RENDICIONES 2024.csv,JUNTA DE VECINOS CHUDAL,0
2301SP0236,,,,JUNTA DE VECINOS VILLAS DE LOS CAMPOS DE DOÑA BEATRIZ,pending,,,1,REN24-2301SP0236,RENDICIONES 2024.csv,JUNTA DE VECINOS VILLAS DE LOS CAMPOS DE DOÑA BEATRIZ,0
2301SP0240,,,,COMITE DE AGUA POTABLE RURAL EL PROGRESO DE HUACALEMU,pending,,,1,REN24-2301SP0240,RENDICIONES 2024.csv,COMITE DE AGUA POTABLE RURAL EL PROGRESO DE HUACALEMU,0
2301SP0242,,,,JJVV VILLA ARTURO PRAT,pending,,,1,REN24-2301SP0242,RENDICIONES 2024.csv,JJVV VILLA ARTURO PRAT,0
2301SP0248,,,,CUERPO DE BOMBEROS DE QUILLON,pending,,,1,REN24-2301SP0248,RENDICIONES 2024.csv,CUERPO DE BOMBEROS DE QUILLON,0
2301SP0255,,,,JJVV ROBINSON RAMIREZ,pending,,,1,REN24-2301SP0255,RENDICIONES 2024.csv,JJVV ROBINSON RAMIREZ,0
2301SP0257,,,,JUNTA DE VECINOS LOS VOLCANES 1,pending,,,1,REN24-2301SP0257,RENDICIONES 2024.csv,JUNTA DE VECINOS LOS VOLCANES 1,0
2301SP0258,,,,JJVV PURALIHUE,pending,,,1,REN24-2301SP0258,RENDICIONES 2024.csv,JJVV PURALIHUE,0
2301SP0267,,,,JJVV CAMPOS DEL PONIENTE,pending,,,1,REN24-2301SP0267,RENDICIONES 2024.csv,JJVV CAMPOS DEL PONIENTE,0
2301SP0268,,,,JJVV VILLA DOÑA FRANCISCA LAS MARIPOSAS,pending,,,3,REN24-2301SP0268,RENDICIONES 2024.csv,JJVV VILLA DOÑA FRANCISCA LAS MARIPOSAS,0
2301SP0269,,,,JUNTA DE VECINOS VILLA ESPAÑA,pending,,,1,REN24-2301SP0269,RENDICIONES 2024.csv,JUNTA DE VECINOS VILLA ESPAÑA,0
2301SP0271,,,,JUNTA DE VECINOS VILLA PARAISO,pending,,,1,REN24-2301SP0271,RENDICIONES 2024.csv,JUNTA DE VECINOS VILLA PARAISO,0
2301SP0273,,,,COMITE APR NAHUELTORO,pending,,,1,REN24-2301SP0273,RENDICIONES 2024.csv,COMITE APR NAHUELTORO,0
2301SP0276,,,,COMITÉ DE ADELANTO Y DESARROLLO LOS PRESIDENTES,pending,,,1,REN24-2301SP0276,RENDICIONES 2024.csv,COMITÉ DE ADELANTO Y DESARROLLO LOS PRESIDENTES,0
2301SP0277,,,,COMITÉ DE ADELANTO CAMINO EL CASTAÑO,pending,,,2,REN24-2301SP0277,RENDICIONES 2024.csv,COMITÉ DE ADELANTO CAMINO EL CASTAÑO,0
2301SP0280,,,,JJVV VILLA LOS LIBERTADORES,pending,,,3,REN24-2301SP0280,RENDICIONES 2024.csv,JJVV VILLA LOS LIBERTADORES,0
2301SP0290,,,,COMITÉ APR AGUAS LINDAS,pending,,,2,REN24-2301SP0290,RENDICIONES 2024.csv,COMITÉ APR AGUAS LINDAS,0
2301SP0292,,,,UNION COMUNAL DE JUNTAS DE VECINOS RURAL - SECTOR SUR QUILLON,pending,,,2,REN24-2301SP0292,RENDICIONES 2024.csv,UNION COMUNAL DE JUNTAS DE VECINOS RURAL - SECTOR SUR QUILLON,0
2301SP0311,,,,VILLA PARAISO,pending,,,1,REN24-2301SP0311,RENDICIONES 2024.csv,VILLA PARAISO,0
2301SP0319,,,,SEGUNDA COMPAÑÍA DE BOMBEROS DE YUNGAY,pending,,,1,REN24-2301SP0319,RENDICIONES 2024.csv,SEGUNDA COMPAÑÍA DE BOMBEROS DE YUNGAY,0
2301SP0320,,,,JJ.VV. EL PEDREGAL.,pending,,,2,REN24-2301SP0320,RENDICIONES 2024.csv,JJ.VV. EL PEDREGAL.,0
2301SP0323,,,,JJVV PORTEÑA ALESSANDRI,pending,,,2,REN24-2301SP0323,RENDICIONES 2024.csv,JJVV PORTEÑA ALESSANDRI,0
2301SP0339,,,,COMITÉ PRO ADELANTO VILLA QUILLON,pending,,,1,REN24-2301SP0339,RENDICIONES 2024.csv,COMITÉ PRO ADELANTO VILLA QUILLON,0
2301SP0349,,,,COMITÉ DE ADELANTO LA MORTANDAD,pending,,,2,REN24-2301SP0349,RENDICIONES 2024.csv,COMITÉ DE ADELANTO LA MORTANDAD,0
2301SP0360,,,,JJVV VILLA PRAT,pending,,,1,REN24-2301SP0360,RENDICIONES 2024.csv,JJVV VILLA PRAT,0
2301SP0364,,,,JJVV LAS ROSAS DE CACHAPOAL,pending,,,2,REN24-2301SP0364,RENDICIONES 2024.csv,JJVV LAS ROSAS DE CACHAPOAL,0
2301SP0373,,,,CONSEJO VECINAL DE DESARROLLO BARRIO SUR,pending,,,2,REN24-2301SP0373,RENDICIONES 2024.csv,CONSEJO VECINAL DE DESARROLLO BARRIO SUR,0
2301SP0378,,,,JJVV TOQUIHUA,pending,,,1,REN24-2301SP0378,RENDICIONES 2024.csv,JJVV TOQUIHUA,0
2301SP0383,,,,JUNTA DE VECINOS CHILLANCITO,pending,,,1,REN24-2301SP0383,RENDICIONES 2024.csv,JUNTA DE VECINOS CHILLANCITO,0
2301SP0391,,,,JJVV VILLA LOS ANDES,pending,,,1,REN24-2301SP0391,RENDICIONES 2024.csv,JJVV VILLA LOS ANDES,0
2301SP0402,,,,COMITE APR BULI ORIENTE.,pending,,,1,REN24-2301SP0402,RENDICIONES 2024.csv,COMITE APR BULI ORIENTE.,0
2301SP0419,,,,JUNTA DE VECINOS VILLA SAN NICOLAS,pending,,,2,REN24-2301SP0419,RENDICIONES 2024.csv,JUNTA DE VECINOS VILLA SAN NICOLAS,0
2301SP0421,,,,JUNTA DE VECINOS POBLACION MARDONES,pending,,,1,REN24-2301SP0421,RENDICIONES 2024.csv,JUNTA DE VECINOS POBLACION MARDONES,0
2301SP0426,,,,JJVV LOS PUQUIOS,pending,,,1,REN24-2301SP0426,RENDICIONES 2024.csv,JJVV LOS PUQUIOS,0
2301SP0427,,,,JJVV DESARROLLO Y ESFUERZO,pending,,,1,REN24-2301SP0427,RENDICIONES 2024.csv,JJVV DESARROLLO Y ESFUERZO,0
2301SP0429,,,,JJVV VILLA LOS ANDES,pending,,,2,REN24-2301SP0429,RENDICIONES 2024.csv,JJVV VILLA LOS ANDES,0
2301SP0430,,,,JUNTA DE VECINOS N°14 SARGENTO CANDELARIA,pending,,,1,REN24-2301SP0430,RENDICIONES 2024.csv,JUNTA DE VECINOS N°14 SARGENTO CANDELARIA,0
2301SP0435,,,,CORPORACION NACIONAL FORESTAL,pending,,,3,REN24-2301SP0435,RENDICIONES 2024.csv,CORPORACION NACIONAL FORESTAL,0
2301SP0436,,,,JJVV VILLA PACÍFICO,pending,,,3,REN24-2301SP0436,RENDICIONES 2024.csv,JJVV VILLA PACÍFICO,0
2301SP0437,,,,JUNTA DE VECINOS VALLE HONDO,pending,,,1,REN24-2301SP0437,RENDICIONES 2024.csv,JUNTA DE VECINOS VALLE HONDO,0
2301SP0440,,,,COMITÉ DE ADELANTO Y DESARROLLO VILLA OLIMPICA,pending,,,2,REN24-2301SP0440,RENDICIONES 2024.csv,COMITÉ DE ADELANTO Y DESARROLLO VILLA OLIMPICA,0
2301SP0442,,,,JJVV PABLO NERUDA QUIRIHUE,pending,,,1,REN24-2301SP0442,RENDICIONES 2024.csv,JJVV PABLO NERUDA QUIRIHUE,0
2301SP0444,,,,JJVV POBLACION BARTOLUCCI,pending,,,2,REN24-2301SP0444,RENDICIONES 2024.csv,JJVV POBLACION BARTOLUCCI,0
2301SP0449,,,,JJVV VILLA LOS EVANGELISTAS,pending,,,1,REN24-2301SP0449,RENDICIONES 2024.csv,JJVV VILLA LOS EVANGELISTAS,0
2301SP0455,,,,JJVV PABLO NERUDA,pending,,,1,REN24-2301SP0455,RENDICIONES 2024.csv,JJVV PABLO NERUDA,0
2301SP0456,,,,JUNTA DE VECINOS PARRALITO,pending,,,1,REN24-2301SP0456,RENDICIONES 2024.csv,JUNTA DE VECINOS PARRALITO,0
2301SP0459,,,,CUERPO DE BOMBEROS DE ÑIPAS,pending,,,1,REN24-2301SP0459,RENDICIONES 2024.csv,CUERPO DE BOMBEROS DE ÑIPAS,0
2301SP0471,,,,JJVV LOS COPIHUES DE CERRO NINHUE,pending,,,1,REN24-2301SP0471,RENDICIONES 2024.csv,JJVV LOS COPIHUES DE CERRO NINHUE,0
2301SP0479,,,,JJVV VALLE ALEGRE,pending,,,1,REN24-2301SP0479,RENDICIONES 2024.csv,JJVV VALLE ALEGRE,0
2301SP0481,,,,JUNTA DE VECINOS LAS VIOLETAS,pending,,,1,REN24-2301SP0481,RENDICIONES 2024.csv,JUNTA DE VECINOS LAS VIOLETAS,0
2301SP0485,,,,JJVV TAUCO,pending,,,1,REN24-2301SP0485,RENDICIONES 2024.csv,JJVV TAUCO,0
2301SP0487,,,,JJ.VV. CANTARANA.,pending,,,1,REN24-2301SP0487,RENDICIONES 2024.csv,JJ.VV. CANTARANA.,0
2301SP0489,,,,JJVV ISLAS DEL SUR CHILLAN,pending,,,1,REN24-2301SP0489,RENDICIONES 2024.csv,JJVV ISLAS DEL SUR CHILLAN,0
2301SP0496,,,,JUNTA DE VECINOS SARGENTO ALDEA,pending,,,1,REN24-2301SP0496,RENDICIONES 2024.csv,JUNTA DE VECINOS SARGENTO ALDEA,0
2301SP0502,,,,COMITE DE AGUA POTABLE RURAL SAN AGUSTIN,pending,,,1,REN24-2301SP0502,RENDICIONES 2024.csv,COMITE DE AGUA POTABLE RURAL SAN AGUSTIN,0
2301SP0520,,,,JUNTA DE VECINOS LA UNION EDUARDO FREI,pending,,,1,REN24-2301SP0520,RENDICIONES 2024.csv,JUNTA DE VECINOS LA UNION EDUARDO FREI,0
2301SP0522,,,,JUNTA DE VECINOS V. BRISAS DEL BICENTENARIO,pending,,,1,REN24-2301SP0522,RENDICIONES 2024.csv,JUNTA DE VECINOS V. BRISAS DEL BICENTENARIO,0
2301SP0524,,,,JUNTA DE VECINOS VILLA LÑOS MAITENES RUCAPEQUEN,pending,,,1,REN24-2301SP0524,RENDICIONES 2024.csv,JUNTA DE VECINOS VILLA LÑOS MAITENES RUCAPEQUEN,0
2301SP0530,,,,JUNTA DE VECINOS CENTRAL N°6 CHILLAN VIEJO,pending,,,3,REN24-2301SP0530,RENDICIONES 2024.csv,JUNTA DE VECINOS CENTRAL N°6 CHILLAN VIEJO,0
2301SP0535,,,,JUNTA DE VECINOS LOS DOMINICOS 5,pending,,,1,REN24-2301SP0535,RENDICIONES 2024.csv,JUNTA DE VECINOS LOS DOMINICOS 5,0
2301SP0537,,,,JJVV LAS PALMERAS,pending,,,2,REN24-2301SP0537,RENDICIONES 2024.csv,JJVV LAS PALMERAS,0
2301SP0539,,,,JJVV N10 MAIPO ARRIBA,pending,,,1,REN24-2301SP0539,RENDICIONES 2024.csv,JJVV N10 MAIPO ARRIBA,0
2301SP0544,,,,COMITÉ DE ALLEGADOS Y ADELANTO VILLA O'Higgins,pending,,,1,REN24-2301SP0544,RENDICIONES 2024.csv,COMITÉ DE ALLEGADOS Y ADELANTO VILLA O'Higgins,0
2301SP0550,,,,JJVV VILLA PORTAL DEL SUR,pending,,,1,REN24-2301SP0550,RENDICIONES 2024.csv,JJVV VILLA PORTAL DEL SUR,0
2301SP0553,,,,JJVV CLAUDIO ARRAU,pending,,,1,REN24-2301SP0553,RENDICIONES 2024.csv,JJVV CLAUDIO ARRAU,0
2301SP0560,,,,JJ.VV. VILLA LAS PALEMRAS.,pending,,,1,REN24-2301SP0560,RENDICIONES 2024.csv,JJ.VV. VILLA LAS PALEMRAS.,0
2301SP0562,,,,JUNTA DE VECINOS N°9 PEÑAFLOR NINHUE,pending,,,2,REN24-2301SP0562,RENDICIONES 2024.csv,JUNTA DE VECINOS N°9 PEÑAFLOR NINHUE,0
2301SP0568,,,,JJVV LOS MARIA MERCEDES,pending,,,1,REN24-2301SP0568,RENDICIONES 2024.csv,JJVV LOS MARIA MERCEDES,0
2301SP0569,,,,AMIGOS SEGUNDA CB COELEMU,pending,,,2,REN24-2301SP0569,RENDICIONES 2024.csv,AMIGOS SEGUNDA CB COELEMU,0
2301SP436,,,,JUNTA DE VECINOS VILLA PACIFICO,pending,,,1,REN24-2301SP436,RENDICIONES 2024.csv,JUNTA DE VECINOS VILLA PACIFICO,0
2301SP522,,,,VILLA BRISAS DE BICENTENARIO,pending,,,1,REN24-2301SP522,RENDICIONES 2024.csv,VILLA BRISAS DE BICENTENARIO,0
2301SPG0011,,,,JUNTA DE VECINOS RAHUIL,pending,,,1,REN24-2301SPG0011,RENDICIONES 2024.csv,JUNTA DE VECINOS RAHUIL,0
2301SPO273,,,,COMITE APR . NAHUELTORO,pending,,,1,REN24-2301SPO273,RENDICIONES 2024.csv,COMITE APR . NAHUELTORO,0
2303ADCC09,,,,SERNATUR,pending,,,1,RENX-2303ADCC09,RENDICIONES FNDR Y ADNC.csv,SERNATUR,0
240,,,,,pending,,,1,REN24-240,RENDICIONES 2024.csv,,0
24001AM0180,,,,CLUB ADULTO MAYOR  ALEGRIA DE VIVIR,pending,,,1,REN24-24001AM0180,RENDICIONES 2024.csv,CLUB ADULTO MAYOR  ALEGRIA DE VIVIR,0
24010007,,,,COMITE CAMPESINO EL ALMENDRO,pending,,,1,REN24-24010007,RENDICIONES 2024.csv,COMITE CAMPESINO EL ALMENDRO,0
24010030,,,,CLUB DE HUASOS PAREDONES,pending,,,1,REN24-24010030,RENDICIONES 2024.csv,CLUB DE HUASOS PAREDONES,0
24010085,,,,CLUB DE ADULTO MAYOR LA AMISTAD,pending,,,1,REN24-24010085,RENDICIONES 2024.csv,CLUB DE ADULTO MAYOR LA AMISTAD,0
2401ADCC010,,,,ASOCIACION ÑUBLE AUDIOVISUAL,pending,,,1,REN24-2401ADCC010,RENDICIONES 2024.csv,ASOCIACION ÑUBLE AUDIOVISUAL,0
2401ADNCD009,,,,UNION COMUNAL DE CLUBES DEPORTIVOS ASOCIACION DE FUTBOL RURAL PONIENTE,pending,,,1,REN24-2401ADNCD009,RENDICIONES 2024.csv,UNION COMUNAL DE CLUBES DEPORTIVOS ASOCIACION DE FUTBOL RURAL PONIENTE,0
2401ADNCD04,,,,ASOCIACION DE TENIS DE MESA CHILLAN,pending,,,1,REN24-2401ADNCD04,RENDICIONES 2024.csv,ASOCIACION DE TENIS DE MESA CHILLAN,0
2401AM0001,,,,GRUPO DE ADULTO MAYOR EL PROGRESO SECTOR MANZANAL,pending,,,1,REN24-2401AM0001,RENDICIONES 2024.csv,GRUPO DE ADULTO MAYOR EL PROGRESO SECTOR MANZANAL,0
2401AM0002,,,,CLUB ADULTO MAYOR JUAN DE DIOS DAVILA,pending,,,1,REN24-2401AM0002,RENDICIONES 2024.csv,CLUB ADULTO MAYOR JUAN DE DIOS DAVILA,0
2401AM0003,,,,CLUB DE ADULTO MAYOR LOS BUENOS VECINOS,pending,,,1,REN24-2401AM0003,RENDICIONES 2024.csv,CLUB DE ADULTO MAYOR LOS BUENOS VECINOS,0
2401AM0006,,,,CLUB DE ADULTO MAYOR LOS PUMAS DE PANGUILEMU,pending,,,1,REN24-2401AM0006,RENDICIONES 2024.csv,CLUB DE ADULTO MAYOR LOS PUMAS DE PANGUILEMU,0
2401AM0007,,,,ORGANIZACION DE ADULTO MAYOR AMANECER,pending,,,1,REN24-2401AM0007,RENDICIONES 2024.csv,ORGANIZACION DE ADULTO MAYOR AMANECER,0
2401AM0008,,,,COMITE DE ADULTO MAYOR MANOS UNIDAS EN FAMILIA CUCVHA URREJOLA,pending,,,1,REN24-2401AM0008,RENDICIONES 2024.csv,COMITE DE ADULTO MAYOR MANOS UNIDAS EN FAMILIA CUCVHA URREJOLA,0
2401AM0010,,,,GRUPO ADULTO MAYOR LAS ARBOLEDAS,pending,,,1,REN24-2401AM0010,RENDICIONES 2024.csv,GRUPO ADULTO MAYOR LAS ARBOLEDAS,0
2401AM0011,,,,CLUB DE ADULTO MAYOR ALEGRIA DE VIVIR,pending,,,1,REN24-2401AM0011,RENDICIONES 2024.csv,CLUB DE ADULTO MAYOR ALEGRIA DE VIVIR,0
2401AM0014,,,,CLUB ADULTO MAYOR ORO VERDE,pending,,,1,REN24-2401AM0014,RENDICIONES 2024.csv,CLUB ADULTO MAYOR ORO VERDE,0
2401AM0015,,,,CLUB ADULTO MAYO NUEVO AMANECER,pending,,,1,REN24-2401AM0015,RENDICIONES 2024.csv,CLUB ADULTO MAYO NUEVO AMANECER,0
2401AM0016,,,,CLUB ADULTO MAYOR MARIA DORILA,pending,,,1,REN24-2401AM0016,RENDICIONES 2024.csv,CLUB ADULTO MAYOR MARIA DORILA,0
2401AM0017,,,,CLUB DE ADULTO MAYOR NUESTRA PRIMAVERA,pending,,,1,REN24-2401AM0017,RENDICIONES 2024.csv,CLUB DE ADULTO MAYOR NUESTRA PRIMAVERA,0
2401AM0019,,,,CLUB ADULTO MAYOR MAYULERMO,pending,,,1,REN24-2401AM0019,RENDICIONES 2024.csv,CLUB ADULTO MAYOR MAYULERMO,0
2401AM0021,,,,CLUB ADULTO MAYOR REPOSO Y VIDA,pending,,,1,REN24-2401AM0021,RENDICIONES 2024.csv,CLUB ADULTO MAYOR REPOSO Y VIDA,0
2401AM0022,,,,CLUB DE ADULTOS MAYORES LA EDAD DORADA,pending,,,1,REN24-2401AM0022,RENDICIONES 2024.csv,CLUB DE ADULTOS MAYORES LA EDAD DORADA,0
2401AM0024,,,,UNION COMUNAL DE ADULTOS MAYORES,pending,,,1,REN24-2401AM0024,RENDICIONES 2024.csv,UNION COMUNAL DE ADULTOS MAYORES,0
2401AM0025,,,,CLUB DE ADULTO MAYOR EL AMANECER DE BUCHUPUREO,pending,,,1,REN24-2401AM0025,RENDICIONES 2024.csv,CLUB DE ADULTO MAYOR EL AMANECER DE BUCHUPUREO,0
2401AM0026,,,,CLUB DE ADULTO MAYOR LAS GOLONDRINAS,pending,,,1,REN24-2401AM0026,RENDICIONES 2024.csv,CLUB DE ADULTO MAYOR LAS GOLONDRINAS,0
2401AM0027,,,,CLUB DE ADULTO MAYOR LOS AÑOS DORADOS,pending,,,1,REN24-2401AM0027,RENDICIONES 2024.csv,CLUB DE ADULTO MAYOR LOS AÑOS DORADOS,0
2401AM0028,,,,UNION COMUNAL ADULTO MAYOR UCAM,pending,,,1,REN24-2401AM0028,RENDICIONES 2024.csv,UNION COMUNAL ADULTO MAYOR UCAM,0
2401AM0029,,,,AGRUPACION DE PROFESORES JUBILADOS DE LA COMUNA DE COELEMU,pending,,,1,REN24-2401AM0029,RENDICIONES 2024.csv,AGRUPACION DE PROFESORES JUBILADOS DE LA COMUNA DE COELEMU,0
2401AM0030,,,,AGRUPACION FOLCLORICA DE ADULTO MAYOR VOCES DE ANTAÑO,pending,,,1,REN24-2401AM0030,RENDICIONES 2024.csv,AGRUPACION FOLCLORICA DE ADULTO MAYOR VOCES DE ANTAÑO,0
2401AM0033,,,,GRUPO ADULTO MAYOR LAS CAMELIAS,pending,,,1,REN24-2401AM0033,RENDICIONES 2024.csv,GRUPO ADULTO MAYOR LAS CAMELIAS,0
2401AM0034,,,,CLUB DE ADULTO MAYOR EMANUEL,pending,,,1,REN24-2401AM0034,RENDICIONES 2024.csv,CLUB DE ADULTO MAYOR EMANUEL,0
2401AM0035,,,,CLUB DE ADULTO MAYOR FLOR DE BOSQUE,pending,,,1,REN24-2401AM0035,RENDICIONES 2024.csv,CLUB DE ADULTO MAYOR FLOR DE BOSQUE,0
2401AM0036,,,,CLUB DE ADULTO MAYOR LUZ Y VIDA,pending,,,1,REN24-2401AM0036,RENDICIONES 2024.csv,CLUB DE ADULTO MAYOR LUZ Y VIDA,0
2401AM0037,,,,CLUB ADULTO MAYOR LOS MEJORES CRONICOS,pending,,,1,REN24-2401AM0037,RENDICIONES 2024.csv,CLUB ADULTO MAYOR LOS MEJORES CRONICOS,0
2401AM0038,,,,CLUB DE ADULTO MAYOR VIVAMOS JUNTOS LA ALEGRIA,pending,,,1,REN24-2401AM0038,RENDICIONES 2024.csv,CLUB DE ADULTO MAYOR VIVAMOS JUNTOS LA ALEGRIA,0
2401AM0039,,,,AGRUPACION DEL ADULTO MAYOR BRISAS DEL SUR,pending,,,1,REN24-2401AM0039,RENDICIONES 2024.csv,AGRUPACION DEL ADULTO MAYOR BRISAS DEL SUR,0
2401AM0040,,,,GRUPO DE ADULTO MAYOR NUESTRA SEÑORA DEL CARMEN,pending,,,1,REN24-2401AM0040,RENDICIONES 2024.csv,GRUPO DE ADULTO MAYOR NUESTRA SEÑORA DEL CARMEN,0
2401AM0041,,,,UNION COMUNAL DE ADULTOS MAYORES DE COELEMU,pending,,,1,REN24-2401AM0041,RENDICIONES 2024.csv,UNION COMUNAL DE ADULTOS MAYORES DE COELEMU,0
2401AM0043,,,,CLUB ADULTO MAYOR AÑOS DORADOS,pending,,,1,REN24-2401AM0043,RENDICIONES 2024.csv,CLUB ADULTO MAYOR AÑOS DORADOS,0
2401AM0044,,,,CLUB DE ADULTO MAYOR AL ATARDECER DE CURICA,pending,,,1,REN24-2401AM0044,RENDICIONES 2024.csv,CLUB DE ADULTO MAYOR AL ATARDECER DE CURICA,0
2401AM0045,,,,CLUB ADULTO MAYOR LAS GOLONDRINAS,pending,,,1,REN24-2401AM0045,RENDICIONES 2024.csv,CLUB ADULTO MAYOR LAS GOLONDRINAS,0
2401AM0046,,,,CLUB DE ADULTO MAYOR VOLVER A NACER,pending,,,1,REN24-2401AM0046,RENDICIONES 2024.csv,CLUB DE ADULTO MAYOR VOLVER A NACER,0
2401AM0048,,,,CLUB DE ADULTO MAYOR MANOS CREADORAS,pending,,,1,REN24-2401AM0048,RENDICIONES 2024.csv,CLUB DE ADULTO MAYOR MANOS CREADORAS,0
2401AM0049,,,,CLUB DE ADULTO MAYOR QUELTEHUE,pending,,,1,REN24-2401AM0049,RENDICIONES 2024.csv,CLUB DE ADULTO MAYOR QUELTEHUE,0
2401AM0051,,,,GRUPO DE LA TERCERA EDAD FUTURO FELIZ,pending,,,1,REN24-2401AM0051,RENDICIONES 2024.csv,GRUPO DE LA TERCERA EDAD FUTURO FELIZ,0
2401AM0053,,,,CLUB ADULTO MAYOR PADRE ALBERTO HURTADO,pending,,,1,REN24-2401AM0053,RENDICIONES 2024.csv,CLUB ADULTO MAYOR PADRE ALBERTO HURTADO,0
2401AM0054,,,,CLUB ADULTO MAYOR ETERNA JUVENTUD,pending,,,1,REN24-2401AM0054,RENDICIONES 2024.csv,CLUB ADULTO MAYOR ETERNA JUVENTUD,0
2401AM0057,,,,CLUB DE ADULTO MAYOR LOS EMPRENDEDORES,pending,,,1,REN24-2401AM0057,RENDICIONES 2024.csv,CLUB DE ADULTO MAYOR LOS EMPRENDEDORES,0
2401AM0059,,,,CLUB DE ADULTO MAYOR LOS VIEJOS ESTANDARTES DE EL ESPINAL,pending,,,1,REN24-2401AM0059,RENDICIONES 2024.csv,CLUB DE ADULTO MAYOR LOS VIEJOS ESTANDARTES DE EL ESPINAL,0
2401AM0060,,,,CLUB DE ADULTO MAYOR SURCO SEMILLA,pending,,,1,REN24-2401AM0060,RENDICIONES 2024.csv,CLUB DE ADULTO MAYOR SURCO SEMILLA,0
2401AM0061,,,,CLUB DE ADULTO MAYOR LAS HORMIGUITAS DE RINCON,pending,,,1,REN24-2401AM0061,RENDICIONES 2024.csv,CLUB DE ADULTO MAYOR LAS HORMIGUITAS DE RINCON,0
2401AM0062,,,,CLUB ADULTO MAYOR SAGRADO CORAZON DE LOS MAYOS,pending,,,1,REN24-2401AM0062,RENDICIONES 2024.csv,CLUB ADULTO MAYOR SAGRADO CORAZON DE LOS MAYOS,0
2401AM0064,,,,CLUB DE ADULTO MAYOR MARIA LA MERCED,pending,,,1,REN24-2401AM0064,RENDICIONES 2024.csv,CLUB DE ADULTO MAYOR MARIA LA MERCED,0
2401AM0069,,,,CLUB DE DULTO MAYOR DULCE ATARDECER,pending,,,1,REN24-2401AM0069,RENDICIONES 2024.csv,CLUB DE DULTO MAYOR DULCE ATARDECER,0
2401AM0071,,,,COMITE DE APOYO AL ADULTO MAYOR LUZ DEL FUTURO,pending,,,1,REN24-2401AM0071,RENDICIONES 2024.csv,COMITE DE APOYO AL ADULTO MAYOR LUZ DEL FUTURO,0
2401AM0072,,,,CLUB ADULTO MAYOR LOS COPIHUES,pending,,,1,REN24-2401AM0072,RENDICIONES 2024.csv,CLUB ADULTO MAYOR LOS COPIHUES,0
2401AM0073,,,,CLUB ADULTO MAYOR LOS AÑOS DORADOS DE COELEMU,pending,,,1,REN24-2401AM0073,RENDICIONES 2024.csv,CLUB ADULTO MAYOR LOS AÑOS DORADOS DE COELEMU,0
2401AM0074,,,,AGRUPACION SOL Y LUNA,pending,,,1,REN24-2401AM0074,RENDICIONES 2024.csv,AGRUPACION SOL Y LUNA,0
2401AM0075,,,,CLUB ADULTO MAYOR UNIDAS MEJOR,pending,,,1,REN24-2401AM0075,RENDICIONES 2024.csv,CLUB ADULTO MAYOR UNIDAS MEJOR,0
2401AM0076,,,,CLUB DE ADULTO MAYOR LOS AÑOS DORADOS,pending,,,1,REN24-2401AM0076,RENDICIONES 2024.csv,CLUB DE ADULTO MAYOR LOS AÑOS DORADOS,0
2401AM0077,,,,CLUB DE PERSONAS MAYORES VOLVER A NACER,pending,,,1,REN24-2401AM0077,RENDICIONES 2024.csv,CLUB DE PERSONAS MAYORES VOLVER A NACER,0
2401AM0078,,,,GRUPO ADULTO MAYOR LA AURORA DE PAL PAL,pending,,,1,REN24-2401AM0078,RENDICIONES 2024.csv,GRUPO ADULTO MAYOR LA AURORA DE PAL PAL,0
2401AM0080,,,,CLUB DE ADULTO MAYOR RENACER,pending,,,1,REN24-2401AM0080,RENDICIONES 2024.csv,CLUB DE ADULTO MAYOR RENACER,0
2401AM0082,,,,CLUB DE ADULTO MAYOR LA CASCADA DE LA ISLA,pending,,,1,REN24-2401AM0082,RENDICIONES 2024.csv,CLUB DE ADULTO MAYOR LA CASCADA DE LA ISLA,0
2401AM0083,,,,RECUERDO DE TOTORAL,pending,,,1,REN24-2401AM0083,RENDICIONES 2024.csv,RECUERDO DE TOTORAL,0
2401AM0084,,,,CLUB ADULTO MAYOR MONTAÑA NEVADA,pending,,,1,REN24-2401AM0084,RENDICIONES 2024.csv,CLUB ADULTO MAYOR MONTAÑA NEVADA,0
2401AM0086,,,,CLUB DE ADULTO MAYOR MULTITALLER ANGELES,pending,,,1,REN24-2401AM0086,RENDICIONES 2024.csv,CLUB DE ADULTO MAYOR MULTITALLER ANGELES,0
2401AM0087,,,,CLUB DE ADULTO MAYOR HILDA SANDOVAL VARGAS,pending,,,1,REN24-2401AM0087,RENDICIONES 2024.csv,CLUB DE ADULTO MAYOR HILDA SANDOVAL VARGAS,0
2401AM0088,,,,UNION COMUNAL DE ADULTOS MAYORES,pending,,,1,REN24-2401AM0088,RENDICIONES 2024.csv,UNION COMUNAL DE ADULTOS MAYORES,0
2401AM0090,,,,CLUB DE ANCIANOS BETANIA,pending,,,1,REN24-2401AM0090,RENDICIONES 2024.csv,CLUB DE ANCIANOS BETANIA,0
2401AM0091,,,,CLUB DE ADULTO MAYOR NUEVA ESPERANZA DE LIUQUILEMU,pending,,,1,REN24-2401AM0091,RENDICIONES 2024.csv,CLUB DE ADULTO MAYOR NUEVA ESPERANZA DE LIUQUILEMU,0
2401AM0092,,,,GRUPO ADULTO MAYOR ARCOIRIS,pending,,,1,REN24-2401AM0092,RENDICIONES 2024.csv,GRUPO ADULTO MAYOR ARCOIRIS,0
2401AM0093,,,,COMITE DE ADULTO MAYOR EL TRIGAL LOMA DE HORNO,pending,,,1,REN24-2401AM0093,RENDICIONES 2024.csv,COMITE DE ADULTO MAYOR EL TRIGAL LOMA DE HORNO,0
2401AM0094,,,,CORO ADULTO MAYOR VOCES MAGICAS DEL AYER,pending,,,1,REN24-2401AM0094,RENDICIONES 2024.csv,CORO ADULTO MAYOR VOCES MAGICAS DEL AYER,0
2401AM0096,,,,CLUB DE ADULTO MAYOR VIDA NUEVA,pending,,,1,REN24-2401AM0096,RENDICIONES 2024.csv,CLUB DE ADULTO MAYOR VIDA NUEVA,0
2401AM0097,,,,CLUB DE ADULTO MAYOR PADRE JUAN CARLOS RODRIGUEZ,pending,,,1,REN24-2401AM0097,RENDICIONES 2024.csv,CLUB DE ADULTO MAYOR PADRE JUAN CARLOS RODRIGUEZ,0
2401AM0098,,,,CLUB SONRISA DEL ADULTO MAYOR,pending,,,1,REN24-2401AM0098,RENDICIONES 2024.csv,CLUB SONRISA DEL ADULTO MAYOR,0
2401AM0099,,,,GRUPO DE ADULTO MAYOR SANTA AMELIA EL SAUCE,pending,,,1,REN24-2401AM0099,RENDICIONES 2024.csv,GRUPO DE ADULTO MAYOR SANTA AMELIA EL SAUCE,0
2401AM0100,,,,CLUB DE ADULTO MAYOR DE CHEQUEN,pending,,,1,REN24-2401AM0100,RENDICIONES 2024.csv,CLUB DE ADULTO MAYOR DE CHEQUEN,0
2401AM0101,,,,AGRUPACION DE ADULTOS MAYORES LOS AÑOS DORADOS,pending,,,1,REN24-2401AM0101,RENDICIONES 2024.csv,AGRUPACION DE ADULTOS MAYORES LOS AÑOS DORADOS,0
2401AM0102,,,,TALLER DE MANUALIDADES LAS VIÑITAS,pending,,,1,REN24-2401AM0102,RENDICIONES 2024.csv,TALLER DE MANUALIDADES LAS VIÑITAS,0
2401AM0103,,,,CLUB ADULTO MAYOR NUEVO AMANECER,pending,,,1,REN24-2401AM0103,RENDICIONES 2024.csv,CLUB ADULTO MAYOR NUEVO AMANECER,0
2401AM0104,,,,CLUB DE ADULTO MAYOR PROFESORES EN RECREO,pending,,,1,REN24-2401AM0104,RENDICIONES 2024.csv,CLUB DE ADULTO MAYOR PROFESORES EN RECREO,0
2401AM0105,,,,GRUPO ADULTO MAYOR PAZ Y AMISTAD,pending,,,1,REN24-2401AM0105,RENDICIONES 2024.csv,GRUPO ADULTO MAYOR PAZ Y AMISTAD,0
2401AM0106,,,,CLUB DE ADULTO MAYOR NUEVO AMANECER DE RELOCA,pending,,,1,REN24-2401AM0106,RENDICIONES 2024.csv,CLUB DE ADULTO MAYOR NUEVO AMANECER DE RELOCA,0
2401AM0109,,,,ADULTOS MAYORES ALEGRIA DE VIVIR DE VIRGUIN,pending,,,1,REN24-2401AM0109,RENDICIONES 2024.csv,ADULTOS MAYORES ALEGRIA DE VIVIR DE VIRGUIN,0
2401AM0110,,,,AGRUPACION ADULTO MAYOR EL PROGRESO,pending,,,1,REN24-2401AM0110,RENDICIONES 2024.csv,AGRUPACION ADULTO MAYOR EL PROGRESO,0
2401AM0112,,,,CLUB DE ADULTO MAYOR SOL NACIENTE,pending,,,1,REN24-2401AM0112,RENDICIONES 2024.csv,CLUB DE ADULTO MAYOR SOL NACIENTE,0
2401AM0113,,,,CLUB DE ADULTO MAYOR GIRASOL DE HUALTE,pending,,,1,REN24-2401AM0113,RENDICIONES 2024.csv,CLUB DE ADULTO MAYOR GIRASOL DE HUALTE,0
2401AM0114,,,,CLUB CULTURAL DE ADULTOS MAYORES TRAS LAS HUELLAS DE LA VIDA,pending,,,1,REN24-2401AM0114,RENDICIONES 2024.csv,CLUB CULTURAL DE ADULTOS MAYORES TRAS LAS HUELLAS DE LA VIDA,0
2401AM0115,,,,CLUB DE ADULTO MAYOR DE QUIRAO,pending,,,1,REN24-2401AM0115,RENDICIONES 2024.csv,CLUB DE ADULTO MAYOR DE QUIRAO,0
2401AM0116,,,,CLUB DE ADULTO MAYOR ATARDECER FELIZ,pending,,,2,REN24-2401AM0116,RENDICIONES 2024.csv,CLUB DE ADULTO MAYOR ATARDECER FELIZ,0
2401AM0117,,,,CLUB DE ADULTO MAYOR NUEVO AMANECER DE PEÑAFLOR,pending,,,1,REN24-2401AM0117,RENDICIONES 2024.csv,CLUB DE ADULTO MAYOR NUEVO AMANECER DE PEÑAFLOR,0
2401AM0118,,,,CLUB DE ADULTO MAYOR ELENA VALDES,pending,,,1,REN24-2401AM0118,RENDICIONES 2024.csv,CLUB DE ADULTO MAYOR ELENA VALDES,0
2401AM0119,,,,CLUB DE ADULTO MAYOR BELLO HORIZONTE,pending,,,1,REN24-2401AM0119,RENDICIONES 2024.csv,CLUB DE ADULTO MAYOR BELLO HORIZONTE,0
2401AM0120,,,,CLUB DE ADULTO MAYOR LAS ARAÑITAS LABORIOSAS,pending,,,1,REN24-2401AM0120,RENDICIONES 2024.csv,CLUB DE ADULTO MAYOR LAS ARAÑITAS LABORIOSAS,0
2401AM0121,,,,CLUB DE ADULTO MAYOR JUAN PABLO II DE COYANCO,pending,,,1,REN24-2401AM0121,RENDICIONES 2024.csv,CLUB DE ADULTO MAYOR JUAN PABLO II DE COYANCO,0
2401AM0122,,,,GRUPO ADULTO MAYOR SANTA ISABEL CHAMIZAL,pending,,,1,REN24-2401AM0122,RENDICIONES 2024.csv,GRUPO ADULTO MAYOR SANTA ISABEL CHAMIZAL,0
2401AM0123,,,,CENTRO CULTURAL ESFUERZO Y CANTO DE LOS ADULTOS MAYORES,pending,,,1,REN24-2401AM0123,RENDICIONES 2024.csv,CENTRO CULTURAL ESFUERZO Y CANTO DE LOS ADULTOS MAYORES,0
2401AM0125,,,,CENTRO DE ADULTO MAYOR LOS ROBLES,pending,,,1,REN24-2401AM0125,RENDICIONES 2024.csv,CENTRO DE ADULTO MAYOR LOS ROBLES,0
2401AM0126,,,,UNION COMUNAL DE ADULTOS MAYORES,pending,,,1,REN24-2401AM0126,RENDICIONES 2024.csv,UNION COMUNAL DE ADULTOS MAYORES,0
2401AM0129,,,,CENTRO CULTURAL DE ADULTO MAYOR UNA MIRADA DIFERENTE,pending,,,1,REN24-2401AM0129,RENDICIONES 2024.csv,CENTRO CULTURAL DE ADULTO MAYOR UNA MIRADA DIFERENTE,0
2401AM0131,,,,GRUPO DE ADULTO MAYOR RENACER CON AMOR,pending,,,1,REN24-2401AM0131,RENDICIONES 2024.csv,GRUPO DE ADULTO MAYOR RENACER CON AMOR,0
2401AM0132,,,,CLUB DE ADULTO MAYOR AMISTAD,pending,,,1,REN24-2401AM0132,RENDICIONES 2024.csv,CLUB DE ADULTO MAYOR AMISTAD,0
2401AM0134,,,,GRUPO ADULTO MAYOR LA ESPERANZA DE BULI ESTACION,pending,,,1,REN24-2401AM0134,RENDICIONES 2024.csv,GRUPO ADULTO MAYOR LA ESPERANZA DE BULI ESTACION,0
2401AM0136,,,,CLUB DE ADULTO MAYOR LA ESPERANZA DE RELBUN,pending,,,1,REN24-2401AM0136,RENDICIONES 2024.csv,CLUB DE ADULTO MAYOR LA ESPERANZA DE RELBUN,0
2401AM0138,,,,GRUPO DE ADULTO MAYOR LA MOVIDA,pending,,,1,REN24-2401AM0138,RENDICIONES 2024.csv,GRUPO DE ADULTO MAYOR LA MOVIDA,0
2401AM0139,,,,PILAR VILLA FIGUEROA,pending,,,1,REN24-2401AM0139,RENDICIONES 2024.csv,PILAR VILLA FIGUEROA,0
2401AM0142,,,,CLUB ADULTO MAYOR LOS AROMOS DE AHUACAMALA,pending,,,1,REN24-2401AM0142,RENDICIONES 2024.csv,CLUB ADULTO MAYOR LOS AROMOS DE AHUACAMALA,0
2401AM0143,,,,CLUB ADULTO MAYOR LA AMISTAD,pending,,,1,REN24-2401AM0143,RENDICIONES 2024.csv,CLUB ADULTO MAYOR LA AMISTAD,0
2401AM0144,,,,"CLUB DE LA TERCERA EDAD ""RENACER",pending,,,1,REN24-2401AM0144,RENDICIONES 2024.csv,"CLUB DE LA TERCERA EDAD ""RENACER",0
2401AM0145,,,,CLUB DE ADULTO MAYOR VOLVER A LOS 17,pending,,,1,REN24-2401AM0145,RENDICIONES 2024.csv,CLUB DE ADULTO MAYOR VOLVER A LOS 17,0
2401AM0146,,,,CLUB DE ADULTO MAYOR FLOR DE PRIMAVERA,pending,,,1,REN24-2401AM0146,RENDICIONES 2024.csv,CLUB DE ADULTO MAYOR FLOR DE PRIMAVERA,0
2401AM0147,,,,CLUB DE ADULTO MAYOR SAN JOSE LAS PALOMITAS,pending,,,1,REN24-2401AM0147,RENDICIONES 2024.csv,CLUB DE ADULTO MAYOR SAN JOSE LAS PALOMITAS,0
2401AM0148,,,,CLUB DE ADULTO MAYOR ESPERANZA DE ZEMITA,pending,,,1,REN24-2401AM0148,RENDICIONES 2024.csv,CLUB DE ADULTO MAYOR ESPERANZA DE ZEMITA,0
2401AM0149,,,,CLUB DE ADULTO MAYOR LOS AÑOS DORADOS DE CHACAY,pending,,,1,REN24-2401AM0149,RENDICIONES 2024.csv,CLUB DE ADULTO MAYOR LOS AÑOS DORADOS DE CHACAY,0
2401AM0150,,,,CLUB ADULTO MAYOR GRUPO CORAL,pending,,,1,REN24-2401AM0150,RENDICIONES 2024.csv,CLUB ADULTO MAYOR GRUPO CORAL,0
2401AM0151,,,,CLUB DE ADULTO MAYOR DR. ISIDORO TOHA,pending,,,1,REN24-2401AM0151,RENDICIONES 2024.csv,CLUB DE ADULTO MAYOR DR. ISIDORO TOHA,0
2401AM0152,,,,CLUB DE ADULTO MAYOR LOS QUINCEAÑEROS DE MAITENES,pending,,,1,REN24-2401AM0152,RENDICIONES 2024.csv,CLUB DE ADULTO MAYOR LOS QUINCEAÑEROS DE MAITENES,0
2401AM0153,,,,CLUB DE ADULTO MAYOR LOS 3 CONDORES BLANCOS DEL CERRO CAYUMANQUI,pending,,,1,REN24-2401AM0153,RENDICIONES 2024.csv,CLUB DE ADULTO MAYOR LOS 3 CONDORES BLANCOS DEL CERRO CAYUMANQUI,0
2401AM0155,,,,CLUB DE ADULTO MAYOR VALLE VERDE CACHAPOAL,pending,,,1,REN24-2401AM0155,RENDICIONES 2024.csv,CLUB DE ADULTO MAYOR VALLE VERDE CACHAPOAL,0
2401AM0157,,,,CASA ADULTO MAYOR CHILLAN,pending,,,1,REN24-2401AM0157,RENDICIONES 2024.csv,CASA ADULTO MAYOR CHILLAN,0
2401AM0158,,,,AGRUPACION ADULTO MAYOR AVE FENIX,pending,,,1,REN24-2401AM0158,RENDICIONES 2024.csv,AGRUPACION ADULTO MAYOR AVE FENIX,0
2401AM0159,,,,CLUB DE ADULTO MAYOR EL GRAN SUEÑO DE BULI,pending,,,1,REN24-2401AM0159,RENDICIONES 2024.csv,CLUB DE ADULTO MAYOR EL GRAN SUEÑO DE BULI,0
2401AM0160,,,,CENTRO DE ADULTO MAYOR TERESA DE CALCUTA,pending,,,1,REN24-2401AM0160,RENDICIONES 2024.csv,CENTRO DE ADULTO MAYOR TERESA DE CALCUTA,0
2401AM0162,,,,"CLUB SOCIAL, CULTURAL Y RECREATIVO DE ADULTOS MAYORES JARDINES DE ÑUBLE",pending,,,2,REN24-2401AM0162,RENDICIONES 2024.csv,"CLUB SOCIAL, CULTURAL Y RECREATIVO DE ADULTOS MAYORES JARDINES DE ÑUBLE",0
2401AM0167,,,,TALLER DE APOYO AL ADULTO MAYOR,pending,,,1,REN24-2401AM0167,RENDICIONES 2024.csv,TALLER DE APOYO AL ADULTO MAYOR,0
2401AM0168,,,,CLUB ADULTO MAYOR SALTO ITATA,pending,,,1,REN24-2401AM0168,RENDICIONES 2024.csv,CLUB ADULTO MAYOR SALTO ITATA,0
2401AM0171,,,,GRUPO SOCIAL Y CULTURAL CULTIVANDO AMISTAD,pending,,,1,REN24-2401AM0171,RENDICIONES 2024.csv,GRUPO SOCIAL Y CULTURAL CULTIVANDO AMISTAD,0
2401AM0172,,,,CLUB DE ADULTO MAYOR ROCA FUERTE,pending,,,1,REN24-2401AM0172,RENDICIONES 2024.csv,CLUB DE ADULTO MAYOR ROCA FUERTE,0
2401AM0173,,,,CLUB ADULTO MAYOR REVIVIR,pending,,,1,REN24-2401AM0173,RENDICIONES 2024.csv,CLUB ADULTO MAYOR REVIVIR,0
2401AM0175,,,,CLUB ADULTO MAYOR SANTA INES,pending,,,1,REN24-2401AM0175,RENDICIONES 2024.csv,CLUB ADULTO MAYOR SANTA INES,0
2401AM0179,,,,UNION COMUNAL DE ADULTOS MAYORES,pending,,,1,REN24-2401AM0179,RENDICIONES 2024.csv,UNION COMUNAL DE ADULTOS MAYORES,0
2401AM0181,,,,GRUPO DE ADULTO MAYOR MANANTIAL DE ARCOIRIS,pending,,,2,REN24-2401AM0181,RENDICIONES 2024.csv,GRUPO DE ADULTO MAYOR MANANTIAL DE ARCOIRIS,0
2401AM0182,,,,CLUB ADULTO MAYOR ARCOIRIS,pending,,,1,REN24-2401AM0182,RENDICIONES 2024.csv,CLUB ADULTO MAYOR ARCOIRIS,0
2401AM0183,,,,ASOCIACION DE CLUBES Y TALLERES DEL ADULTO MAYOR DE LA CASA DE ENCUENTRO Y PARTICIPACION ACTAM,pending,,,1,REN24-2401AM0183,RENDICIONES 2024.csv,ASOCIACION DE CLUBES Y TALLERES DEL ADULTO MAYOR DE LA CASA DE ENCUENTRO Y PARTICIPACION ACTAM,0
2401AM0184,,,,CLUB DE ADULTO MAYOR ESPERANZA JOVEN,pending,,,1,REN24-2401AM0184,RENDICIONES 2024.csv,CLUB DE ADULTO MAYOR ESPERANZA JOVEN,0
2401AM0185,,,,CLUB ADULTO MAYOR RECOMENZAR,pending,,,1,REN24-2401AM0185,RENDICIONES 2024.csv,CLUB ADULTO MAYOR RECOMENZAR,0
2401AM0186,,,,AGRUPACION CULTURAL Y SOCIAL ADULTO MAYOR CREACION,pending,,,1,REN24-2401AM0186,RENDICIONES 2024.csv,AGRUPACION CULTURAL Y SOCIAL ADULTO MAYOR CREACION,0
2401AM0188,,,,CLUB ADULTO MAYOR LOS AÑOS FELICES DE SAN MIGUEL DE ITATA,pending,,,1,REN24-2401AM0188,RENDICIONES 2024.csv,CLUB ADULTO MAYOR LOS AÑOS FELICES DE SAN MIGUEL DE ITATA,0
2401AM0189,,,,ADULTOS MAYORES AL ALERO DEL TANGO,pending,,,1,REN24-2401AM0189,RENDICIONES 2024.csv,ADULTOS MAYORES AL ALERO DEL TANGO,0
2401AM0190,,,,GRUPO DEL ADULTO MAYOR VIDA NUEVA,pending,,,1,REN24-2401AM0190,RENDICIONES 2024.csv,GRUPO DEL ADULTO MAYOR VIDA NUEVA,0
2401AM0191,,,,CLUB ADULTO MAYOR ARBOL DE LA JUVENTUD,pending,,,1,REN24-2401AM0191,RENDICIONES 2024.csv,CLUB ADULTO MAYOR ARBOL DE LA JUVENTUD,0
2401AM0192,,,,CLUB DE ADULTO MAYOR TALLER PARA QUE NO ME OLVIDES,pending,,,1,REN24-2401AM0192,RENDICIONES 2024.csv,CLUB DE ADULTO MAYOR TALLER PARA QUE NO ME OLVIDES,0
2401AM0193,,,,CLUB DE ADULTO MAYOR SEMBRANDO AMISTAD,pending,,,1,REN24-2401AM0193,RENDICIONES 2024.csv,CLUB DE ADULTO MAYOR SEMBRANDO AMISTAD,0
2401AM0195,,,,CLUB ADULTO MAYOR SANTA ROSA POBLACION SANTA ELVIRA  NUMERO 6,pending,,,1,REN24-2401AM0195,RENDICIONES 2024.csv,CLUB ADULTO MAYOR SANTA ROSA POBLACION SANTA ELVIRA  NUMERO 6,0
2401AM0196,,,,C.A.M ARCOIRIS DE NUESTRO ATARDECER,pending,,,1,REN24-2401AM0196,RENDICIONES 2024.csv,C.A.M ARCOIRIS DE NUESTRO ATARDECER,0
2401AM0199,,,,VOLUNTARIADO ADULTO MAYOR,pending,,,1,REN24-2401AM0199,RENDICIONES 2024.csv,VOLUNTARIADO ADULTO MAYOR,0
2401AM0200,,,,ACADEMIA ADULTO MAYOR EL ESFUERZO,pending,,,1,REN24-2401AM0200,RENDICIONES 2024.csv,ACADEMIA ADULTO MAYOR EL ESFUERZO,0
2401AM0201,,,,CLUB DE ADULTO MAYOR NUEVO DESPERTAR,pending,,,1,REN24-2401AM0201,RENDICIONES 2024.csv,CLUB DE ADULTO MAYOR NUEVO DESPERTAR,0
2401AM0202,,,,CLUB DE ADULTO MAYOR RENACER,pending,,,1,REN24-2401AM0202,RENDICIONES 2024.csv,CLUB DE ADULTO MAYOR RENACER,0
2401AM0203,,,,CLUB ADULTO MAYOR SAN FRANCISCO DE ASIS,pending,,,1,REN24-2401AM0203,RENDICIONES 2024.csv,CLUB ADULTO MAYOR SAN FRANCISCO DE ASIS,0
2401AM0204,,,,CLUB DE ADULTO MAYOR SAN PEDRO NOLASCO,pending,,,1,REN24-2401AM0204,RENDICIONES 2024.csv,CLUB DE ADULTO MAYOR SAN PEDRO NOLASCO,0
2401AM0205,,,,CLUB DE ADULTO MAYOR EL SOL DE EL MODELO,pending,,,1,REN24-2401AM0205,RENDICIONES 2024.csv,CLUB DE ADULTO MAYOR EL SOL DE EL MODELO,0
2401AM0206,,,,CLUB DE ADULTO MAYOR DE AMIGOS DE ANA Y JOAQUIN,pending,,,1,REN24-2401AM0206,RENDICIONES 2024.csv,CLUB DE ADULTO MAYOR DE AMIGOS DE ANA Y JOAQUIN,0
2401AM0207,,,,CLUB ADULTO MAYOR RENACIENDO A LA VIDA,pending,,,1,REN24-2401AM0207,RENDICIONES 2024.csv,CLUB ADULTO MAYOR RENACIENDO A LA VIDA,0
2401AM0209,,,,CENTRO DE ADULTO MAYOR LOS VALIENTES DE TRES ESQUINA,pending,,,1,REN24-2401AM0209,RENDICIONES 2024.csv,CENTRO DE ADULTO MAYOR LOS VALIENTES DE TRES ESQUINA,0
2401AM0213,,,,CLUB ADULTO MAYOR JESUS RESUCITADO,pending,,,1,REN24-2401AM0213,RENDICIONES 2024.csv,CLUB ADULTO MAYOR JESUS RESUCITADO,0
2401AM0215,,,,CLUB ADULTO MAYOR LOS AÑOS HERMOSOS,pending,,,1,REN24-2401AM0215,RENDICIONES 2024.csv,CLUB ADULTO MAYOR LOS AÑOS HERMOSOS,0
2401AM0218,,,,CLUB DE ADULTO MAYOR LAS ENCINAS DE LLAHUIMAVIDA,pending,,,1,REN24-2401AM0218,RENDICIONES 2024.csv,CLUB DE ADULTO MAYOR LAS ENCINAS DE LLAHUIMAVIDA,0
2401AM0219,,,,AGRUPACION DE PROFESORES JUBILADOS QUIRIHUE,pending,,,1,REN24-2401AM0219,RENDICIONES 2024.csv,AGRUPACION DE PROFESORES JUBILADOS QUIRIHUE,0
2401AM0220,,,,UNION COMUNAL DE ADULTOS MAYORES DE PEMUCO,pending,,,1,REN24-2401AM0220,RENDICIONES 2024.csv,UNION COMUNAL DE ADULTOS MAYORES DE PEMUCO,0
2401AM0221,,,,CLUB DE ADULTO MAYOR AÑORADA JUVENTUD DE ILLINOIS,pending,,,1,REN24-2401AM0221,RENDICIONES 2024.csv,CLUB DE ADULTO MAYOR AÑORADA JUVENTUD DE ILLINOIS,0
2401AM0222,,,,CLUB DE ADULTO MAYOR EL PORVENIR,pending,,,1,REN24-2401AM0222,RENDICIONES 2024.csv,CLUB DE ADULTO MAYOR EL PORVENIR,0
2401AM0223,,,,CONAPRAN,pending,,,2,REN24-2401AM0223,RENDICIONES 2024.csv,CONAPRAN,0
2401AM0224,,,,CLUB ADULTO MAYOR LOS LUCEROS DE PINIHUE,pending,,,1,REN24-2401AM0224,RENDICIONES 2024.csv,CLUB ADULTO MAYOR LOS LUCEROS DE PINIHUE,0
2401AM0226,,,,CLUB ADULTO MAYOR EL ESPINO,pending,,,1,REN24-2401AM0226,RENDICIONES 2024.csv,CLUB ADULTO MAYOR EL ESPINO,0
2401AM0228,,,,ACADEMIA DE ADULTO MAYOR EMANUEL,pending,,,1,REN24-2401AM0228,RENDICIONES 2024.csv,ACADEMIA DE ADULTO MAYOR EMANUEL,0
2401AM0230,,,,CLUB DE ADULTO HORIZONTE CHILLAN,pending,,,1,REN24-2401AM0230,RENDICIONES 2024.csv,CLUB DE ADULTO HORIZONTE CHILLAN,0
2401AM0232,,,,GRUPO DE ADULTO MAYOR RENOVANDO JUVENTUD,pending,,,1,REN24-2401AM0232,RENDICIONES 2024.csv,GRUPO DE ADULTO MAYOR RENOVANDO JUVENTUD,0
2401AM0233,,,,CLUB DE TEATRO BROTES DE PRIMAVERA,pending,,,1,REN24-2401AM0233,RENDICIONES 2024.csv,CLUB DE TEATRO BROTES DE PRIMAVERA,0
2401AM0235,,,,UNION COMUNAL DE CLUBES DE ADULTOS MAYORES,pending,,,1,REN24-2401AM0235,RENDICIONES 2024.csv,UNION COMUNAL DE CLUBES DE ADULTOS MAYORES,0
2401AM0239,,,,CLUB DE ADULTO MAYOR EL CRISTO SAN FERNANDO,pending,,,1,REN24-2401AM0239,RENDICIONES 2024.csv,CLUB DE ADULTO MAYOR EL CRISTO SAN FERNANDO,0
2401AM0240,,,,ASOCIACION DE PENSIONADOS DE PEMUCO,pending,,,1,REN24-2401AM0240,RENDICIONES 2024.csv,ASOCIACION DE PENSIONADOS DE PEMUCO,0
2401AM0245,,,,CLUB DE AMIGOS Y CRONICOS CARDIOVASCULARES MARIA DEL SOL,pending,,,1,REN24-2401AM0245,RENDICIONES 2024.csv,CLUB DE AMIGOS Y CRONICOS CARDIOVASCULARES MARIA DEL SOL,0
2401AM0250,,,,CENTRO DE ADULTO MAYOR AMOR DE HERMANOS,pending,,,1,REN24-2401AM0250,RENDICIONES 2024.csv,CENTRO DE ADULTO MAYOR AMOR DE HERMANOS,0
2401AM0251,,,,ACADEMIA DE ADULTO MAYOR REVIVIR TANILVORO CENTRO,pending,,,1,REN24-2401AM0251,RENDICIONES 2024.csv,ACADEMIA DE ADULTO MAYOR REVIVIR TANILVORO CENTRO,0
2401AM0254,,,,AGRUPACION ADULTOS MAYORES SANTA INES DE PORTEZUELO,pending,,,1,REN24-2401AM0254,RENDICIONES 2024.csv,AGRUPACION ADULTOS MAYORES SANTA INES DE PORTEZUELO,0
2401AM0255,,,,CLUB DE ANCIANOS LOS PEREGRINOS DE EMAUS,pending,,,1,REN24-2401AM0255,RENDICIONES 2024.csv,CLUB DE ANCIANOS LOS PEREGRINOS DE EMAUS,0
2401AM0256,,,,CLUB DE ANCIANOS SOR TERESA DE CALCUTA,pending,,,2,REN24-2401AM0256,RENDICIONES 2024.csv,CLUB DE ANCIANOS SOR TERESA DE CALCUTA,0
2401AM0257,,,,CLUB ADULTO MAYOR FRATERNIDAD DE BUENOS AIRES,pending,,,1,REN24-2401AM0257,RENDICIONES 2024.csv,CLUB ADULTO MAYOR FRATERNIDAD DE BUENOS AIRES,0
2401AM0258,,,,CLUB ADULTO MAYOR AÑOS PLENOS,pending,,,1,REN24-2401AM0258,RENDICIONES 2024.csv,CLUB ADULTO MAYOR AÑOS PLENOS,0
2401AM0262,,,,AGRUPACION ADULTOS MAYORTES BRISAS DEL ITATA ORILLA ITATA DE PORTEZUELO,pending,,,1,REN24-2401AM0262,RENDICIONES 2024.csv,AGRUPACION ADULTOS MAYORTES BRISAS DEL ITATA ORILLA ITATA DE PORTEZUELO,0
2401AM0265,,,,CLUB ADULTO MAYOR LAS TABITAS,pending,,,1,REN24-2401AM0265,RENDICIONES 2024.csv,CLUB ADULTO MAYOR LAS TABITAS,0
2401AM0266,,,,UNION COMUNAL DE ADULTO MAYOR EL ULTIMO RECREO SAN IGNACIO,pending,,,1,REN24-2401AM0266,RENDICIONES 2024.csv,UNION COMUNAL DE ADULTO MAYOR EL ULTIMO RECREO SAN IGNACIO,0
2401AM0267,,,,CLUB ADULTO MAYOR FLOR DE OTOÑO,pending,,,1,REN24-2401AM0267,RENDICIONES 2024.csv,CLUB ADULTO MAYOR FLOR DE OTOÑO,0
2401AM0268,,,,FEDERACION REGIONAL DE UNIUONES DE JUNTAS DE ADULTOS MAYORES DE ÑUBLE,pending,,,1,REN24-2401AM0268,RENDICIONES 2024.csv,FEDERACION REGIONAL DE UNIUONES DE JUNTAS DE ADULTOS MAYORES DE ÑUBLE,0
2401AM0270,,,,CLUB ADULTO MAYOR LOS COPIHUES,pending,,,1,REN24-2401AM0270,RENDICIONES 2024.csv,CLUB ADULTO MAYOR LOS COPIHUES,0
2401AM0272,,,,CLUB ADULTO MAYOR EL QUILLAY,pending,,,1,REN24-2401AM0272,RENDICIONES 2024.csv,CLUB ADULTO MAYOR EL QUILLAY,0
2401AM0275,,,,UNION COMUNAL DEL ADULTO MAYOR DE ÑIQUEN,pending,,,1,REN24-2401AM0275,RENDICIONES 2024.csv,UNION COMUNAL DEL ADULTO MAYOR DE ÑIQUEN,0
2401AM0278,,,,CLUB DE ADULTO MAYOR LAS MARIPOSAS,pending,,,1,REN24-2401AM0278,RENDICIONES 2024.csv,CLUB DE ADULTO MAYOR LAS MARIPOSAS,0
2401AM0279,,,,CONJUNTO FOLCLORICO VOCES DE ÑIQUEN,pending,,,1,REN24-2401AM0279,RENDICIONES 2024.csv,CONJUNTO FOLCLORICO VOCES DE ÑIQUEN,0
2401AM0280,,,,CLUB ADULTO MAYOR PORTAL DE LA LUNA,pending,,,1,REN24-2401AM0280,RENDICIONES 2024.csv,CLUB ADULTO MAYOR PORTAL DE LA LUNA,0
2401AM0283,,,,AGRUPACION DE ADULTOS MAYORES VINCULOS RANQUIL,pending,,,1,REN24-2401AM0283,RENDICIONES 2024.csv,AGRUPACION DE ADULTOS MAYORES VINCULOS RANQUIL,0
2401AM0289,,,,CLUB ADULTO MAYOR DE QUILLAHUE,pending,,,1,REN24-2401AM0289,RENDICIONES 2024.csv,CLUB ADULTO MAYOR DE QUILLAHUE,0
2401AM156,,,,UNION COMUNAL DE ADULTOS MAYORES,pending,,,1,REN24-2401AM156,RENDICIONES 2024.csv,UNION COMUNAL DE ADULTOS MAYORES,0
2401AM164,,,,GRUPO DE ADULTO MAYOR PIEDRA DE LICURA,pending,,,1,REN24-2401AM164,RENDICIONES 2024.csv,GRUPO DE ADULTO MAYOR PIEDRA DE LICURA,0
2401AM178,,,,CLUB ADULTO MAYOR TAI CHI CHUAN,pending,,,1,REN24-2401AM178,RENDICIONES 2024.csv,CLUB ADULTO MAYOR TAI CHI CHUAN,0
2401AM227,,,,CLUB DE ADULTO MAYOR MARIA EUGENIA - HUAPE,pending,,,2,REN24-2401AM227,RENDICIONES 2024.csv,CLUB DE ADULTO MAYOR MARIA EUGENIA - HUAPE,0
2401C0004,,,,AGRUPACION CULTURAL ROSALBA NAVARRETE,pending,,,1,REN24-2401C0004,RENDICIONES 2024.csv,AGRUPACION CULTURAL ROSALBA NAVARRETE,0
2401C0007,,,,JUNTA DE VECINOS GUARILIHUE BAJO,pending,,,3,REN24-2401C0007,RENDICIONES 2024.csv,JUNTA DE VECINOS GUARILIHUE BAJO,0
2401C0010,,,,CUB DE HUASOS CAIMA CAHUIN,pending,,,1,REN24-2401C0010,RENDICIONES 2024.csv,CUB DE HUASOS CAIMA CAHUIN,0
2401C0011,,,,GRUPO CULTURAL SOCIAL Y DEPORTIVO RECREATIVO AMIGOS DE LA FE,pending,,,1,REN24-2401C0011,RENDICIONES 2024.csv,GRUPO CULTURAL SOCIAL Y DEPORTIVO RECREATIVO AMIGOS DE LA FE,0
2401C0012,,,,JUNTA DE VECINOS LOS MAQUIS BAJOS,pending,,,1,REN24-2401C0012,RENDICIONES 2024.csv,JUNTA DE VECINOS LOS MAQUIS BAJOS,0
2401C0013,,,,CLUB DE LAS TRADICIONES HUASAS CHILENAS DE COELEMU,pending,,,2,REN24-2401C0013,RENDICIONES 2024.csv,CLUB DE LAS TRADICIONES HUASAS CHILENAS DE COELEMU,0
2401C0014,,,,FERIA CAMPESINA MAR Y TIERRA DE BUCHUPUREO,pending,,,1,REN24-2401C0014,RENDICIONES 2024.csv,FERIA CAMPESINA MAR Y TIERRA DE BUCHUPUREO,0
2401C0015,,,,JUNTA DE VECINOS PILICURA,pending,,,1,REN24-2401C0015,RENDICIONES 2024.csv,JUNTA DE VECINOS PILICURA,0
2401C0016,,,,TALLER DE ARTESANAS DE LA COMUNA DE RANQUIL,pending,,,1,REN24-2401C0016,RENDICIONES 2024.csv,TALLER DE ARTESANAS DE LA COMUNA DE RANQUIL,0
2401C0017,,,,UNION COMUNAL DE CENTROS DE ARTE Y CULTURA,pending,,,1,REN24-2401C0017,RENDICIONES 2024.csv,UNION COMUNAL DE CENTROS DE ARTE Y CULTURA,0
2401C0018,,,,COMITE COORDINADOR CAMPESINO COMUNAL SAN NICOLAS,pending,,,1,REN24-2401C0018,RENDICIONES 2024.csv,COMITE COORDINADOR CAMPESINO COMUNAL SAN NICOLAS,0
2401C0019,,,,ESCUELA DE ROCK RANQUILINOS,pending,,,1,REN24-2401C0019,RENDICIONES 2024.csv,ESCUELA DE ROCK RANQUILINOS,0
2401C0020,,,,JUNTA DE VECINOS COBQUECURA URBANO,pending,,,2,REN24-2401C0020,RENDICIONES 2024.csv,JUNTA DE VECINOS COBQUECURA URBANO,0
2401C0021,,,,CORPORACION ALICO,pending,,,1,REN24-2401C0021,RENDICIONES 2024.csv,CORPORACION ALICO,0
2401C0022,,,,TALLER FOLKLORICO LAS TORTOLITAS,pending,,,1,REN24-2401C0022,RENDICIONES 2024.csv,TALLER FOLKLORICO LAS TORTOLITAS,0
2401C0024,,,,ASOCIACION INDIGENA MAPUCHE MAPU TRAÜN,pending,,,1,REN24-2401C0024,RENDICIONES 2024.csv,ASOCIACION INDIGENA MAPUCHE MAPU TRAÜN,0
2401C0026,,,,ASOC. DE DISCAPACITADOS DE QUILLON,pending,,,1,REN24-2401C0026,RENDICIONES 2024.csv,ASOC. DE DISCAPACITADOS DE QUILLON,0
2401C0030,,,,CENTRO DE PADRES Y APODERADOS LICEO MANUEL JESUS ORTIZ,pending,,,1,REN24-2401C0030,RENDICIONES 2024.csv,CENTRO DE PADRES Y APODERADOS LICEO MANUEL JESUS ORTIZ,0
2401C0031,,,,JUNTA DE VECINOS DE QUILE,pending,,,1,REN24-2401C0031,RENDICIONES 2024.csv,JUNTA DE VECINOS DE QUILE,0
2401C0032,,,,AGRUPACION DE COLCHANDERAS Y COLCHANDEROS DE TREHUACO,pending,,,1,REN24-2401C0032,RENDICIONES 2024.csv,AGRUPACION DE COLCHANDERAS Y COLCHANDEROS DE TREHUACO,0
2401C0036,,,,COMITE CAMPESINO ESMERALDA DE LONQUEN,pending,,,1,REN24-2401C0036,RENDICIONES 2024.csv,COMITE CAMPESINO ESMERALDA DE LONQUEN,0
2401C0038,,,,CONJUNTO FOLCLORICO RAICES Y TRADICIONES,pending,,,1,REN24-2401C0038,RENDICIONES 2024.csv,CONJUNTO FOLCLORICO RAICES Y TRADICIONES,0
2401C0040,,,,CENTRO GENERAL DE PADRES Y APODERADOS LICEO BICENTENARIO SAN GREGORIO,pending,,,2,REN24-2401C0040,RENDICIONES 2024.csv,CENTRO GENERAL DE PADRES Y APODERADOS LICEO BICENTENARIO SAN GREGORIO,0
2401C0041,,,,CORPORACION NACIONAL FOLCLORICA Y CULTURAL HERMANOS O´HIGGINS,pending,,,1,REN24-2401C0041,RENDICIONES 2024.csv,CORPORACION NACIONAL FOLCLORICA Y CULTURAL HERMANOS O´HIGGINS,0
2401C0042,,,,CLUB DE CUECA HERNAN TRONCOSO,pending,,,1,REN24-2401C0042,RENDICIONES 2024.csv,CLUB DE CUECA HERNAN TRONCOSO,0
2401C0044,,,,CLUB DE HUASOS PUYAMAVIDA,pending,,,1,REN24-2401C0044,RENDICIONES 2024.csv,CLUB DE HUASOS PUYAMAVIDA,0
2401C0047,,,,CONJUNTO FOLCLORICO PEHUEN,pending,,,1,REN24-2401C0047,RENDICIONES 2024.csv,CONJUNTO FOLCLORICO PEHUEN,0
2401C0048,,,,CENTRO CULTURAL PATRIMONIAL TURISTICO Y DEPORTIVO HUELLAS DEL DIGUILLIN,pending,,,2,REN24-2401C0048,RENDICIONES 2024.csv,CENTRO CULTURAL PATRIMONIAL TURISTICO Y DEPORTIVO HUELLAS DEL DIGUILLIN,0
2401C0049,,,,AGRUPACION  DE MUJERES TALLER CRISTO VIVO,pending,,,1,REN24-2401C0049,RENDICIONES 2024.csv,AGRUPACION  DE MUJERES TALLER CRISTO VIVO,0
2401C0050,,,,COMITE DE FERIA LIBRE QUIRIHUE,pending,,,1,REN24-2401C0050,RENDICIONES 2024.csv,COMITE DE FERIA LIBRE QUIRIHUE,0
2401C0051,,,,COMITE DE ADELANTO ENTRE PUENTES,pending,,,1,REN24-2401C0051,RENDICIONES 2024.csv,COMITE DE ADELANTO ENTRE PUENTES,0
2401C0054,,,,JUNTA DE VECINOS NEGUINTO,pending,,,1,REN24-2401C0054,RENDICIONES 2024.csv,JUNTA DE VECINOS NEGUINTO,0
2401C0055,,,,CLUB DE HUASOS TORRECILLAS,pending,,,1,REN24-2401C0055,RENDICIONES 2024.csv,CLUB DE HUASOS TORRECILLAS,0
2401C0056,,,,COMITE DE FERIANTES EMPRENDEDORES DE NINHUE,pending,,,1,REN24-2401C0056,RENDICIONES 2024.csv,COMITE DE FERIANTES EMPRENDEDORES DE NINHUE,0
2401C0058,,,,CENTRO GENERAL DE PADRES Y APODERADOS ESC. E-112 JOSE MIGUEL CARRERA VERDUGO,pending,,,1,REN24-2401C0058,RENDICIONES 2024.csv,CENTRO GENERAL DE PADRES Y APODERADOS ESC. E-112 JOSE MIGUEL CARRERA VERDUGO,0
2401C0059,,,,JUNTA DE VECINOS SECTOR LOS AROMOS,pending,,,2,REN24-2401C0059,RENDICIONES 2024.csv,JUNTA DE VECINOS SECTOR LOS AROMOS,0
2401C0060,,,,CLUB DE HUASOS CAMPO LINDO DE COIPIN,pending,,,1,REN24-2401C0060,RENDICIONES 2024.csv,CLUB DE HUASOS CAMPO LINDO DE COIPIN,0
2401C0061,,,,CENTRO DE PADRES Y APODERADOS DE TALHUAN,pending,,,1,REN24-2401C0061,RENDICIONES 2024.csv,CENTRO DE PADRES Y APODERADOS DE TALHUAN,0
2401C0062,,,,"SINDICATO DE TRABAJADORES INDEPENDIENTES AGRICOLA, TEJIENDO SUEÑOS",pending,,,1,REN24-2401C0062,RENDICIONES 2024.csv,"SINDICATO DE TRABAJADORES INDEPENDIENTES AGRICOLA, TEJIENDO SUEÑOS",0
2401C0064,,,,JUNTA DE VECINOS BOCA ITATA,pending,,,2,REN24-2401C0064,RENDICIONES 2024.csv,JUNTA DE VECINOS BOCA ITATA,0
2401C0065,,,,ASOCIACION CULTURAL DE CARRUAJES BICENTENARIO,pending,,,1,REN24-2401C0065,RENDICIONES 2024.csv,ASOCIACION CULTURAL DE CARRUAJES BICENTENARIO,0
2401C0066,,,,CLUB DE HUASOS LOMAS DE RELOCA,pending,,,1,REN24-2401C0066,RENDICIONES 2024.csv,CLUB DE HUASOS LOMAS DE RELOCA,0
2401C0067,,,,CLUB DE HUASOS LOS BUENOS AMIGOS DE NINHUE,pending,,,1,REN24-2401C0067,RENDICIONES 2024.csv,CLUB DE HUASOS LOS BUENOS AMIGOS DE NINHUE,0
2401C0068,,,,CLUB DE HUASOS TRADICIONES DE HUALTE,pending,,,1,REN24-2401C0068,RENDICIONES 2024.csv,CLUB DE HUASOS TRADICIONES DE HUALTE,0
2401C0069,,,,COMITE CAMPESINO FRUTOS DE SAN FABIAN,pending,,,1,REN24-2401C0069,RENDICIONES 2024.csv,COMITE CAMPESINO FRUTOS DE SAN FABIAN,0
2401C0070,,,,TALLER LABORAL Y CULTURA LA ESPERANZA,pending,,,1,REN24-2401C0070,RENDICIONES 2024.csv,TALLER LABORAL Y CULTURA LA ESPERANZA,0
2401C0072,,,,CAMARA DE TURISMO Y CULURA DE LA COMUNA DE TREHUACO,pending,,,1,REN24-2401C0072,RENDICIONES 2024.csv,CAMARA DE TURISMO Y CULURA DE LA COMUNA DE TREHUACO,0
2401C0076,,,,CENTRO GENRAL DE PADRES Y APODERADOS ESCUELA ROSARIO CHACON BARRIOS,pending,,,1,REN24-2401C0076,RENDICIONES 2024.csv,CENTRO GENRAL DE PADRES Y APODERADOS ESCUELA ROSARIO CHACON BARRIOS,0
2401C0077,,,,TALLER LABORAL NUESTRA SEÑORA DEL TRANSITO,pending,,,1,REN24-2401C0077,RENDICIONES 2024.csv,TALLER LABORAL NUESTRA SEÑORA DEL TRANSITO,0
2401C0079,,,,"COMITE CAMPESINO PRODUCTIVO, SOCIAL Y CULTURAL NUEVO AMANECER DE LOS REMATES",pending,,,1,REN24-2401C0079,RENDICIONES 2024.csv,"COMITE CAMPESINO PRODUCTIVO, SOCIAL Y CULTURAL NUEVO AMANECER DE LOS REMATES",0
2401C0080,,,,CLUB DE HUASOS EL ROTO CHILENO,pending,,,1,REN24-2401C0080,RENDICIONES 2024.csv,CLUB DE HUASOS EL ROTO CHILENO,0
2401C0082,,,,ASOCIACION COMUNAL DE CLUB DE HUASOS DE NINHUE,pending,,,1,REN24-2401C0082,RENDICIONES 2024.csv,ASOCIACION COMUNAL DE CLUB DE HUASOS DE NINHUE,0
2401C0083,,,,COMITE APICOLA LAS CAMELIAS DE BULNES,pending,,,1,REN24-2401C0083,RENDICIONES 2024.csv,COMITE APICOLA LAS CAMELIAS DE BULNES,0
2401C0084,,,,CONJUNTO FOLCLORICO VOCES DE NINHUE CANTO Y TRADICION,pending,,,1,REN24-2401C0084,RENDICIONES 2024.csv,CONJUNTO FOLCLORICO VOCES DE NINHUE CANTO Y TRADICION,0
2401C0085,,,,ASOCIACION DE ARTESANOS DE NINHUE,pending,,,1,REN24-2401C0085,RENDICIONES 2024.csv,ASOCIACION DE ARTESANOS DE NINHUE,0
2401C0086,,,,COMITE DE COLCHADERAS DE NINHUE,pending,,,1,REN24-2401C0086,RENDICIONES 2024.csv,COMITE DE COLCHADERAS DE NINHUE,0
2401C0088,,,,COMITE DE FERIANTES COFENIN,pending,,,1,REN24-2401C0088,RENDICIONES 2024.csv,COMITE DE FERIANTES COFENIN,0
2401C0089,,,,CLUB DE RAYUELA UNION COELEMU,pending,,,1,REN24-2401C0089,RENDICIONES 2024.csv,CLUB DE RAYUELA UNION COELEMU,0
2401C0091,,,,COMITE DE ADELANTO CASAS BLANCAS,pending,,,2,REN24-2401C0091,RENDICIONES 2024.csv,COMITE DE ADELANTO CASAS BLANCAS,0
2401C0097,,,,BANDA ESCUELA PUERTA DE LA CORDILLERA,pending,,,1,REN24-2401C0097,RENDICIONES 2024.csv,BANDA ESCUELA PUERTA DE LA CORDILLERA,0
2401C0099,,,,JUNTA DE VECINOS LASRQUI PONIENTE 9-R,pending,,,3,REN24-2401C0099,RENDICIONES 2024.csv,JUNTA DE VECINOS LASRQUI PONIENTE 9-R,0
2401C0101,,,,JUNTA DE VECINOS EL ROBLE,pending,,,1,REN24-2401C0101,RENDICIONES 2024.csv,JUNTA DE VECINOS EL ROBLE,0
2401C0102,,,,CORPORACION MUJERES POR EL ARTE,pending,,,1,REN24-2401C0102,RENDICIONES 2024.csv,CORPORACION MUJERES POR EL ARTE,0
2401C0103,,,,CASATEATRO CLUB,pending,,,1,REN24-2401C0103,RENDICIONES 2024.csv,CASATEATRO CLUB,0
2401C0105,,,,COMITE DE MUJERES INCLUSIVAS PUEBLO SECO,pending,,,1,REN24-2401C0105,RENDICIONES 2024.csv,COMITE DE MUJERES INCLUSIVAS PUEBLO SECO,0
2401C0106,,,,CONJUNTO FOLCLORICO LOS DEL VALLE,pending,,,1,REN24-2401C0106,RENDICIONES 2024.csv,CONJUNTO FOLCLORICO LOS DEL VALLE,0
2401C0107,,,,CONJUNTO FOLCLORICO VOCES EL ALBA,pending,,,1,REN24-2401C0107,RENDICIONES 2024.csv,CONJUNTO FOLCLORICO VOCES EL ALBA,0
2401C0112,,,,AGRUPACION FOLCLORICA CUEQUEROS DE ÑUBLE,pending,,,1,REN24-2401C0112,RENDICIONES 2024.csv,AGRUPACION FOLCLORICA CUEQUEROS DE ÑUBLE,0
2401C0114,,,,ASOCIACION DOSEL,pending,,,1,REN24-2401C0114,RENDICIONES 2024.csv,ASOCIACION DOSEL,0
2401C0115,,,,COMITE DE AGUA POTABLE RURAL MANQUE SUR,pending,,,1,REN24-2401C0115,RENDICIONES 2024.csv,COMITE DE AGUA POTABLE RURAL MANQUE SUR,0
2401C0116,,,,CLUB DEPORTIVO EL LUCERO DE LA UNIDAD VECINAL N°12,pending,,,1,REN24-2401C0116,RENDICIONES 2024.csv,CLUB DEPORTIVO EL LUCERO DE LA UNIDAD VECINAL N°12,0
2401C0120,,,,JUNTA DE VECINOS PANIAGUA,pending,,,2,REN24-2401C0120,RENDICIONES 2024.csv,JUNTA DE VECINOS PANIAGUA,0
2401C0122,,,,AGRUPACION SOCIAL Y CULTURAL PUNTE ROCK COELEMU,pending,,,1,REN24-2401C0122,RENDICIONES 2024.csv,AGRUPACION SOCIAL Y CULTURAL PUNTE ROCK COELEMU,0
2401C0126,,,,AGRUPACION FOLCLORICA CANTANTES DE YUNGAY,pending,,,1,REN24-2401C0126,RENDICIONES 2024.csv,AGRUPACION FOLCLORICA CANTANTES DE YUNGAY,0
2401C0128,,,,AGRUPACION COMUNITARIA LOS LLEUQUES POR LA CULTURA Y EDUCACION,pending,,,1,REN24-2401C0128,RENDICIONES 2024.csv,AGRUPACION COMUNITARIA LOS LLEUQUES POR LA CULTURA Y EDUCACION,0
2401C0131,,,,CENTRO CULTURAL AYEKAM DE ALICO,pending,,,1,REN24-2401C0131,RENDICIONES 2024.csv,CENTRO CULTURAL AYEKAM DE ALICO,0
2401C0132,,,,AGRUPACION FOLCLORICA DE ADULTOS MAYORES REMINISCENCIA,pending,,,1,REN24-2401C0132,RENDICIONES 2024.csv,AGRUPACION FOLCLORICA DE ADULTOS MAYORES REMINISCENCIA,0
2401C0135,,,,CORPORACION ARCUCITEC SAN NICOLAS,pending,,,1,REN24-2401C0135,RENDICIONES 2024.csv,CORPORACION ARCUCITEC SAN NICOLAS,0
2401C0138,,,,CLUB DE HUASOS SAN CARLOS,pending,,,2,REN24-2401C0138,RENDICIONES 2024.csv,CLUB DE HUASOS SAN CARLOS,0
2401C0139,,,,COMITE CAMPESINO MUJERES AGUA BUENA OESTE,pending,,,1,REN24-2401C0139,RENDICIONES 2024.csv,COMITE CAMPESINO MUJERES AGUA BUENA OESTE,0
2401C0141,,,,CENTRO DE PADRES Y APODERADOS ESCUELA LAS QUILAS DE LA UNIDAD VECINAL N°10 COMUNA DE SAN IGNACIO,pending,,,1,REN24-2401C0141,RENDICIONES 2024.csv,CENTRO DE PADRES Y APODERADOS ESCUELA LAS QUILAS DE LA UNIDAD VECINAL N°10 COMUNA DE SAN IGNACIO,0
2401C0142,,,,CENTRO GENERAL DE PADRES Y APODERADOS ESCUELA DE NUEVA ALDEA,pending,,,2,REN24-2401C0142,RENDICIONES 2024.csv,CENTRO GENERAL DE PADRES Y APODERADOS ESCUELA DE NUEVA ALDEA,0
2401C0143,,,,MOVIMIENTO SOCIAL EN DEFENSA DEL RIO ÑUBLE,pending,,,2,REN24-2401C0143,RENDICIONES 2024.csv,MOVIMIENTO SOCIAL EN DEFENSA DEL RIO ÑUBLE,0
2401C0144,,,,CORPORACION EDUCACIONAL CREANDO SUEÑOS,pending,,,1,REN24-2401C0144,RENDICIONES 2024.csv,CORPORACION EDUCACIONAL CREANDO SUEÑOS,0
2401C0145,,,,COMITE PRODUCTIVO EL PINO HUACHO,pending,,,3,REN24-2401C0145,RENDICIONES 2024.csv,COMITE PRODUCTIVO EL PINO HUACHO,0
2401C0146,,,,ASOCIACION INDIGENA PETU MONGELEIÑ,pending,,,1,REN24-2401C0146,RENDICIONES 2024.csv,ASOCIACION INDIGENA PETU MONGELEIÑ,0
2401C0147,,,,CLUB DE HUASOS BUCHUPUREO,pending,,,1,REN24-2401C0147,RENDICIONES 2024.csv,CLUB DE HUASOS BUCHUPUREO,0
2401C0149,,,,CLUB DE HUASOS AMANECER DE CURICA,pending,,,2,REN24-2401C0149,RENDICIONES 2024.csv,CLUB DE HUASOS AMANECER DE CURICA,0
2401C0151,,,,CONJUNTO FOLKLORICO SURCO Y TRIGAL,pending,,,1,REN24-2401C0151,RENDICIONES 2024.csv,CONJUNTO FOLKLORICO SURCO Y TRIGAL,0
2401C0152,,,,COMITE CAMPESINO LA ESPERANZA DE SAN IGNACIO,pending,,,1,REN24-2401C0152,RENDICIONES 2024.csv,COMITE CAMPESINO LA ESPERANZA DE SAN IGNACIO,0
2401C0153,,,,CLUB DEPORTIVO SOCIAL Y CULTURAL CABALGADORES EL AMANECER LOURDES,pending,,,1,REN24-2401C0153,RENDICIONES 2024.csv,CLUB DEPORTIVO SOCIAL Y CULTURAL CABALGADORES EL AMANECER LOURDES,0
2401C0154,,,,JUNTA DE VECINOS CALLE ALEGRE,pending,,,1,REN24-2401C0154,RENDICIONES 2024.csv,JUNTA DE VECINOS CALLE ALEGRE,0
2401C0155,,,,TALLER LABORAL SANTA IRMINA,pending,,,1,REN24-2401C0155,RENDICIONES 2024.csv,TALLER LABORAL SANTA IRMINA,0
2401C0156,,,,JUNTA DE VECINOS LOS MAQUIS ALTO,pending,,,1,REN24-2401C0156,RENDICIONES 2024.csv,JUNTA DE VECINOS LOS MAQUIS ALTO,0
2401C0157,,,,UNION COMUNAL DE ADULTOS MAYORES DE QUILLON,pending,,,1,REN24-2401C0157,RENDICIONES 2024.csv,UNION COMUNAL DE ADULTOS MAYORES DE QUILLON,0
2401C0160,,,,JUNTA DE VECINOS BARRIO ALTO,pending,,,1,REN24-2401C0160,RENDICIONES 2024.csv,JUNTA DE VECINOS BARRIO ALTO,0
2401C0161,,,,JUNTA DE VECINOS N°29 PIEDRAS MAULE,pending,,,2,REN24-2401C0161,RENDICIONES 2024.csv,JUNTA DE VECINOS N°29 PIEDRAS MAULE,0
2401C0162,,,,JUNTYA DE VECINOS N°5 SAN BERNARDO,pending,,,1,REN24-2401C0162,RENDICIONES 2024.csv,JUNTYA DE VECINOS N°5 SAN BERNARDO,0
2401C0163,,,,AGRUPACION CULTURAL CON MANOS DE MUJER,pending,,,2,REN24-2401C0163,RENDICIONES 2024.csv,AGRUPACION CULTURAL CON MANOS DE MUJER,0
2401C0164,,,,AGRUPACION ARTISTICA CULTURAL Y DEPORTIVA LICEO POLIVALENTE SAN NICOLAS,pending,,,1,REN24-2401C0164,RENDICIONES 2024.csv,AGRUPACION ARTISTICA CULTURAL Y DEPORTIVA LICEO POLIVALENTE SAN NICOLAS,0
2401C0165,,,,CENTRO GENERAL DE PADRES Y APODERADOS SELVA NEGRA,pending,,,1,REN24-2401C0165,RENDICIONES 2024.csv,CENTRO GENERAL DE PADRES Y APODERADOS SELVA NEGRA,0
2401C0166,,,,CLUB DE HUASOS PULLAY,pending,,,1,REN24-2401C0166,RENDICIONES 2024.csv,CLUB DE HUASOS PULLAY,0
2401C0167,,,,CENTRO DE PADRES Y APODERADOS LICEO MANUEL BULNES,pending,,,2,REN24-2401C0167,RENDICIONES 2024.csv,CENTRO DE PADRES Y APODERADOS LICEO MANUEL BULNES,0
2401C0169,,,,CENTRO DE PADRES Y APODERADOS REINO DE SUECIA,pending,,,1,REN24-2401C0169,RENDICIONES 2024.csv,CENTRO DE PADRES Y APODERADOS REINO DE SUECIA,0
2401C0171,,,,FEDERACION NACIONAL DE ASISTENTES DE LA EDUCACION PUBLICA DE CHILE,pending,,,1,REN24-2401C0171,RENDICIONES 2024.csv,FEDERACION NACIONAL DE ASISTENTES DE LA EDUCACION PUBLICA DE CHILE,0
2401C0172,,,,"CONSEJO PARA LA DIFUSION Y PRACTICA DER LAS ARTES, CULTURA, LA MUSICA Y LAS COMUNICACIONES, MARICHE",pending,,,1,REN24-2401C0172,RENDICIONES 2024.csv,"CONSEJO PARA LA DIFUSION Y PRACTICA DER LAS ARTES, CULTURA, LA MUSICA Y LAS COMUNICACIONES, MARICHE",0
2401C0173,,,,JUNTA DE VECINOS VILLA EL BOSQUE,pending,,,2,REN24-2401C0173,RENDICIONES 2024.csv,JUNTA DE VECINOS VILLA EL BOSQUE,0
2401C0175,,,,AGRUPACION CULTURAL BIBLIOTECA RURAL LAS BANDURRIAS,pending,,,1,REN24-2401C0175,RENDICIONES 2024.csv,AGRUPACION CULTURAL BIBLIOTECA RURAL LAS BANDURRIAS,0
2401C0176,,,,CLUB DE HUASOS EL SEMBRADOR,pending,,,2,REN24-2401C0176,RENDICIONES 2024.csv,CLUB DE HUASOS EL SEMBRADOR,0
2401C0179,,,,CLUB DE HUASOS CHILENOS DE SANTA RITA,pending,,,1,REN24-2401C0179,RENDICIONES 2024.csv,CLUB DE HUASOS CHILENOS DE SANTA RITA,0
2401C0183,,,,BANDA DE GUERRA ESCOLAR AGRUPACION DE PADRES Y APODERADOS,pending,,,1,REN24-2401C0183,RENDICIONES 2024.csv,BANDA DE GUERRA ESCOLAR AGRUPACION DE PADRES Y APODERADOS,0
2401C0196,,,,CLUB DE RAYUELA DOMINGO ORTIZ,pending,,,1,REN24-2401C0196,RENDICIONES 2024.csv,CLUB DE RAYUELA DOMINGO ORTIZ,0
2401C0197,,,,AGRUPACION FOLCLORICA ANDALICAN,pending,,,1,REN24-2401C0197,RENDICIONES 2024.csv,AGRUPACION FOLCLORICA ANDALICAN,0
2401C0199,,,,CLUB DE HUASOS MONTEBLANCO,pending,,,1,REN24-2401C0199,RENDICIONES 2024.csv,CLUB DE HUASOS MONTEBLANCO,0
2401C0200,,,,CLUB DEPORTIVO SOCIAL Y CULTURAL GRUPO ECUESTRE CAMPESINO SAN MIGUEL,pending,,,1,REN24-2401C0200,RENDICIONES 2024.csv,CLUB DEPORTIVO SOCIAL Y CULTURAL GRUPO ECUESTRE CAMPESINO SAN MIGUEL,0
2401C0202,,,,COMITE MERCADO CAMPESINO N°1 DE ÑIQUEN,pending,,,1,REN24-2401C0202,RENDICIONES 2024.csv,COMITE MERCADO CAMPESINO N°1 DE ÑIQUEN,0
2401C0203,,,,"CLUB DE HUASOS PASION Y ALMA CORRALERA DE ÑIPAS, COMUNA DE RANQUIL",pending,,,1,REN24-2401C0203,RENDICIONES 2024.csv,"CLUB DE HUASOS PASION Y ALMA CORRALERA DE ÑIPAS, COMUNA DE RANQUIL",0
2401C0613,,,,COMITE DE ADELANTO Y DESARROLLO LOS PARCELEROS,pending,,,1,REN24-2401C0613,RENDICIONES 2024.csv,COMITE DE ADELANTO Y DESARROLLO LOS PARCELEROS,0
2401C103,,,,CASATEATRO CLUB,pending,,,1,REN24-2401C103,RENDICIONES 2024.csv,CASATEATRO CLUB,0
2401D0001,,,,CLUB DEPORTIVO LA ISLA,pending,,,1,REN24-2401D0001,RENDICIONES 2024.csv,CLUB DEPORTIVO LA ISLA,0
2401D0002,,,,CLUB DEPORTIVO DRAGONES BLANCOS DE CHILLAN,pending,,,1,REN24-2401D0002,RENDICIONES 2024.csv,CLUB DEPORTIVO DRAGONES BLANCOS DE CHILLAN,0
2401D0003,,,,CLUB DE MOUNTAIN BIKE DE NINHUE,pending,,,1,REN24-2401D0003,RENDICIONES 2024.csv,CLUB DE MOUNTAIN BIKE DE NINHUE,0
2401D0004,,,,CLUB DEPORTIVO DE TAEKWONDO PANTERAS NEGRAS DE CHILLAN,pending,,,1,REN24-2401D0004,RENDICIONES 2024.csv,CLUB DEPORTIVO DE TAEKWONDO PANTERAS NEGRAS DE CHILLAN,0
2401D0006,,,,CLUB DEPORTIVO Y CULTURAL SYS TALENT,pending,,,1,REN24-2401D0006,RENDICIONES 2024.csv,CLUB DEPORTIVO Y CULTURAL SYS TALENT,0
2401D0008,,,,CLUB DEPORTIVO GRADO VOCACIONAL,pending,,,1,REN24-2401D0008,RENDICIONES 2024.csv,CLUB DEPORTIVO GRADO VOCACIONAL,0
2401D0009,,,,CLUB DEPORTIVO TORRECILLAS,pending,,,1,REN24-2401D0009,RENDICIONES 2024.csv,CLUB DEPORTIVO TORRECILLAS,0
2401D0011,,,,CLUB DEPORTIVO SOCIAL Y CULTURAL REAL ZARAGOZA,pending,,,1,REN24-2401D0011,RENDICIONES 2024.csv,CLUB DEPORTIVO SOCIAL Y CULTURAL REAL ZARAGOZA,0
2401D0012,,,,CLUB DE RAYUELA SAN MIGUEL,pending,,,1,REN24-2401D0012,RENDICIONES 2024.csv,CLUB DE RAYUELA SAN MIGUEL,0
2401D0013,,,,CLUB DEPORTIVO COBQUECURA,pending,,,1,REN24-2401D0013,RENDICIONES 2024.csv,CLUB DEPORTIVO COBQUECURA,0
2401D0014,,,,CLUB DEPORTIVO SAETURY CHILLAN,pending,,,1,REN24-2401D0014,RENDICIONES 2024.csv,CLUB DEPORTIVO SAETURY CHILLAN,0
2401D0016,,,,CLUB DEPORTIVO Y SOCIAL VIRGINIO ARIAS,pending,,,1,REN24-2401D0016,RENDICIONES 2024.csv,CLUB DEPORTIVO Y SOCIAL VIRGINIO ARIAS,0
2401D0017,,,,CLUB DEPORTIVO TAUCÚ,pending,,,1,REN24-2401D0017,RENDICIONES 2024.csv,CLUB DEPORTIVO TAUCÚ,0
2401D0018,,,,CLUB DEPORTIVO COBRELOA DE NINHUE,pending,,,1,REN24-2401D0018,RENDICIONES 2024.csv,CLUB DEPORTIVO COBRELOA DE NINHUE,0
2401D0019,,,,CLUB DEPORTIVO ÑUBLENSE DE PEMUCO,pending,,,1,REN24-2401D0019,RENDICIONES 2024.csv,CLUB DEPORTIVO ÑUBLENSE DE PEMUCO,0
2401D0022,,,,CLUB DEPORTIVO SAN IGNACIO DE PALOMARES,pending,,,1,REN24-2401D0022,RENDICIONES 2024.csv,CLUB DEPORTIVO SAN IGNACIO DE PALOMARES,0
2401D0023,,,,CLUB DEPORTIVO SAN ANTONIO ABAD,pending,,,1,REN24-2401D0023,RENDICIONES 2024.csv,CLUB DEPORTIVO SAN ANTONIO ABAD,0
2401D0024,,,,CLUB DEPORTIVO LICEO,pending,,,1,REN24-2401D0024,RENDICIONES 2024.csv,CLUB DEPORTIVO LICEO,0
2401D0025,,,,CLUB DEPORTIVO UNION DE LLUANCO,pending,,,1,REN24-2401D0025,RENDICIONES 2024.csv,CLUB DEPORTIVO UNION DE LLUANCO,0
2401D0026,,,,CLUB DEPORTIVO SOCIAL Y CULTURAL AQUAMASTER,pending,,,1,REN24-2401D0026,RENDICIONES 2024.csv,CLUB DEPORTIVO SOCIAL Y CULTURAL AQUAMASTER,0
2401D0031,,,,CLUB DEPORTIVO MILON DE CROTONA,pending,,,1,REN24-2401D0031,RENDICIONES 2024.csv,CLUB DEPORTIVO MILON DE CROTONA,0
2401D0032,,,,CLUB DEPORTIVO SOCIAL Y CULTURAL LA PERGOLA CHILLAN,pending,,,1,REN24-2401D0032,RENDICIONES 2024.csv,CLUB DEPORTIVO SOCIAL Y CULTURAL LA PERGOLA CHILLAN,0
2401D0033,,,,CLUB DEPORTIVO TAEKWONDO QUILLON,pending,,,1,REN24-2401D0033,RENDICIONES 2024.csv,CLUB DEPORTIVO TAEKWONDO QUILLON,0
2401D0035,,,,ASOCIACION DE FUNCIONARIOS ASISTENTES DE EDUCACION DE SAN CARLOS,pending,,,1,REN24-2401D0035,RENDICIONES 2024.csv,ASOCIACION DE FUNCIONARIOS ASISTENTES DE EDUCACION DE SAN CARLOS,0
2401D0036,,,,CLUB TRIATLON QUILLON,pending,,,1,REN24-2401D0036,RENDICIONES 2024.csv,CLUB TRIATLON QUILLON,0
2401D0037,,,,ASOCIACION DEPORTIVA TAEWONDO ÑUBLE REGION,pending,,,1,REN24-2401D0037,RENDICIONES 2024.csv,ASOCIACION DEPORTIVA TAEWONDO ÑUBLE REGION,0
2401D0038,,,,CLUB DEPORTIVO SOCIAL Y CULTURAL UNION DE CATO,pending,,,2,REN24-2401D0038,RENDICIONES 2024.csv,CLUB DEPORTIVO SOCIAL Y CULTURAL UNION DE CATO,0
2401D0039,,,,CLUB DEPORTIVO EL ESFUERZO DE QUIRAO,pending,,,1,REN24-2401D0039,RENDICIONES 2024.csv,CLUB DEPORTIVO EL ESFUERZO DE QUIRAO,0
2401D0040,,,,CLUB DEPOTIVO DE TAEWONDO ESPIRITU INDOMABLE,pending,,,1,REN24-2401D0040,RENDICIONES 2024.csv,CLUB DEPOTIVO DE TAEWONDO ESPIRITU INDOMABLE,0
2401D0041,,,,ASOCIACION DE ARBITROS SAN CARLOS ÑUBLE,pending,,,1,REN24-2401D0041,RENDICIONES 2024.csv,ASOCIACION DE ARBITROS SAN CARLOS ÑUBLE,0
2401D0043,,,,ASOCIACION FUTBOL RURAL SANTA CLARA,pending,,,1,REN24-2401D0043,RENDICIONES 2024.csv,ASOCIACION FUTBOL RURAL SANTA CLARA,0
2401D0047,,,,CLUB DEPORTIVO LAS CANCHAS BUCHUPUREO,pending,,,1,REN24-2401D0047,RENDICIONES 2024.csv,CLUB DEPORTIVO LAS CANCHAS BUCHUPUREO,0
2401D0048,,,,CLUB DEPORTIVO EL CALVARIO,pending,,,1,REN24-2401D0048,RENDICIONES 2024.csv,CLUB DEPORTIVO EL CALVARIO,0
2401D0049,,,,CLUB DEPORIVO REAL BAQUEDANO,pending,,,1,REN24-2401D0049,RENDICIONES 2024.csv,CLUB DEPORIVO REAL BAQUEDANO,0
2401D0050,,,,CLUBATLETICO3 RUNNERS,pending,,,1,REN24-2401D0050,RENDICIONES 2024.csv,CLUBATLETICO3 RUNNERS,0
2401D0051,,,,CLUB DEPORTIVO SANTA JUANA DE LA UNION VECINAL N°8,pending,,,1,REN24-2401D0051,RENDICIONES 2024.csv,CLUB DEPORTIVO SANTA JUANA DE LA UNION VECINAL N°8,0
2401D0052,,,,CUERPO DE ARBITROS NUEVA IMAGEN DE CHILLAN,pending,,,1,REN24-2401D0052,RENDICIONES 2024.csv,CUERPO DE ARBITROS NUEVA IMAGEN DE CHILLAN,0
2401D0053,,,,CLUB DEPORTIVO ALIANZA DE YUNGAY,pending,,,1,REN24-2401D0053,RENDICIONES 2024.csv,CLUB DEPORTIVO ALIANZA DE YUNGAY,0
2401D0054,,,,CLUB DEPORTIVO REAL UNIDO,pending,,,1,REN24-2401D0054,RENDICIONES 2024.csv,CLUB DEPORTIVO REAL UNIDO,0
2401D0055,,,,COFRADIA NAUTICA HERMANDAD DE LA COSTA NAO DEL SOL DE QUILLON,pending,,,1,REN24-2401D0055,RENDICIONES 2024.csv,COFRADIA NAUTICA HERMANDAD DE LA COSTA NAO DEL SOL DE QUILLON,0
2401D0056,,,,CLUB DEPORTIVO HERNAN BRAÑAS,pending,,,1,REN24-2401D0056,RENDICIONES 2024.csv,CLUB DEPORTIVO HERNAN BRAÑAS,0
2401D0057,,,,CLUB DEPORTIVO MUNICIPAL,pending,,,1,REN24-2401D0057,RENDICIONES 2024.csv,CLUB DEPORTIVO MUNICIPAL,0
2401D0058,,,,CLUB DEPORTIVO DRAGONES BLANCOS KIDS,pending,,,1,REN24-2401D0058,RENDICIONES 2024.csv,CLUB DEPORTIVO DRAGONES BLANCOS KIDS,0
2401D0059,,,,ESCUELA DE TAEKWONDO HWARANG,pending,,,1,REN24-2401D0059,RENDICIONES 2024.csv,ESCUELA DE TAEKWONDO HWARANG,0
2401D0061,,,,PANTERAS FUTBOL CLUB,pending,,,1,REN24-2401D0061,RENDICIONES 2024.csv,PANTERAS FUTBOL CLUB,0
2401D0063,,,,CLUB DEPORTIVO LIBERTADOR BERNARDO O´HIGGINS,pending,,,1,REN24-2401D0063,RENDICIONES 2024.csv,CLUB DEPORTIVO LIBERTADOR BERNARDO O´HIGGINS,0
2401D0064,,,,CLUB DEPORTIVO TAEKWONDO FELIX BULNES,pending,,,1,REN24-2401D0064,RENDICIONES 2024.csv,CLUB DEPORTIVO TAEKWONDO FELIX BULNES,0
2401D0066,,,,ONG ÑUBLE CRECE,pending,,,1,REN24-2401D0066,RENDICIONES 2024.csv,ONG ÑUBLE CRECE,0
2401D0067,,,,CLUB DEPORTES LA VIÑITA,pending,,,1,REN24-2401D0067,RENDICIONES 2024.csv,CLUB DEPORTES LA VIÑITA,0
2401D0071,,,,CLUB DEPORTIVO CATOLICA DE PEMUCO,pending,,,1,REN24-2401D0071,RENDICIONES 2024.csv,CLUB DEPORTIVO CATOLICA DE PEMUCO,0
2401D0072,,,,ASOCIACION DE RAYUELA SAN IGNACIO,pending,,,1,REN24-2401D0072,RENDICIONES 2024.csv,ASOCIACION DE RAYUELA SAN IGNACIO,0
2401D0073,,,,"AGRUPACION SOCIAL, CULTURAL, DEDUCATIVA Y DEPORTIVA SIPALKI-DO CHILE",pending,,,1,REN24-2401D0073,RENDICIONES 2024.csv,"AGRUPACION SOCIAL, CULTURAL, DEDUCATIVA Y DEPORTIVA SIPALKI-DO CHILE",0
2401D0074,,,,JUNTA DE VECINOS HUENUTIL CENTRO,pending,,,2,REN24-2401D0074,RENDICIONES 2024.csv,JUNTA DE VECINOS HUENUTIL CENTRO,0
2401D0076,,,,TEAM CICLISMO CAYUMANQUI,pending,,,1,REN24-2401D0076,RENDICIONES 2024.csv,TEAM CICLISMO CAYUMANQUI,0
2401D0077,,,,CLUB DEPORTIVO FEMENINO LAS AGUILAS DE PINTO,pending,,,1,REN24-2401D0077,RENDICIONES 2024.csv,CLUB DEPORTIVO FEMENINO LAS AGUILAS DE PINTO,0
2401D0080,,,,CENTRO GENERAL DE PADRES LICEO C-91 DE NINHUE,pending,,,1,REN24-2401D0080,RENDICIONES 2024.csv,CENTRO GENERAL DE PADRES LICEO C-91 DE NINHUE,0
2401D0083,,,,CLUB DEPORTIVO SAN EDUARDO,pending,,,1,REN24-2401D0083,RENDICIONES 2024.csv,CLUB DEPORTIVO SAN EDUARDO,0
2401D0084,,,,CLUB DEPORTIVO SOCIAL Y CULTURAL TAEKWONDO KIMS ÑUBLE,pending,,,1,REN24-2401D0084,RENDICIONES 2024.csv,CLUB DEPORTIVO SOCIAL Y CULTURAL TAEKWONDO KIMS ÑUBLE,0
2401D0085,,,,CLUB DEPORTIVO PEÑAROL DE CAPILLA NORTE,pending,,,1,REN24-2401D0085,RENDICIONES 2024.csv,CLUB DEPORTIVO PEÑAROL DE CAPILLA NORTE,0
2401D0087,,,,CLUB DEPORTIVO CACHAPOAL,pending,,,1,REN24-2401D0087,RENDICIONES 2024.csv,CLUB DEPORTIVO CACHAPOAL,0
2401D0089,,,,CLUB DEPORTIVO Y RAYUELA LAS VEGAS,pending,,,1,REN24-2401D0089,RENDICIONES 2024.csv,CLUB DEPORTIVO Y RAYUELA LAS VEGAS,0
2401D0090,,,,UNION COMUNAL DE CLUBES DEPORTIVOS ASOCIACION DE FUTBOL RURAL PONIENTE,pending,,,1,REN24-2401D0090,RENDICIONES 2024.csv,UNION COMUNAL DE CLUBES DEPORTIVOS ASOCIACION DE FUTBOL RURAL PONIENTE,0
2401D0091,,,,CLUB DEPORTIVO JUNQUILLO,pending,,,1,REN24-2401D0091,RENDICIONES 2024.csv,CLUB DEPORTIVO JUNQUILLO,0
2401D0092,,,,AGRUPACION DE PERSONAS CON DISCAPACIDAD FUTURO EXITOSO,pending,,,1,REN24-2401D0092,RENDICIONES 2024.csv,AGRUPACION DE PERSONAS CON DISCAPACIDAD FUTURO EXITOSO,0
2401D0095,,,,CLUB DE CAZA PESCA Y TIRO AL VUELO ÑUBLE,pending,,,1,REN24-2401D0095,RENDICIONES 2024.csv,CLUB DE CAZA PESCA Y TIRO AL VUELO ÑUBLE,0
2401D0096,,,,CLUB SOCIAL Y CULTURAL DEPORTIVO DE RAYUELA SAN MIGUEL,pending,,,1,REN24-2401D0096,RENDICIONES 2024.csv,CLUB SOCIAL Y CULTURAL DEPORTIVO DE RAYUELA SAN MIGUEL,0
2401D0097,,,,CLUB DEPORTIVO EL SAUCE,pending,,,1,REN24-2401D0097,RENDICIONES 2024.csv,CLUB DEPORTIVO EL SAUCE,0
2401D0098,,,,CLUB DEPORTIVO PANGAL DEL LAJA,pending,,,1,REN24-2401D0098,RENDICIONES 2024.csv,CLUB DEPORTIVO PANGAL DEL LAJA,0
2401D0099,,,,ESCUELA DE FUTBOL SOCIAL CULTURAL Y DEPORTUVO LAJUELAS,pending,,,1,REN24-2401D0099,RENDICIONES 2024.csv,ESCUELA DE FUTBOL SOCIAL CULTURAL Y DEPORTUVO LAJUELAS,0
2401D0100,,,,CLUB DE HUASOS ÑIQUEN,pending,,,1,REN24-2401D0100,RENDICIONES 2024.csv,CLUB DE HUASOS ÑIQUEN,0
2401D0101,,,,ATLETICO QUILAMAPU,pending,,,1,REN24-2401D0101,RENDICIONES 2024.csv,ATLETICO QUILAMAPU,0
2401D0104,,,,UNION COMUNAL DE FUTBOL NINHUE,pending,,,1,REN24-2401D0104,RENDICIONES 2024.csv,UNION COMUNAL DE FUTBOL NINHUE,0
2401D0106,,,,CENTRO GENERAL DE PADRES Y APODERADOS DE LA ESCUELA REYES DE ESPAÑA,pending,,,1,REN24-2401D0106,RENDICIONES 2024.csv,CENTRO GENERAL DE PADRES Y APODERADOS DE LA ESCUELA REYES DE ESPAÑA,0
2401D0108,,,,CLUB DEPORTIVO EL MANZANO,pending,,,1,REN24-2401D0108,RENDICIONES 2024.csv,CLUB DEPORTIVO EL MANZANO,0
2401D0109,,,,CLUB DEPORTIVO CULTURAL Y SOCIAL ANTÜ,pending,,,1,REN24-2401D0109,RENDICIONES 2024.csv,CLUB DEPORTIVO CULTURAL Y SOCIAL ANTÜ,0
2401D0110,,,,ASOCIACION TENIS DE MESA CHILLAN VIEJO,pending,,,1,REN24-2401D0110,RENDICIONES 2024.csv,ASOCIACION TENIS DE MESA CHILLAN VIEJO,0
2401D0111,,,,AGRUPACION DE DISCAPACITADOS TU DERECHO Y EL MIO,pending,,,1,REN24-2401D0111,RENDICIONES 2024.csv,AGRUPACION DE DISCAPACITADOS TU DERECHO Y EL MIO,0
2401D0116,,,,CLUB DEPORTIVO ARAUCO,pending,,,1,REN24-2401D0116,RENDICIONES 2024.csv,CLUB DEPORTIVO ARAUCO,0
2401D0118,,,,LIGA DEPORTIVA FEMENINA DE EL CARMEN,pending,,,1,REN24-2401D0118,RENDICIONES 2024.csv,LIGA DEPORTIVA FEMENINA DE EL CARMEN,0
2401D0119,,,,CENTRO GENRAL DE PADRES ESCUELA FERNANDO BAQUEDANO,pending,,,1,REN24-2401D0119,RENDICIONES 2024.csv,CENTRO GENRAL DE PADRES ESCUELA FERNANDO BAQUEDANO,0
2401D0122,,,,CLUB DE MOTOS DEPORTIVO Y RECREATIVO MUJERES SOBRE RUEDAS,pending,,,2,REN24-2401D0122,RENDICIONES 2024.csv,CLUB DE MOTOS DEPORTIVO Y RECREATIVO MUJERES SOBRE RUEDAS,0
2401D0123,,,,CLUB DEPORTIVO TRILICO,pending,,,1,REN24-2401D0123,RENDICIONES 2024.csv,CLUB DEPORTIVO TRILICO,0
2401D0125,,,,CLUB DEPORTIVO CAUPOLICAN DE SAN CARLOS DE ITIHUE,pending,,,1,REN24-2401D0125,RENDICIONES 2024.csv,CLUB DEPORTIVO CAUPOLICAN DE SAN CARLOS DE ITIHUE,0
2401D0126,,,,CLUB DEPORTIVO NAVOTAVO,pending,,,1,REN24-2401D0126,RENDICIONES 2024.csv,CLUB DEPORTIVO NAVOTAVO,0
2401D0129,,,,CLUB DEPORTIVO UNION CATOLICA DE QUILLON,pending,,,1,REN24-2401D0129,RENDICIONES 2024.csv,CLUB DEPORTIVO UNION CATOLICA DE QUILLON,0
2401D0132,,,,CLUB DEPORTIVO LOS HALCONES DE TOQUIHUA,pending,,,1,REN24-2401D0132,RENDICIONES 2024.csv,CLUB DEPORTIVO LOS HALCONES DE TOQUIHUA,0
2401D0133,,,,CLUB DEPORTIVO ESCOLAR INSAMACH,pending,,,1,REN24-2401D0133,RENDICIONES 2024.csv,CLUB DEPORTIVO ESCOLAR INSAMACH,0
2401D0136,,,,ONG SOMOS TODOS CHILLAN VIEJO,pending,,,1,REN24-2401D0136,RENDICIONES 2024.csv,ONG SOMOS TODOS CHILLAN VIEJO,0
2401D0138,,,,CLUB DEPORTIVO FUTURO ALEGRE,pending,,,1,REN24-2401D0138,RENDICIONES 2024.csv,CLUB DEPORTIVO FUTURO ALEGRE,0
2401D0140,,,,CLUB DEPORTIVO HUACAMALA,pending,,,1,REN24-2401D0140,RENDICIONES 2024.csv,CLUB DEPORTIVO HUACAMALA,0
2401D0143,,,,ESCUELA DE FUTBOL LOS PUMAS DE YUNGAY,pending,,,1,REN24-2401D0143,RENDICIONES 2024.csv,ESCUELA DE FUTBOL LOS PUMAS DE YUNGAY,0
2401D0144,,,,CLUB DEPORTIVO SAN LUIS DE CHILLAN,pending,,,1,REN24-2401D0144,RENDICIONES 2024.csv,CLUB DEPORTIVO SAN LUIS DE CHILLAN,0
2401D0146,,,,UNION COMUNAL DE CLUBES DEPORTIVOS RURALES JORGE SANTIBAÑEZ,pending,,,1,REN24-2401D0146,RENDICIONES 2024.csv,UNION COMUNAL DE CLUBES DEPORTIVOS RURALES JORGE SANTIBAÑEZ,0
2401D0147,,,,CLUB DEPORTIVO DE TAEKWONDO DRAGONES BLANCOS CHILLAN VIEJO,pending,,,1,REN24-2401D0147,RENDICIONES 2024.csv,CLUB DEPORTIVO DE TAEKWONDO DRAGONES BLANCOS CHILLAN VIEJO,0
2401D0150,,,,ASOCIACION COMUNAL DE CLUBES DEPORTIVOS DE BULNES,pending,,,1,REN24-2401D0150,RENDICIONES 2024.csv,ASOCIACION COMUNAL DE CLUBES DEPORTIVOS DE BULNES,0
2401D0151,,,,CLUB DEPORTIVO SOCIAL Y CULTURAL LIBERTAD DE COELEMU,pending,,,1,REN24-2401D0151,RENDICIONES 2024.csv,CLUB DEPORTIVO SOCIAL Y CULTURAL LIBERTAD DE COELEMU,0
2401D0154,,,,CLUB DEPORTIVO UNION CONDOR,pending,,,1,REN24-2401D0154,RENDICIONES 2024.csv,CLUB DEPORTIVO UNION CONDOR,0
2401D0156,,,,CLUB DEPORTIVO HALCONES ROJOS DE TALQUIPEN,pending,,,1,REN24-2401D0156,RENDICIONES 2024.csv,CLUB DEPORTIVO HALCONES ROJOS DE TALQUIPEN,0
2401D0158,,,,CLUB DEPORTIVO LOS CRISTALES,pending,,,1,REN24-2401D0158,RENDICIONES 2024.csv,CLUB DEPORTIVO LOS CRISTALES,0
2401D0159,,,,CLUB DEPORTIVO CARTAGO,pending,,,1,REN24-2401D0159,RENDICIONES 2024.csv,CLUB DEPORTIVO CARTAGO,0
2401D0162,,,,CLUB DEPORTIVO CENTELLA,pending,,,1,REN24-2401D0162,RENDICIONES 2024.csv,CLUB DEPORTIVO CENTELLA,0
2401D0166,,,,CLUB DEPORTIVO SANTA AMELIA,pending,,,2,REN24-2401D0166,RENDICIONES 2024.csv,CLUB DEPORTIVO SANTA AMELIA,0
2401D0169,,,,CLUB DEPORTIVO UNION LOS GUINDOS,pending,,,1,REN24-2401D0169,RENDICIONES 2024.csv,CLUB DEPORTIVO UNION LOS GUINDOS,0
2401D0170,,,,CLUB DEPORTIVO UNION SANTA INES,pending,,,1,REN24-2401D0170,RENDICIONES 2024.csv,CLUB DEPORTIVO UNION SANTA INES,0
2401D0171,,,,CLUB DEPORTIVO RENACER DE COLEAL CENTRAL,pending,,,1,REN24-2401D0171,RENDICIONES 2024.csv,CLUB DEPORTIVO RENACER DE COLEAL CENTRAL,0
2401D0172,,,,CLUB DEPORTIVO RENACER LOS HERORES,pending,,,1,REN24-2401D0172,RENDICIONES 2024.csv,CLUB DEPORTIVO RENACER LOS HERORES,0
2401D0174,,,,CLUB DEPORTIVO EL CARMEN DE CATO,pending,,,1,REN24-2401D0174,RENDICIONES 2024.csv,CLUB DEPORTIVO EL CARMEN DE CATO,0
2401D0176,,,,CLUB DE DEPORTES DAVID ARELLANO,pending,,,1,REN24-2401D0176,RENDICIONES 2024.csv,CLUB DE DEPORTES DAVID ARELLANO,0
2401D01777,,,,ESTRELLA DE LA COSTA,pending,,,1,REN24-2401D01777,RENDICIONES 2024.csv,ESTRELLA DE LA COSTA,0
2401D0180,,,,CLUB DE BASKETBALL CHILLAN VIEJO,pending,,,1,REN24-2401D0180,RENDICIONES 2024.csv,CLUB DE BASKETBALL CHILLAN VIEJO,0
2401D0183,,,,CLUB DE DEPORTES UNION ZAÑARTU,pending,,,1,REN24-2401D0183,RENDICIONES 2024.csv,CLUB DE DEPORTES UNION ZAÑARTU,0
2401D0184,,,,CLUB DEPORTIVO COPIHUAL,pending,,,1,REN24-2401D0184,RENDICIONES 2024.csv,CLUB DEPORTIVO COPIHUAL,0
2401D0186,,,,CLUB DEPORTIVO NACIONAL DE CATO,pending,,,1,REN24-2401D0186,RENDICIONES 2024.csv,CLUB DEPORTIVO NACIONAL DE CATO,0
2401D0187,,,,CLUB DEPORTIVO Y CULTUTRAL TEAM K,pending,,,1,REN24-2401D0187,RENDICIONES 2024.csv,CLUB DEPORTIVO Y CULTUTRAL TEAM K,0
2401D0188,,,,ASOCIACION DE FUTBOL RURAL CORDILLERA DE CHILLAN,pending,,,1,REN24-2401D0188,RENDICIONES 2024.csv,ASOCIACION DE FUTBOL RURAL CORDILLERA DE CHILLAN,0
2401D0189,,,,CLUB DEPORTIVO Y RAYUELA DIEGO DE ALMAGRO,pending,,,1,REN24-2401D0189,RENDICIONES 2024.csv,CLUB DEPORTIVO Y RAYUELA DIEGO DE ALMAGRO,0
2401D0190,,,,CLUB DEPORTIVO DE SAN NICOLAS,pending,,,1,REN24-2401D0190,RENDICIONES 2024.csv,CLUB DEPORTIVO DE SAN NICOLAS,0
2401D0191,,,,CLUB DEPORTIVO SAN CAMILO,pending,,,1,REN24-2401D0191,RENDICIONES 2024.csv,CLUB DEPORTIVO SAN CAMILO,0
2401D0193,,,,CLUB DEPORTIVO LA GREDA,pending,,,1,REN24-2401D0193,RENDICIONES 2024.csv,CLUB DEPORTIVO LA GREDA,0
2401D0195,,,,ASOCIACION DE FUTBOL VECINAL,pending,,,1,REN24-2401D0195,RENDICIONES 2024.csv,ASOCIACION DE FUTBOL VECINAL,0
2401D0196,,,,CLUB DEPORTIVO RENACER,pending,,,2,REN24-2401D0196,RENDICIONES 2024.csv,CLUB DEPORTIVO RENACER,0
2401D0198,,,,CLUB DEPORTIVO EL SAUCE,pending,,,2,REN24-2401D0198,RENDICIONES 2024.csv,CLUB DEPORTIVO EL SAUCE,0
2401D0200,,,,CENTRO DE PADRES Y APODERADOS ESCUELA G-1214 DE MAITENCO,pending,,,1,REN24-2401D0200,RENDICIONES 2024.csv,CENTRO DE PADRES Y APODERADOS ESCUELA G-1214 DE MAITENCO,0
2401D0202,,,,CLUB DEPORTIVO SOCIAL Y CULTURAL ESTADIO,pending,,,1,REN24-2401D0202,RENDICIONES 2024.csv,CLUB DEPORTIVO SOCIAL Y CULTURAL ESTADIO,0
2401D0204,,,,CLUB DEPORTIVO HURACAN,pending,,,1,REN24-2401D0204,RENDICIONES 2024.csv,CLUB DEPORTIVO HURACAN,0
2401D0205,,,,CLUB DEPORTIVO Y SOCIAL  TIGRES,pending,,,1,REN24-2401D0205,RENDICIONES 2024.csv,CLUB DEPORTIVO Y SOCIAL  TIGRES,0
2401D0206,,,,CENTRO DE MADRES LAS HORMIGUITAS DE EL SAUCE,pending,,,1,REN24-2401D0206,RENDICIONES 2024.csv,CENTRO DE MADRES LAS HORMIGUITAS DE EL SAUCE,0
2401D0209,,,,CLUB DEPORTIVO SOCIAL Y CUILTURTAL BASQUETBOL MUNICIPAL CHILLAN,pending,,,1,REN24-2401D0209,RENDICIONES 2024.csv,CLUB DEPORTIVO SOCIAL Y CUILTURTAL BASQUETBOL MUNICIPAL CHILLAN,0
2401D0210,,,,CLUB DE RAYUELA RUCAPEQUEN,pending,,,1,REN24-2401D0210,RENDICIONES 2024.csv,CLUB DE RAYUELA RUCAPEQUEN,0
2401D0215,,,,ENDUREROS YUNGAY,pending,,,1,REN24-2401D0215,RENDICIONES 2024.csv,ENDUREROS YUNGAY,0
2401D0216,,,,CLUB DEPORTIVO NACIONAL DE CHILLAN,pending,,,1,REN24-2401D0216,RENDICIONES 2024.csv,CLUB DEPORTIVO NACIONAL DE CHILLAN,0
2401D0223,,,,CLUB DEPORTIVO COLO COLO LA MERCED,pending,,,1,REN24-2401D0223,RENDICIONES 2024.csv,CLUB DEPORTIVO COLO COLO LA MERCED,0
2401D0224,,,,CLUB DEPORTIVO LAS ARBOLEDAS,pending,,,1,REN24-2401D0224,RENDICIONES 2024.csv,CLUB DEPORTIVO LAS ARBOLEDAS,0
2401D0225,,,,ASOCIACION DEPORTIVA DE FUTBOL AMATEUR DE CHILLAN,pending,,,1,REN24-2401D0225,RENDICIONES 2024.csv,ASOCIACION DEPORTIVA DE FUTBOL AMATEUR DE CHILLAN,0
2401D0228,,,,ENDURO CLUB DEPORTIVO COIHUECO,pending,,,1,REN24-2401D0228,RENDICIONES 2024.csv,ENDURO CLUB DEPORTIVO COIHUECO,0
2401D0229,,,,CLUB DEPORTIVO PULLAY,pending,,,1,REN24-2401D0229,RENDICIONES 2024.csv,CLUB DEPORTIVO PULLAY,0
2401D0232,,,,CLUB DEPORTIVO SUPER SENIORS Y CULTURAL FERNANDO BAQUEDANO,pending,,,1,REN24-2401D0232,RENDICIONES 2024.csv,CLUB DEPORTIVO SUPER SENIORS Y CULTURAL FERNANDO BAQUEDANO,0
2401D0234,,,,CLUB DEPORTIVO ZEMITA,pending,,,1,REN24-2401D0234,RENDICIONES 2024.csv,CLUB DEPORTIVO ZEMITA,0
2401D0237,,,,´CLUB DE RAYUELA EL PORVENIR EL SAUCE,pending,,,1,REN24-2401D0237,RENDICIONES 2024.csv,´CLUB DE RAYUELA EL PORVENIR EL SAUCE,0
2401D0239,,,,CLUB DEPORTIVO LA LOBERIA,pending,,,1,REN24-2401D0239,RENDICIONES 2024.csv,CLUB DEPORTIVO LA LOBERIA,0
2401D0241,,,,CLUB DEPORTIVO UNION MARDONES,pending,,,1,REN24-2401D0241,RENDICIONES 2024.csv,CLUB DEPORTIVO UNION MARDONES,0
2401D0246,,,,COLEGIO DE PROFESORES Y PROFESORS DE CHILE A.G,pending,,,1,REN24-2401D0246,RENDICIONES 2024.csv,COLEGIO DE PROFESORES Y PROFESORS DE CHILE A.G,0
2401D0247,,,,CLUB DEPORTIVO SAN IGNACIO,pending,,,1,REN24-2401D0247,RENDICIONES 2024.csv,CLUB DEPORTIVO SAN IGNACIO,0
2401D0248,,,,CLUB DE RAYUELA EL MAITEN,pending,,,1,REN24-2401D0248,RENDICIONES 2024.csv,CLUB DE RAYUELA EL MAITEN,0
2401D0249,,,,CLUB DEPORTIVO PASION FEMENINA PUEBLO SECO,pending,,,1,REN24-2401D0249,RENDICIONES 2024.csv,CLUB DEPORTIVO PASION FEMENINA PUEBLO SECO,0
2401D0251,,,,CLUB DEPORTIVO COSMOS JUNIOR,pending,,,1,REN24-2401D0251,RENDICIONES 2024.csv,CLUB DEPORTIVO COSMOS JUNIOR,0
2401D0253,,,,CLUB DEPOTRTIVO COMJUV,pending,,,1,REN24-2401D0253,RENDICIONES 2024.csv,CLUB DEPOTRTIVO COMJUV,0
2401D0258,,,,CLUB DEPORTIVO EL CRUCERO,pending,,,1,REN24-2401D0258,RENDICIONES 2024.csv,CLUB DEPORTIVO EL CRUCERO,0
2401D0259,,,,CENTRO DE PADRES Y APODERAOD SESCUELA EL SAUCE,pending,,,1,REN24-2401D0259,RENDICIONES 2024.csv,CENTRO DE PADRES Y APODERAOD SESCUELA EL SAUCE,0
2401D0260,,,,CLUB DEPORTIVO MAXIBASQUETBOL CHILLAN,pending,,,1,REN24-2401D0260,RENDICIONES 2024.csv,CLUB DEPORTIVO MAXIBASQUETBOL CHILLAN,0
2401D0262,,,,CLUB DE RAYUELA PILICURA,pending,,,1,REN24-2401D0262,RENDICIONES 2024.csv,CLUB DE RAYUELA PILICURA,0
2401D0266,,,,CLUB DEPORTIVO Y RAYUELA ARTURO LAFUENTE,pending,,,1,REN24-2401D0266,RENDICIONES 2024.csv,CLUB DEPORTIVO Y RAYUELA ARTURO LAFUENTE,0
2401D0267,,,,CLUB DE RAYUELA QUIRIQUINA,pending,,,1,REN24-2401D0267,RENDICIONES 2024.csv,CLUB DE RAYUELA QUIRIQUINA,0
2401D0269,,,,CENTRO DE PADRES Y APODERADOS ESCUELA BASICA PUEBLO SECO UNIDAD VECINAL N°12,pending,,,1,REN24-2401D0269,RENDICIONES 2024.csv,CENTRO DE PADRES Y APODERADOS ESCUELA BASICA PUEBLO SECO UNIDAD VECINAL N°12,0
2401D0270,,,,CLUBES DE DEPORTES BUSTAMANTE,pending,,,1,REN24-2401D0270,RENDICIONES 2024.csv,CLUBES DE DEPORTES BUSTAMANTE,0
2401D0274,,,,ESCUELA DE FUTBOL UNION FUTURO DE CAMPANARIO,pending,,,1,REN24-2401D0274,RENDICIONES 2024.csv,ESCUELA DE FUTBOL UNION FUTURO DE CAMPANARIO,0
2401D0276,,,,CENTRO DE PADRES Y APODERADOS COLEGIO SAGRADO CORAZON DE JESUS,pending,,,1,REN24-2401D0276,RENDICIONES 2024.csv,CENTRO DE PADRES Y APODERADOS COLEGIO SAGRADO CORAZON DE JESUS,0
2401D0278,,,,CLUB DEPORTIVO ALIANZA DE LA UNIDAD VECINAL N°6,pending,,,1,REN24-2401D0278,RENDICIONES 2024.csv,CLUB DEPORTIVO ALIANZA DE LA UNIDAD VECINAL N°6,0
2401D0281,,,,CLUB DEPORTIVO EL CARMEN DE CATO,pending,,,1,REN24-2401D0281,RENDICIONES 2024.csv,CLUB DEPORTIVO EL CARMEN DE CATO,0
2401D0282,,,,CLUB DEPORTIVO SAN PABLO DE RECINTO,pending,,,1,REN24-2401D0282,RENDICIONES 2024.csv,CLUB DEPORTIVO SAN PABLO DE RECINTO,0
2401D0283,,,,CLUB DE RAYUELA TALCAMAVIDA,pending,,,1,REN24-2401D0283,RENDICIONES 2024.csv,CLUB DE RAYUELA TALCAMAVIDA,0
2401D0286,,,,CLUB DEPORTIVO SOCIAL Y CULTURAL EL ORATORIO,pending,,,1,REN24-2401D0286,RENDICIONES 2024.csv,CLUB DEPORTIVO SOCIAL Y CULTURAL EL ORATORIO,0
2401D0287,,,,CLUB DEPORTIVO BERNANRDO OLALDE,pending,,,1,REN24-2401D0287,RENDICIONES 2024.csv,CLUB DEPORTIVO BERNANRDO OLALDE,0
2401D0288,,,,CLUB DEPORTIVO UNION BERNARDO O´HIGGINS DE CAPILLA COX CHILLAN,pending,,,1,REN24-2401D0288,RENDICIONES 2024.csv,CLUB DEPORTIVO UNION BERNARDO O´HIGGINS DE CAPILLA COX CHILLAN,0
2401D0289,,,,CLUB DEPORTIVO EL MOLINO,pending,,,1,REN24-2401D0289,RENDICIONES 2024.csv,CLUB DEPORTIVO EL MOLINO,0
2401D0293,,,,ASOCIACION DE FUTBOL COELEMU,pending,,,1,REN24-2401D0293,RENDICIONES 2024.csv,ASOCIACION DE FUTBOL COELEMU,0
2401D0294,,,,"CLUB DE RAYUELA ""EL CABILDO",pending,,,1,REN24-2401D0294,RENDICIONES 2024.csv,"CLUB DE RAYUELA ""EL CABILDO",0
2401D0295,,,,CLUB DEPORTIVO BELLO HORIZONTE,pending,,,1,REN24-2401D0295,RENDICIONES 2024.csv,CLUB DEPORTIVO BELLO HORIZONTE,0
2401D0296,,,,CLUB DE RAYUELA VIEJOS AMIGOS N,pending,,,1,REN24-2401D0296,RENDICIONES 2024.csv,CLUB DE RAYUELA VIEJOS AMIGOS N,0
2401D0298,,,,ESCUELA DEPORTIVA PUREN,pending,,,1,REN24-2401D0298,RENDICIONES 2024.csv,ESCUELA DEPORTIVA PUREN,0
2401D0299,,,,CLUB DEPORTIVO ARTURO PRAT DE NINHUE,pending,,,1,REN24-2401D0299,RENDICIONES 2024.csv,CLUB DEPORTIVO ARTURO PRAT DE NINHUE,0
2401D0302,,,,CLUB DE AJEDREZ CHILLAN VIEJO,pending,,,1,REN24-2401D0302,RENDICIONES 2024.csv,CLUB DE AJEDREZ CHILLAN VIEJO,0
2401D0310,,,,CLUB DE HUASOS INTERCOMUNAL DE PINTO,pending,,,1,REN24-2401D0310,RENDICIONES 2024.csv,CLUB DE HUASOS INTERCOMUNAL DE PINTO,0
2401D0314,,,,CLUB DEPORTIVO RANGUELMO,pending,,,1,REN24-2401D0314,RENDICIONES 2024.csv,CLUB DEPORTIVO RANGUELMO,0
2401D0317,,,,CLUB DEPORTIVO QUIRIQUINA,pending,,,1,REN24-2401D0317,RENDICIONES 2024.csv,CLUB DEPORTIVO QUIRIQUINA,0
2401D0319,,,,CLUB DEPORTIVO REAL SOCIEDAD DE PEMUCO,pending,,,1,REN24-2401D0319,RENDICIONES 2024.csv,CLUB DEPORTIVO REAL SOCIEDAD DE PEMUCO,0
2401D0320,,,,CLUB DE RODEO CHILENO DE PEMUCO RIO PAL PAL,pending,,,1,REN24-2401D0320,RENDICIONES 2024.csv,CLUB DE RODEO CHILENO DE PEMUCO RIO PAL PAL,0
2401D0322,,,,CLUB DEPORTIVO UNION FERROVIARIO,pending,,,1,REN24-2401D0322,RENDICIONES 2024.csv,CLUB DEPORTIVO UNION FERROVIARIO,0
2401D0323,,,,CENTRO DE PADRES Y APODERADOS LICEO POLIVALENTE JUAN ARTURO PACHECO ALTAMIRANO,pending,,,1,REN24-2401D0323,RENDICIONES 2024.csv,CENTRO DE PADRES Y APODERADOS LICEO POLIVALENTE JUAN ARTURO PACHECO ALTAMIRANO,0
2401D0324,,,,CLUB DE AJEDREZ SOCIEDAD DE EMPLEADOS DE COMERCIO DE CHILLAN,pending,,,1,REN24-2401D0324,RENDICIONES 2024.csv,CLUB DE AJEDREZ SOCIEDAD DE EMPLEADOS DE COMERCIO DE CHILLAN,0
2401D0327,,,,CENTRO DE PADRES Y APODERADOS LICEO POLITECNICO MARIA WARD,pending,,,1,REN24-2401D0327,RENDICIONES 2024.csv,CENTRO DE PADRES Y APODERADOS LICEO POLITECNICO MARIA WARD,0
2401D0332,,,,UNION COMUNAL CLUBES DEPORTIVOS URBANOS DE YUNGAY,pending,,,1,REN24-2401D0332,RENDICIONES 2024.csv,UNION COMUNAL CLUBES DEPORTIVOS URBANOS DE YUNGAY,0
2401D0333,,,,CLUB DEPORTIVO ZUMBA FITNES VALLE HERMOSO,pending,,,1,REN24-2401D0333,RENDICIONES 2024.csv,CLUB DEPORTIVO ZUMBA FITNES VALLE HERMOSO,0
2401D0335,,,,CLUB DEPORTIVO ESTRELLA DE CAMPANARIO,pending,,,1,REN24-2401D0335,RENDICIONES 2024.csv,CLUB DEPORTIVO ESTRELLA DE CAMPANARIO,0
2401D0339,,,,CLUB DEPORTIVO Y CULTURAL DE HUASOS CHILLAN,pending,,,1,REN24-2401D0339,RENDICIONES 2024.csv,CLUB DEPORTIVO Y CULTURAL DE HUASOS CHILLAN,0
2401D9968,,,,CLUB DEPORTIVO EL PLAYA,pending,,,1,REN24-2401D9968,RENDICIONES 2024.csv,CLUB DEPORTIVO EL PLAYA,0
2401DE0201,,,,AGRUPACION DE PADRES Y AMIGOS DE PERSONAS CON SINDROME DE DOWN,pending,,,1,REN24-2401DE0201,RENDICIONES 2024.csv,AGRUPACION DE PADRES Y AMIGOS DE PERSONAS CON SINDROME DE DOWN,0
2401DO194,,,,CENTRO GENERAL DE PADRES Y APODERADOS DE LA ESCUELA ESPECIAL DE LENGUAJE SONRISAS - TREHUACO,pending,,,1,REN24-2401DO194,RENDICIONES 2024.csv,CENTRO GENERAL DE PADRES Y APODERADOS DE LA ESCUELA ESPECIAL DE LENGUAJE SONRISAS - TREHUACO,0
2401EG0001,,,,COMITE FEMENINO LAS MARIPOSAS,pending,,,2,REN24-2401EG0001,RENDICIONES 2024.csv,COMITE FEMENINO LAS MARIPOSAS,0
2401EG0002,,,,COMITE FEMENINO LAS EMPRENDEDORAS DE TRABUNCURA SUR,pending,,,1,REN24-2401EG0002,RENDICIONES 2024.csv,COMITE FEMENINO LAS EMPRENDEDORAS DE TRABUNCURA SUR,0
2401EG0003,,,,AGRUPACION DE ARTESANOS EL PUELCHE,pending,,,1,REN24-2401EG0003,RENDICIONES 2024.csv,AGRUPACION DE ARTESANOS EL PUELCHE,0
2401EG0004,,,,COMITE FEMENINO SANTA TERESITA,pending,,,2,REN24-2401EG0004,RENDICIONES 2024.csv,COMITE FEMENINO SANTA TERESITA,0
2401EG0006,,,,AGRUPACION DE MUJERES LAS ARAÑITAS,pending,,,1,REN24-2401EG0006,RENDICIONES 2024.csv,AGRUPACION DE MUJERES LAS ARAÑITAS,0
2401EG0007,,,,AGRUPACION DE MUJERES RURALES ENTRE ROSAS Y GALLINAS,pending,,,1,REN24-2401EG0007,RENDICIONES 2024.csv,AGRUPACION DE MUJERES RURALES ENTRE ROSAS Y GALLINAS,0
2401EG0008,,,,UNION COMUNAL DE ORGANIZACIONES FEMENINAS,pending,,,1,REN24-2401EG0008,RENDICIONES 2024.csv,UNION COMUNAL DE ORGANIZACIONES FEMENINAS,0
2401EG0009,,,,COMITE FEMENINO LAS CATITAS,pending,,,1,REN24-2401EG0009,RENDICIONES 2024.csv,COMITE FEMENINO LAS CATITAS,0
2401EG0010,,,,AGRUPACION DE MUJERES LAS FRUTILLAS DE LA GLORIA,pending,,,2,REN24-2401EG0010,RENDICIONES 2024.csv,AGRUPACION DE MUJERES LAS FRUTILLAS DE LA GLORIA,0
2401EG0011,,,,COMITE DE MUJERES LAS NIEVES,pending,,,2,REN24-2401EG0011,RENDICIONES 2024.csv,COMITE DE MUJERES LAS NIEVES,0
2401EG0015,,,,JUNTA DE VECINOS TAUCU,pending,,,1,REN24-2401EG0015,RENDICIONES 2024.csv,JUNTA DE VECINOS TAUCU,0
2401EG0017,,,,ASOCIACION PARA EL DESARROLLO DEL TURISMO RURAL DE NINHUE ADETUR,pending,,,1,REN24-2401EG0017,RENDICIONES 2024.csv,ASOCIACION PARA EL DESARROLLO DEL TURISMO RURAL DE NINHUE ADETUR,0
2401EG0018,,,,AGRUPACION DE MUJERES LAS EMPRENDEDORAS DE QUIRAO,pending,,,2,REN24-2401EG0018,RENDICIONES 2024.csv,AGRUPACION DE MUJERES LAS EMPRENDEDORAS DE QUIRAO,0
2401EG0020,,,,JUNTA DE VECINOS EL TOLLO,pending,,,1,REN24-2401EG0020,RENDICIONES 2024.csv,JUNTA DE VECINOS EL TOLLO,0
2401EG0021,,,,CENTRO DE MADRES RENACER DE PEMUCO,pending,,,2,REN24-2401EG0021,RENDICIONES 2024.csv,CENTRO DE MADRES RENACER DE PEMUCO,0
2401EG0022,,,,GRUPO DE MUJERES LAS ROSITAS DE CHEQUEN,pending,,,2,REN24-2401EG0022,RENDICIONES 2024.csv,GRUPO DE MUJERES LAS ROSITAS DE CHEQUEN,0
2401EG0023,,,,AGRUPACION DE MUJERES LAS ESTRELLITAS DE LONQUEN,pending,,,2,REN24-2401EG0023,RENDICIONES 2024.csv,AGRUPACION DE MUJERES LAS ESTRELLITAS DE LONQUEN,0
2401EG0024,,,,COMITE DE MUJERES CAMPESINAS LUCHADORAS LOURDES,pending,,,1,REN24-2401EG0024,RENDICIONES 2024.csv,COMITE DE MUJERES CAMPESINAS LUCHADORAS LOURDES,0
2401EG0025,,,,COMITE DE MUJERES LAS GOLONDRINAS,pending,,,2,REN24-2401EG0025,RENDICIONES 2024.csv,COMITE DE MUJERES LAS GOLONDRINAS,0
2401EG0027,,,,CENTRO DE MADRE ALEGRE DESPERTAR,pending,,,1,REN24-2401EG0027,RENDICIONES 2024.csv,CENTRO DE MADRE ALEGRE DESPERTAR,0
2401EG0028,,,,COMITE DE AVES CAMPESINAS JUNTAS VOLAREMOS MAYULERMO,pending,,,2,REN24-2401EG0028,RENDICIONES 2024.csv,COMITE DE AVES CAMPESINAS JUNTAS VOLAREMOS MAYULERMO,0
2401EG0029,,,,AGRUPACION DE MUJERES MARIA ELENA VALDES DE SAN JUAN,pending,,,1,REN24-2401EG0029,RENDICIONES 2024.csv,AGRUPACION DE MUJERES MARIA ELENA VALDES DE SAN JUAN,0
2401EG0032,,,,AGRUPACION DE MUJERES LAS DULZERAS DE LAS HIGUERAS,pending,,,2,REN24-2401EG0032,RENDICIONES 2024.csv,AGRUPACION DE MUJERES LAS DULZERAS DE LAS HIGUERAS,0
2401EG0034,,,,VEGA SALUDABLE,pending,,,2,REN24-2401EG0034,RENDICIONES 2024.csv,VEGA SALUDABLE,0
2401EG0035,,,,TALLER DE MUJERES VIDA NUEVA DE COYANCO,pending,,,2,REN24-2401EG0035,RENDICIONES 2024.csv,TALLER DE MUJERES VIDA NUEVA DE COYANCO,0
2401EG0036,,,,CENTRO DE MADRES LAS MARIANITAS,pending,,,2,REN24-2401EG0036,RENDICIONES 2024.csv,CENTRO DE MADRES LAS MARIANITAS,0
2401EG0037,,,,CENTRO DE MADRES ETELVIDA DE FUENTES,pending,,,1,REN24-2401EG0037,RENDICIONES 2024.csv,CENTRO DE MADRES ETELVIDA DE FUENTES,0
2401EG0038,,,,TALLER DE MUJERES LAS ABEJITAS DE RELOCA,pending,,,2,REN24-2401EG0038,RENDICIONES 2024.csv,TALLER DE MUJERES LAS ABEJITAS DE RELOCA,0
2401EG0041,,,,COMITE DE MUJERES CAMPESINAS LA GREDA,pending,,,1,REN24-2401EG0041,RENDICIONES 2024.csv,COMITE DE MUJERES CAMPESINAS LA GREDA,0
2401EG0042,,,,AGRUPACION DE MUJERES CAMPESINAS LA ESPERANZA,pending,,,1,REN24-2401EG0042,RENDICIONES 2024.csv,AGRUPACION DE MUJERES CAMPESINAS LA ESPERANZA,0
2401EG0043,,,,AGRUPACION DE MUJERES CAMPESINAS EL CARMEN,pending,,,2,REN24-2401EG0043,RENDICIONES 2024.csv,AGRUPACION DE MUJERES CAMPESINAS EL CARMEN,0
2401EG0045,,,,COMITE DE MUJERES DESAN JOSE LAS ESMIRNITAS,pending,,,2,REN24-2401EG0045,RENDICIONES 2024.csv,COMITE DE MUJERES DESAN JOSE LAS ESMIRNITAS,0
2401EG0046,,,,SINDICATO DE TRABAJADORES AGRICOLAS INDEPENDIENTES MONTE BLANCO COMUNA DE SAN CARLOS,pending,,,1,REN24-2401EG0046,RENDICIONES 2024.csv,SINDICATO DE TRABAJADORES AGRICOLAS INDEPENDIENTES MONTE BLANCO COMUNA DE SAN CARLOS,0
2401EG0047,,,,AGRUPACION DE ARTESANOS EL CARMEN,pending,,,1,REN24-2401EG0047,RENDICIONES 2024.csv,AGRUPACION DE ARTESANOS EL CARMEN,0
2401EG0048,,,,"AGRUPACION CULTURAL, DEPORTIVA Y SOCIAL DE MUJERES EMPRENDEDORAS LAS GUERRERAS DE SAN JOSE",pending,,,1,REN24-2401EG0048,RENDICIONES 2024.csv,"AGRUPACION CULTURAL, DEPORTIVA Y SOCIAL DE MUJERES EMPRENDEDORAS LAS GUERRERAS DE SAN JOSE",0
2401EG0049,,,,AGRUPACION DE PRODUCTORES Y PROCESADORES DE CASTAÑA EL CARMEN,pending,,,1,REN24-2401EG0049,RENDICIONES 2024.csv,AGRUPACION DE PRODUCTORES Y PROCESADORES DE CASTAÑA EL CARMEN,0
2401EG0052,,,,CENTRO ARTESANAL SAN JOSE,pending,,,1,REN24-2401EG0052,RENDICIONES 2024.csv,CENTRO ARTESANAL SAN JOSE,0
2401EG0053,,,,AGRUPACION LAS DAMAS DE ADAN,pending,,,1,REN24-2401EG0053,RENDICIONES 2024.csv,AGRUPACION LAS DAMAS DE ADAN,0
2401EG0054,,,,AGRUPACION DE MUJERES DE SANTA CLARA,pending,,,1,REN24-2401EG0054,RENDICIONES 2024.csv,AGRUPACION DE MUJERES DE SANTA CLARA,0
2401EG0056,,,,COMITE DE MUJERES PROYECCION,pending,,,1,REN24-2401EG0056,RENDICIONES 2024.csv,COMITE DE MUJERES PROYECCION,0
2401EG0057,,,,JUNTA DE VECINOS LOS REMATES,pending,,,1,REN24-2401EG0057,RENDICIONES 2024.csv,JUNTA DE VECINOS LOS REMATES,0
2401EG0058,,,,JUNTA DE VECINOS BOCA ITATA LA PLAYA,pending,,,1,REN24-2401EG0058,RENDICIONES 2024.csv,JUNTA DE VECINOS BOCA ITATA LA PLAYA,0
2401EG0062,,,,AGRUPACION DE MUJERES CENTRO DE MADRES LOURDES,pending,,,1,REN24-2401EG0062,RENDICIONES 2024.csv,AGRUPACION DE MUJERES CENTRO DE MADRES LOURDES,0
2401EG0064,,,,ORGANIZACION DE LA MUJER RURAL DE PINTO,pending,,,1,REN24-2401EG0064,RENDICIONES 2024.csv,ORGANIZACION DE LA MUJER RURAL DE PINTO,0
2401EG0066,,,,COMITE VAGRO PROCESADOS CUNA DE PRAT,pending,,,1,REN24-2401EG0066,RENDICIONES 2024.csv,COMITE VAGRO PROCESADOS CUNA DE PRAT,0
2401EG0067,,,,COMITE FEMENINO LAS ARAÑITAS DE LA VEGA,pending,,,1,REN24-2401EG0067,RENDICIONES 2024.csv,COMITE FEMENINO LAS ARAÑITAS DE LA VEGA,0
2401EG0069,,,,JUNTA DE VECINOS PASO EL LEON,pending,,,1,REN24-2401EG0069,RENDICIONES 2024.csv,JUNTA DE VECINOS PASO EL LEON,0
2401EG0076,,,,CENTRO DE MADRES DE CUNA DE PRAT DE NINHUE,pending,,,2,REN24-2401EG0076,RENDICIONES 2024.csv,CENTRO DE MADRES DE CUNA DE PRAT DE NINHUE,0
2401EG0077,,,,AGRUPACION ARTES DE LUZ,pending,,,1,REN24-2401EG0077,RENDICIONES 2024.csv,AGRUPACION ARTES DE LUZ,0
2401EG0078,,,,FUNDACION MARIA WARD,pending,,,1,REN24-2401EG0078,RENDICIONES 2024.csv,FUNDACION MARIA WARD,0
2401EG0079,,,,AGRUPACION DE MUJERES PRIMAVERAS DE RAHUIL,pending,,,1,REN24-2401EG0079,RENDICIONES 2024.csv,AGRUPACION DE MUJERES PRIMAVERAS DE RAHUIL,0
2401EG0082,,,,COMITE DE DAMAS RENE SCHNEIDER,pending,,,2,REN24-2401EG0082,RENDICIONES 2024.csv,COMITE DE DAMAS RENE SCHNEIDER,0
2401EG0083,,,,COMITE LA ESPERANZA DE ZAPALLAR,pending,,,2,REN24-2401EG0083,RENDICIONES 2024.csv,COMITE LA ESPERANZA DE ZAPALLAR,0
2401EG00833,,,,COMITE LA ESPERANZA DE ZAPALLAR,pending,,,1,REN24-2401EG00833,RENDICIONES 2024.csv,COMITE LA ESPERANZA DE ZAPALLAR,0
2401EG0084,,,,CLUB DE VOLUNTARIOS LAS SIRENITAS,pending,,,1,REN24-2401EG0084,RENDICIONES 2024.csv,CLUB DE VOLUNTARIOS LAS SIRENITAS,0
2401EG0085,,,,AGRUPACION DE MUJERES GUILLERMINA ACEVEDO CARDENAS,pending,,,2,REN24-2401EG0085,RENDICIONES 2024.csv,AGRUPACION DE MUJERES GUILLERMINA ACEVEDO CARDENAS,0
2401EG0086,,,,COMITE FEMENINO LOS VECINOS DE LOS TORONJILES,pending,,,2,REN24-2401EG0086,RENDICIONES 2024.csv,COMITE FEMENINO LOS VECINOS DE LOS TORONJILES,0
2401EG0087,,,,AGRUPACION DE MUJERES NATIVIDAD,pending,,,1,REN24-2401EG0087,RENDICIONES 2024.csv,AGRUPACION DE MUJERES NATIVIDAD,0
2401EG0088,,,,AGRUPACION DE MUJERES FLOR DE PRIMAVERA,pending,,,1,REN24-2401EG0088,RENDICIONES 2024.csv,AGRUPACION DE MUJERES FLOR DE PRIMAVERA,0
2401EG0089,,,,AGRUPACION DE MUJERES MIRANDO FUTURO,pending,,,1,REN24-2401EG0089,RENDICIONES 2024.csv,AGRUPACION DE MUJERES MIRANDO FUTURO,0
2401EG0090,,,,"GRUPO AGROECOLOGICO ""GOTAS DE AGUA",pending,,,1,REN24-2401EG0090,RENDICIONES 2024.csv,"GRUPO AGROECOLOGICO ""GOTAS DE AGUA",0
2401EG0091,,,,COMITE DE DESARROLLO MANOS MAGICAS,pending,,,2,REN24-2401EG0091,RENDICIONES 2024.csv,COMITE DE DESARROLLO MANOS MAGICAS,0
2401EG0094,,,,COMITE FEMENINO LAS CARMELITAS,pending,,,1,REN24-2401EG0094,RENDICIONES 2024.csv,COMITE FEMENINO LAS CARMELITAS,0
2401EG0095,,,,JUNTA DE VECINOS ALTOS DE COIHUECO,pending,,,1,REN24-2401EG0095,RENDICIONES 2024.csv,JUNTA DE VECINOS ALTOS DE COIHUECO,0
2401EG0096,,,,UNION COMUNAL DE GRUPOS AGROECOLOGICOS,pending,,,1,REN24-2401EG0096,RENDICIONES 2024.csv,UNION COMUNAL DE GRUPOS AGROECOLOGICOS,0
2401EG0097,,,,FUNDACION MUJER REGION,pending,,,2,REN24-2401EG0097,RENDICIONES 2024.csv,FUNDACION MUJER REGION,0
2401EG0098,,,,AGRUPACION DE MUJERES SABIAS,pending,,,1,REN24-2401EG0098,RENDICIONES 2024.csv,AGRUPACION DE MUJERES SABIAS,0
2401EG0102,,,,CENTRO DE MADRES DESPERTAR,pending,,,1,REN24-2401EG0102,RENDICIONES 2024.csv,CENTRO DE MADRES DESPERTAR,0
2401EG0105,,,,"COMITE DE PROMOCION AGROECOLOGICO ""LAS SEMILLITAS DE RANGUELMO",pending,,,1,REN24-2401EG0105,RENDICIONES 2024.csv,"COMITE DE PROMOCION AGROECOLOGICO ""LAS SEMILLITAS DE RANGUELMO",0
2401EG0106,,,,JUNTA DE VECINOS EL PERAL,pending,,,1,REN24-2401EG0106,RENDICIONES 2024.csv,JUNTA DE VECINOS EL PERAL,0
2401EG0107,,,,AGRUPACION CULTURAL Y DEPORTIVA MANOS DE MUJER,pending,,,1,REN24-2401EG0107,RENDICIONES 2024.csv,AGRUPACION CULTURAL Y DEPORTIVA MANOS DE MUJER,0
2401EG0109,,,,CLUB DE LA AMISRAD DE QUIRIHUE,pending,,,2,REN24-2401EG0109,RENDICIONES 2024.csv,CLUB DE LA AMISRAD DE QUIRIHUE,0
2401EG0110,,,,UNION COMUNAL DE ORGANIZACIONES DE MUJERES DE PORTEZUELO,pending,,,1,REN24-2401EG0110,RENDICIONES 2024.csv,UNION COMUNAL DE ORGANIZACIONES DE MUJERES DE PORTEZUELO,0
2401EG0111,,,,UNIVERSIDAD ADVENTISTA DE CHILE,pending,,,1,REN24-2401EG0111,RENDICIONES 2024.csv,UNIVERSIDAD ADVENTISTA DE CHILE,0
2401EG0112,,,,ASOCIACION INDIGENA WENGAMEN,pending,,,1,REN24-2401EG0112,RENDICIONES 2024.csv,ASOCIACION INDIGENA WENGAMEN,0
2401EG0117,,,,GRUPO DE MUJERES EL PROGRESO,pending,,,2,REN24-2401EG0117,RENDICIONES 2024.csv,GRUPO DE MUJERES EL PROGRESO,0
2401EG0118,,,,AGRUPACION DE MUJERES LA ESPERANZA DE LA ISLA,pending,,,2,REN24-2401EG0118,RENDICIONES 2024.csv,AGRUPACION DE MUJERES LA ESPERANZA DE LA ISLA,0
2401EG0119,,,,JUNTA DE VECINOS FRUTILLAR CENTRLA,pending,,,1,REN24-2401EG0119,RENDICIONES 2024.csv,JUNTA DE VECINOS FRUTILLAR CENTRLA,0
2401EG0120,,,,CLUB DE HUASOS SAN RAFAEL DE DUCHA URREJOLA,pending,,,2,REN24-2401EG0120,RENDICIONES 2024.csv,CLUB DE HUASOS SAN RAFAEL DE DUCHA URREJOLA,0
2401EG0121,,,,COMITE DE AVES CAMPESINAS LAS BUENAS PIEDRAS MAULE,pending,,,1,REN24-2401EG0121,RENDICIONES 2024.csv,COMITE DE AVES CAMPESINAS LAS BUENAS PIEDRAS MAULE,0
2401EG0124,,,,JUNTA DE VECINOS ALTOS DEL NEWEN,pending,,,2,REN24-2401EG0124,RENDICIONES 2024.csv,JUNTA DE VECINOS ALTOS DEL NEWEN,0
2401EG0128,,,,MESA DE LA MUJER CAMPESINA,pending,,,1,REN24-2401EG0128,RENDICIONES 2024.csv,MESA DE LA MUJER CAMPESINA,0
2401EG0130,,,,TALLER DE MUJERES SANTA INES,pending,,,1,REN24-2401EG0130,RENDICIONES 2024.csv,TALLER DE MUJERES SANTA INES,0
2401EG0131,,,,JUNTA DE VECINOS TREHUALEMU ORIENTE,pending,,,1,REN24-2401EG0131,RENDICIONES 2024.csv,JUNTA DE VECINOS TREHUALEMU ORIENTE,0
2401EG0133,,,,JUNTA VECINAL JERUSALEN 2,pending,,,1,REN24-2401EG0133,RENDICIONES 2024.csv,JUNTA VECINAL JERUSALEN 2,0
2401EG0134,,,,TALLER DE MUJERES SANTA TERESA-PANGUE,pending,,,2,REN24-2401EG0134,RENDICIONES 2024.csv,TALLER DE MUJERES SANTA TERESA-PANGUE,0
2401EG0136,,,,JUNTA DE VECINOS VILLA EL BOSQUE,pending,,,2,REN24-2401EG0136,RENDICIONES 2024.csv,JUNTA DE VECINOS VILLA EL BOSQUE,0
2401EG0137,,,,CORPORACION EDUCACIONAL PERSEVERA,pending,,,1,REN24-2401EG0137,RENDICIONES 2024.csv,CORPORACION EDUCACIONAL PERSEVERA,0
2401EG0139,,,,AGRUPACION ACHAWALL,pending,,,2,REN24-2401EG0139,RENDICIONES 2024.csv,AGRUPACION ACHAWALL,0
2401EG0140,,,,AGRUPACION DE MUJERES LAS EVITAS,pending,,,2,REN24-2401EG0140,RENDICIONES 2024.csv,AGRUPACION DE MUJERES LAS EVITAS,0
2401EG0144,,,,COMITE DE MUJERES CAMPESINAS DE HORTALIZAS AVES Y FRUTOS DE LA TIERRA DE CAMPANARIO,pending,,,1,REN24-2401EG0144,RENDICIONES 2024.csv,COMITE DE MUJERES CAMPESINAS DE HORTALIZAS AVES Y FRUTOS DE LA TIERRA DE CAMPANARIO,0
2401EG0145,,,,CENTRO DE MADRES LAS VIOLETAS,pending,,,2,REN24-2401EG0145,RENDICIONES 2024.csv,CENTRO DE MADRES LAS VIOLETAS,0
2401EG0147,,,,TALLER DE MUJERES LAS CHINITAS,pending,,,1,REN24-2401EG0147,RENDICIONES 2024.csv,TALLER DE MUJERES LAS CHINITAS,0
2401M0002,,,,COMITE CAMPESINO DADINCO,pending,,,2,REN24-2401M0002,RENDICIONES 2024.csv,COMITE CAMPESINO DADINCO,0
2401M0008,,,,JUNTA DE VECINOS SAN VICENTE ALTO,pending,,,1,REN24-2401M0008,RENDICIONES 2024.csv,JUNTA DE VECINOS SAN VICENTE ALTO,0
2401M0009,,,,JUNTA DE VECINOS TORRE LO PALACIO,pending,,,1,REN24-2401M0009,RENDICIONES 2024.csv,JUNTA DE VECINOS TORRE LO PALACIO,0
2401M0012,,,,JUNTA DE VECINOS LOS MAQUIS,pending,,,1,REN24-2401M0012,RENDICIONES 2024.csv,JUNTA DE VECINOS LOS MAQUIS,0
2401M0013,,,,JUNTA DE VECINOS LOMAS COLORADAS,pending,,,1,REN24-2401M0013,RENDICIONES 2024.csv,JUNTA DE VECINOS LOMAS COLORADAS,0
2401M0014,,,,COMITE CAMPESINO HUAMPULI,pending,,,1,REN24-2401M0014,RENDICIONES 2024.csv,COMITE CAMPESINO HUAMPULI,0
2401M0015,,,,COMITE PRODUCTIVO DE ELABORADORAS DE QUESILLO,pending,,,2,REN24-2401M0015,RENDICIONES 2024.csv,COMITE PRODUCTIVO DE ELABORADORAS DE QUESILLO,0
2401M0016,,,,JUNTA DE VECINOS TRES ESQUINAS,pending,,,1,REN24-2401M0016,RENDICIONES 2024.csv,JUNTA DE VECINOS TRES ESQUINAS,0
2401M0017,,,,COMITE AGROECOLOGICO PUENTE ÑUBLE,pending,,,1,REN24-2401M0017,RENDICIONES 2024.csv,COMITE AGROECOLOGICO PUENTE ÑUBLE,0
2401M0018,,,,JUNTA DE VECINOS SAN SEBASTIAN SAN ANTONIO,pending,,,1,REN24-2401M0018,RENDICIONES 2024.csv,JUNTA DE VECINOS SAN SEBASTIAN SAN ANTONIO,0
2401M0021,,,,JUNTA DE VECINOS LOS PLANES,pending,,,2,REN24-2401M0021,RENDICIONES 2024.csv,JUNTA DE VECINOS LOS PLANES,0
2401M0022,,,,JUNTA DE VECINOS SAN PEDRO,pending,,,1,REN24-2401M0022,RENDICIONES 2024.csv,JUNTA DE VECINOS SAN PEDRO,0
2401M0025,,,,JUNTA DE VECINOS PROYECTO O´HIGGINS,pending,,,1,REN24-2401M0025,RENDICIONES 2024.csv,JUNTA DE VECINOS PROYECTO O´HIGGINS,0
2401M0026,,,,JUNTA DE VECINOS VILLA PADRE HURTADO 1,pending,,,1,REN24-2401M0026,RENDICIONES 2024.csv,JUNTA DE VECINOS VILLA PADRE HURTADO 1,0
2401M0028,,,,REPRESENTANTE LEGAL JUNTA VECINOS CHECHURA,pending,,,1,REN24-2401M0028,RENDICIONES 2024.csv,REPRESENTANTE LEGAL JUNTA VECINOS CHECHURA,0
2401M0029,,,,JUNTA DE VECINOS LARQUI CHICO,pending,,,1,REN24-2401M0029,RENDICIONES 2024.csv,JUNTA DE VECINOS LARQUI CHICO,0
2401M0030,,,,JUNTA DE VECINOS SANTA ROSA,pending,,,1,REN24-2401M0030,RENDICIONES 2024.csv,JUNTA DE VECINOS SANTA ROSA,0
2401M0031,,,,JUNTA DE VECINOS EL CIPRES,pending,,,1,REN24-2401M0031,RENDICIONES 2024.csv,JUNTA DE VECINOS EL CIPRES,0
2401M0033,,,,JUNTA DE VECINOS SALTO DEL DAÑICALQUI N5R,pending,,,2,REN24-2401M0033,RENDICIONES 2024.csv,JUNTA DE VECINOS SALTO DEL DAÑICALQUI N5R,0
2401M0034,,,,JUNTA DE VECINOS HUALTE,pending,,,1,REN24-2401M0034,RENDICIONES 2024.csv,JUNTA DE VECINOS HUALTE,0
2401M0035,,,,JUNTA DE VECINOS TIUQUILEMU CENTRO,pending,,,1,REN24-2401M0035,RENDICIONES 2024.csv,JUNTA DE VECINOS TIUQUILEMU CENTRO,0
2401M0036,,,,JUNTA DE VECINOS CAPILLA CENTRAL,pending,,,1,REN24-2401M0036,RENDICIONES 2024.csv,JUNTA DE VECINOS CAPILLA CENTRAL,0
2401M0037,,,,COMITE CAMPESINO EL SEMBRADOR,pending,,,1,REN24-2401M0037,RENDICIONES 2024.csv,COMITE CAMPESINO EL SEMBRADOR,0
2401M0038,,,,JUNTA DE VECINOS DE PINTO,pending,,,1,REN24-2401M0038,RENDICIONES 2024.csv,JUNTA DE VECINOS DE PINTO,0
2401M0039,,,,JUNTA DE VECINOS LA UNION DE QUILLAHUE,pending,,,1,REN24-2401M0039,RENDICIONES 2024.csv,JUNTA DE VECINOS LA UNION DE QUILLAHUE,0
2401M0042,,,,JUNTA DE VECINOS SAN VICENTE BAJO,pending,,,1,REN24-2401M0042,RENDICIONES 2024.csv,JUNTA DE VECINOS SAN VICENTE BAJO,0
2401M0043,,,,JUNTA DE VECINOS LAS COMPUERTAS,pending,,,1,REN24-2401M0043,RENDICIONES 2024.csv,JUNTA DE VECINOS LAS COMPUERTAS,0
2401M0044,,,,JUNTA DE VECINOS VILLA ARTURO PRAT,pending,,,1,REN24-2401M0044,RENDICIONES 2024.csv,JUNTA DE VECINOS VILLA ARTURO PRAT,0
2401M0046,,,,COMITE CAMPESINO MUJERES DE PEDREGAL,pending,,,1,REN24-2401M0046,RENDICIONES 2024.csv,COMITE CAMPESINO MUJERES DE PEDREGAL,0
2401M0049,,,,JUNTA DE VECINOS SAN JOSE DE COLTON,pending,,,1,REN24-2401M0049,RENDICIONES 2024.csv,JUNTA DE VECINOS SAN JOSE DE COLTON,0
2401M0050,,,,"JUNTA DE VECINOS NUEVO AMANECER, SECTOR TRABUNCURA",pending,,,1,REN24-2401M0050,RENDICIONES 2024.csv,"JUNTA DE VECINOS NUEVO AMANECER, SECTOR TRABUNCURA",0
2401M0051,,,,ASOCIACION DE POBLADORES NUEVA ESPERANZA,pending,,,1,REN24-2401M0051,RENDICIONES 2024.csv,ASOCIACION DE POBLADORES NUEVA ESPERANZA,0
2401M0052,,,,JUNTA DE VECINOS N°11 RURAL EL PALO,pending,,,1,REN24-2401M0052,RENDICIONES 2024.csv,JUNTA DE VECINOS N°11 RURAL EL PALO,0
2401M0056,,,,JUNTA DE VECINOS SAN IGNACIO DE LOYOLA,pending,,,1,REN24-2401M0056,RENDICIONES 2024.csv,JUNTA DE VECINOS SAN IGNACIO DE LOYOLA,0
2401M0057,,,,JUNTA DE VECINOS SANTA ELENA DE MULTICURA,pending,,,1,REN24-2401M0057,RENDICIONES 2024.csv,JUNTA DE VECINOS SANTA ELENA DE MULTICURA,0
2401M0062,,,,JUNTA DE VECINOS LOMAS DE ORIENTE 3 UNIDAD VECINAL N°26,pending,,,2,REN24-2401M0062,RENDICIONES 2024.csv,JUNTA DE VECINOS LOMAS DE ORIENTE 3 UNIDAD VECINAL N°26,0
2401M0065,,,,COMITE DE AGUA POTABLE DE CARAVANCHEL,pending,,,1,REN24-2401M0065,RENDICIONES 2024.csv,COMITE DE AGUA POTABLE DE CARAVANCHEL,0
2401M0066,,,,COMITE AGUA POTABLE RURAL NUEVA ALDEA- LA CONCEPCION,pending,,,1,REN24-2401M0066,RENDICIONES 2024.csv,COMITE AGUA POTABLE RURAL NUEVA ALDEA- LA CONCEPCION,0
2401M0069,,,,AGRUPACION FERIA LIBRE PINTO,pending,,,1,REN24-2401M0069,RENDICIONES 2024.csv,AGRUPACION FERIA LIBRE PINTO,0
2401M0071,,,,AGRUPACION FERIA EMPRENDEDORES DE PINTO,pending,,,1,REN24-2401M0071,RENDICIONES 2024.csv,AGRUPACION FERIA EMPRENDEDORES DE PINTO,0
2401M0072,,,,MADRINAS Y PADRINOS LOS SIN VOZ,pending,,,1,REN24-2401M0072,RENDICIONES 2024.csv,MADRINAS Y PADRINOS LOS SIN VOZ,0
2401M0073,,,,RED DE TURISMO YUNGAY,pending,,,1,REN24-2401M0073,RENDICIONES 2024.csv,RED DE TURISMO YUNGAY,0
2401M0076,,,,JUNTA DE VECINOS EL BAJO DE CURICA,pending,,,1,REN24-2401M0076,RENDICIONES 2024.csv,JUNTA DE VECINOS EL BAJO DE CURICA,0
2401M0077,,,,CORPORACION PARA EL DESARROLLO SOSTENIBLE DE BUCHUPUREO,pending,,,2,REN24-2401M0077,RENDICIONES 2024.csv,CORPORACION PARA EL DESARROLLO SOSTENIBLE DE BUCHUPUREO,0
2401M0078,,,,COMITE DE VIVIENDA EL ESFUERZO,pending,,,1,REN24-2401M0078,RENDICIONES 2024.csv,COMITE DE VIVIENDA EL ESFUERZO,0
2401M0079,,,,JUNTA DE VECINOS VEGAS DE NIBLINTO,pending,,,1,REN24-2401M0079,RENDICIONES 2024.csv,JUNTA DE VECINOS VEGAS DE NIBLINTO,0
2401M0080,,,,JJ.VV 5-R LAS MARIPOSAS-BULNES,pending,,,1,REN24-2401M0080,RENDICIONES 2024.csv,JJ.VV 5-R LAS MARIPOSAS-BULNES,0
2401M0082,,,,AGRUPACION ECOLOGICA RESCATE ANIMAL BULNES,pending,,,1,REN24-2401M0082,RENDICIONES 2024.csv,AGRUPACION ECOLOGICA RESCATE ANIMAL BULNES,0
2401M0083,,,,FUNDACION GUARDIANES DEL HUEMUL,pending,,,2,REN24-2401M0083,RENDICIONES 2024.csv,FUNDACION GUARDIANES DEL HUEMUL,0
2401M0085,,,,JUNTA DE VECINOS COLTON QUILLAY,pending,,,1,REN24-2401M0085,RENDICIONES 2024.csv,JUNTA DE VECINOS COLTON QUILLAY,0
2401M0087,,,,JUNTA DE VECINOS PUEBLO SECO,pending,,,1,REN24-2401M0087,RENDICIONES 2024.csv,JUNTA DE VECINOS PUEBLO SECO,0
2401M0089,,,,JUNTA DE VECINOS LOS LAURELES,pending,,,1,REN24-2401M0089,RENDICIONES 2024.csv,JUNTA DE VECINOS LOS LAURELES,0
2401M0090,,,,JUNTA DE VECINOS LOS ALPES,pending,,,1,REN24-2401M0090,RENDICIONES 2024.csv,JUNTA DE VECINOS LOS ALPES,0
2401M0091,,,,COMITE DE ADELANTO TRES RANCHOS,pending,,,1,REN24-2401M0091,RENDICIONES 2024.csv,COMITE DE ADELANTO TRES RANCHOS,0
2401M0094,,,,JUNTA DE VECINOS PORTAL DEL VALLE,pending,,,2,REN24-2401M0094,RENDICIONES 2024.csv,JUNTA DE VECINOS PORTAL DEL VALLE,0
2401M0095,,,,JUNTA DE VECINOS LAGUNA BLANCA,pending,,,1,REN24-2401M0095,RENDICIONES 2024.csv,JUNTA DE VECINOS LAGUNA BLANCA,0
2401M0098,,,,JUNTA DE VECINOS VILLA EL SOL SAN MIGUEL DE DIGUILLIN,pending,,,1,REN24-2401M0098,RENDICIONES 2024.csv,JUNTA DE VECINOS VILLA EL SOL SAN MIGUEL DE DIGUILLIN,0
2401M0099,,,,COMITE DE FOMENTO PRODUCTIVO MIELES DE PRECORDILLERA,pending,,,1,REN24-2401M0099,RENDICIONES 2024.csv,COMITE DE FOMENTO PRODUCTIVO MIELES DE PRECORDILLERA,0
2401M0100,,,,JUNTA DE VECINOS LAS VERTIENTES,pending,,,1,REN24-2401M0100,RENDICIONES 2024.csv,JUNTA DE VECINOS LAS VERTIENTES,0
2401M0101,,,,JUNTA DE VECINOS ARTURO CARRASCO,pending,,,1,REN24-2401M0101,RENDICIONES 2024.csv,JUNTA DE VECINOS ARTURO CARRASCO,0
2401M0103,,,,CENTRO DE PADRES Y APODERADOS ESCUELA DE LENGUAJE PINARES,pending,,,1,REN24-2401M0103,RENDICIONES 2024.csv,CENTRO DE PADRES Y APODERADOS ESCUELA DE LENGUAJE PINARES,0
2401M0104,,,,JUNTA DE VECINBOS VILLA ESTEFANIA 2 PEMUCO,pending,,,1,REN24-2401M0104,RENDICIONES 2024.csv,JUNTA DE VECINBOS VILLA ESTEFANIA 2 PEMUCO,0
2401M0105,,,,ONG EL CONQUISTADOR,pending,,,1,REN24-2401M0105,RENDICIONES 2024.csv,ONG EL CONQUISTADOR,0
2401M0106,,,,JUNTA DE VECINOS NAHUELTORO INTERIOR,pending,,,2,REN24-2401M0106,RENDICIONES 2024.csv,JUNTA DE VECINOS NAHUELTORO INTERIOR,0
2401M0107,,,,COMITE UNION DIGUILLIN,pending,,,1,REN24-2401M0107,RENDICIONES 2024.csv,COMITE UNION DIGUILLIN,0
2401M0108,,,,AGRUPACION DE DEFENSA Y CONSERVACION DE LA FLORA Y FAUNA DE YUNGAY,pending,,,1,REN24-2401M0108,RENDICIONES 2024.csv,AGRUPACION DE DEFENSA Y CONSERVACION DE LA FLORA Y FAUNA DE YUNGAY,0
2401M0110,,,,JUNTA DE VECINOS SANTA MARGARITA,pending,,,1,REN24-2401M0110,RENDICIONES 2024.csv,JUNTA DE VECINOS SANTA MARGARITA,0
2401M0111,,,,CENTRO GENERAL DE PADRES Y APODERADOS ESCUELA LOS OLIVOS DE BATUCO,pending,,,1,REN24-2401M0111,RENDICIONES 2024.csv,CENTRO GENERAL DE PADRES Y APODERADOS ESCUELA LOS OLIVOS DE BATUCO,0
2401M0113,,,,JUNTA DE VECINOS SANTA LUCIA BAJO,pending,,,1,REN24-2401M0113,RENDICIONES 2024.csv,JUNTA DE VECINOS SANTA LUCIA BAJO,0
2401M0115,,,,JUNTA DE VECINOS LOMAS NUEVO AMANECER,pending,,,1,REN24-2401M0115,RENDICIONES 2024.csv,JUNTA DE VECINOS LOMAS NUEVO AMANECER,0
2401M0116,,,,JUNTA D EVECINOS CENTRAL,pending,,,1,REN24-2401M0116,RENDICIONES 2024.csv,JUNTA D EVECINOS CENTRAL,0
2401M0117,,,,JUNTA DE VECINOS SAN MARTIN DE PEMUCO,pending,,,2,REN24-2401M0117,RENDICIONES 2024.csv,JUNTA DE VECINOS SAN MARTIN DE PEMUCO,0
2401M0120,,,,JUNTA DE VECINOS CALLDE DAVILA,pending,,,1,REN24-2401M0120,RENDICIONES 2024.csv,JUNTA DE VECINOS CALLDE DAVILA,0
2401M0121,,,,COMITE DE ADELANTO CAMPESINO LA UNION,pending,,,1,REN24-2401M0121,RENDICIONES 2024.csv,COMITE DE ADELANTO CAMPESINO LA UNION,0
2401M0122,,,,JUNTA DE VECINOS VILLA PACIFICO,pending,,,1,REN24-2401M0122,RENDICIONES 2024.csv,JUNTA DE VECINOS VILLA PACIFICO,0
2401M0123,,,,JUNTA DE VECINOS LOS MAYOS,pending,,,1,REN24-2401M0123,RENDICIONES 2024.csv,JUNTA DE VECINOS LOS MAYOS,0
2401M0125,,,,JUNTA DE VECINOS LOS LAURELES,pending,,,1,REN24-2401M0125,RENDICIONES 2024.csv,JUNTA DE VECINOS LOS LAURELES,0
2401M0126,,,,JUNTA DE VECINOS UNION CANCHA EL ALAMO,pending,,,1,REN24-2401M0126,RENDICIONES 2024.csv,JUNTA DE VECINOS UNION CANCHA EL ALAMO,0
2401M0127,,,,AGRUPACION LOS QUIJOTES,pending,,,1,REN24-2401M0127,RENDICIONES 2024.csv,AGRUPACION LOS QUIJOTES,0
2401M0128,,,,COMITE HUMANITARIO GENERAL CRUZ,pending,,,1,REN24-2401M0128,RENDICIONES 2024.csv,COMITE HUMANITARIO GENERAL CRUZ,0
2401M0129,,,,JUNTA DE VECINOS CASTAÑAL,pending,,,1,REN24-2401M0129,RENDICIONES 2024.csv,JUNTA DE VECINOS CASTAÑAL,0
2401M0130,,,,JUNTA DE VECINOS LA UNION DE SAN MIGUEL,pending,,,1,REN24-2401M0130,RENDICIONES 2024.csv,JUNTA DE VECINOS LA UNION DE SAN MIGUEL,0
2401M0131,,,,JUNTA DE VECINOS EL CARACOL,pending,,,1,REN24-2401M0131,RENDICIONES 2024.csv,JUNTA DE VECINOS EL CARACOL,0
2401M0135,,,,JUNTA DE VECINOS LAS PATAGUAS,pending,,,1,REN24-2401M0135,RENDICIONES 2024.csv,JUNTA DE VECINOS LAS PATAGUAS,0
2401M0138,,,,UNION COMUNAL DE CENTRO DE MADRES Y APODERADOS DE PEMUCO,pending,,,2,REN24-2401M0138,RENDICIONES 2024.csv,UNION COMUNAL DE CENTRO DE MADRES Y APODERADOS DE PEMUCO,0
2401M0139,,,,JUNTA DE VECINOS ALTO BUREO,pending,,,1,REN24-2401M0139,RENDICIONES 2024.csv,JUNTA DE VECINOS ALTO BUREO,0
2401M0140,,,,COMITE DE ADELANTO VILLA LUNA,pending,,,1,REN24-2401M0140,RENDICIONES 2024.csv,COMITE DE ADELANTO VILLA LUNA,0
2401M0141,,,,JUNTA DE VECINOS SAN MIGUEL DE ITATA,pending,,,1,REN24-2401M0141,RENDICIONES 2024.csv,JUNTA DE VECINOS SAN MIGUEL DE ITATA,0
2401M0142,,,,COMITE DE ADELANTO VILLA SAN CRISTOBAL,pending,,,1,REN24-2401M0142,RENDICIONES 2024.csv,COMITE DE ADELANTO VILLA SAN CRISTOBAL,0
2401M0143,,,,JUNTA DE VECINOS UNION EN EMBALSE,pending,,,1,REN24-2401M0143,RENDICIONES 2024.csv,JUNTA DE VECINOS UNION EN EMBALSE,0
2401M0144,,,,JUNTA DE VECINOS ALTO PERALES,pending,,,2,REN24-2401M0144,RENDICIONES 2024.csv,JUNTA DE VECINOS ALTO PERALES,0
2401S0001,,,,"AGRUPACION DE PADRES AMIGOS Y PROFESIONALES DE NIÑOS CON TRASTORNO GENERALIZADO DEL DESARROLLO, SAN CARLOS",pending,,,1,REN24-2401S0001,RENDICIONES 2024.csv,"AGRUPACION DE PADRES AMIGOS Y PROFESIONALES DE NIÑOS CON TRASTORNO GENERALIZADO DEL DESARROLLO, SAN CARLOS",0
2401S0003,,,,JUNTA DE VECINOS LLAHUEN,pending,,,1,REN24-2401S0003,RENDICIONES 2024.csv,JUNTA DE VECINOS LLAHUEN,0
2401S0004,,,,DISCAPACITADOS RENACER EN LA ESPERANZA,pending,,,1,REN24-2401S0004,RENDICIONES 2024.csv,DISCAPACITADOS RENACER EN LA ESPERANZA,0
2401S0007,,,,JUNTA DE VECINOS RELBUN,pending,,,1,REN24-2401S0007,RENDICIONES 2024.csv,JUNTA DE VECINOS RELBUN,0
2401S0008,,,,JUNTA DE VECINOS VALLE HERMOSO,pending,,,1,REN24-2401S0008,RENDICIONES 2024.csv,JUNTA DE VECINOS VALLE HERMOSO,0
2401S0009,,,,JUNTA DE VECINOS CEMENTERIO,pending,,,1,REN24-2401S0009,RENDICIONES 2024.csv,JUNTA DE VECINOS CEMENTERIO,0
2401S0010,,,,JUNTA DE VECINOS QUITRIPIN BAJO,pending,,,1,REN24-2401S0010,RENDICIONES 2024.csv,JUNTA DE VECINOS QUITRIPIN BAJO,0
2401S0012,,,,ASOCIACION DE FUNCIONARIOS DE LA SALUD MUNICIPALIZADA DE SAN CARLOS,pending,,,1,REN24-2401S0012,RENDICIONES 2024.csv,ASOCIACION DE FUNCIONARIOS DE LA SALUD MUNICIPALIZADA DE SAN CARLOS,0
2401S0014,,,,AGRUPACION FOLCLORICA MAPU SUYAI,pending,,,1,REN24-2401S0014,RENDICIONES 2024.csv,AGRUPACION FOLCLORICA MAPU SUYAI,0
2401S0015,,,,UNION COMUNAL DE JUNTA DE VECINOS COELEMU,pending,,,2,REN24-2401S0015,RENDICIONES 2024.csv,UNION COMUNAL DE JUNTA DE VECINOS COELEMU,0
2401S0016,,,,JJ.VV DE PINIHUE,pending,,,2,REN24-2401S0016,RENDICIONES 2024.csv,JJ.VV DE PINIHUE,0
2401S0017,,,,CENTRO DE PADRES Y APODERADOS ESCUELA ESPECIAL RENACER,pending,,,1,REN24-2401S0017,RENDICIONES 2024.csv,CENTRO DE PADRES Y APODERADOS ESCUELA ESPECIAL RENACER,0
2401S0018,,,,JUNTA DE VECINOS 10 DE JULIO ÑIPAS,pending,,,1,REN24-2401S0018,RENDICIONES 2024.csv,JUNTA DE VECINOS 10 DE JULIO ÑIPAS,0
2401S0022,,,,UNION COMUNAL DE JUNTA DE VECINOS RURALES,pending,,,2,REN24-2401S0022,RENDICIONES 2024.csv,UNION COMUNAL DE JUNTA DE VECINOS RURALES,0
2401S0025,,,,JUNTA DE VECINOS MANUEL PINO YAÑEZ,pending,,,1,REN24-2401S0025,RENDICIONES 2024.csv,JUNTA DE VECINOS MANUEL PINO YAÑEZ,0
2401S0027,,,,JUNTA DE VECINOS VILLA UNION DE DELBUN,pending,,,1,REN24-2401S0027,RENDICIONES 2024.csv,JUNTA DE VECINOS VILLA UNION DE DELBUN,0
2401S0028,,,,JUNTA DE VECINOS EL ALAMO DE TRANCOYAN,pending,,,1,REN24-2401S0028,RENDICIONES 2024.csv,JUNTA DE VECINOS EL ALAMO DE TRANCOYAN,0
2401S0029,,,,CENTRO DE MADRES LLAS CAMELIAS RELBUN,pending,,,1,REN24-2401S0029,RENDICIONES 2024.csv,CENTRO DE MADRES LLAS CAMELIAS RELBUN,0
2401S0031,,,,COMITE DE AGUA POTABLE RURAL VILLA EL SOL,pending,,,1,REN24-2401S0031,RENDICIONES 2024.csv,COMITE DE AGUA POTABLE RURAL VILLA EL SOL,0
2401S0032,,,,CLUB DE RAYUELA LOS ALCONES,pending,,,1,REN24-2401S0032,RENDICIONES 2024.csv,CLUB DE RAYUELA LOS ALCONES,0
2401S0033,,,,JUNTA DE VECINOS LOS MONTES,pending,,,1,REN24-2401S0033,RENDICIONES 2024.csv,JUNTA DE VECINOS LOS MONTES,0
2401S0034,,,,COMITE DE ADELANTO EL ESFUERZO,pending,,,1,REN24-2401S0034,RENDICIONES 2024.csv,COMITE DE ADELANTO EL ESFUERZO,0
2401S0035,,,,AGRUPACION DE PRODUCTORES Y EMPRENDEDORES ITINERANTES DE RANQUIL,pending,,,2,REN24-2401S0035,RENDICIONES 2024.csv,AGRUPACION DE PRODUCTORES Y EMPRENDEDORES ITINERANTES DE RANQUIL,0
2401S0036,,,,AGRUPACION SOCIAL Y CULTURAL LAS CUIDADORAS DE QUIRIHUE,pending,,,1,REN24-2401S0036,RENDICIONES 2024.csv,AGRUPACION SOCIAL Y CULTURAL LAS CUIDADORAS DE QUIRIHUE,0
2401S0037,,,,JUNTA DE VECINOS TAUCO,pending,,,1,REN24-2401S0037,RENDICIONES 2024.csv,JUNTA DE VECINOS TAUCO,0
2401S0039,,,,UNION DE DISCAPACITADOS DE NINHUE,pending,,,1,REN24-2401S0039,RENDICIONES 2024.csv,UNION DE DISCAPACITADOS DE NINHUE,0
2401S0041,,,,CENTRO INTEGRAL DE DISCAPACITADOS LUZ Y ESPERANZA,pending,,,1,REN24-2401S0041,RENDICIONES 2024.csv,CENTRO INTEGRAL DE DISCAPACITADOS LUZ Y ESPERANZA,0
2401S0042,,,,CONSEJO DE DESARROLLO POSTA LOS REMATES,pending,,,1,REN24-2401S0042,RENDICIONES 2024.csv,CONSEJO DE DESARROLLO POSTA LOS REMATES,0
2401S0043,,,,AGRUPACION DE PERSONAS CON DISCAPACIDADES DIFERENTES NUEVA ESPERANZA DE LUCUMAVIDA,pending,,,1,REN24-2401S0043,RENDICIONES 2024.csv,AGRUPACION DE PERSONAS CON DISCAPACIDADES DIFERENTES NUEVA ESPERANZA DE LUCUMAVIDA,0
2401S0044,,,,CONSEJO DE DESARROLLO HOSPITAL DE YUNGAY,pending,,,1,REN24-2401S0044,RENDICIONES 2024.csv,CONSEJO DE DESARROLLO HOSPITAL DE YUNGAY,0
2401S0045,,,,SINDICATO DE TRABAJADORES INDEPENDIENTES DE RECOLECTORES DE ORILLA DEMAR SECTOR SUR-COLMUYAO,pending,,,1,REN24-2401S0045,RENDICIONES 2024.csv,SINDICATO DE TRABAJADORES INDEPENDIENTES DE RECOLECTORES DE ORILLA DEMAR SECTOR SUR-COLMUYAO,0
2401S0046,,,,JUNTA DE VECINOS OTINGUE N°3 RURAL,pending,,,1,REN24-2401S0046,RENDICIONES 2024.csv,JUNTA DE VECINOS OTINGUE N°3 RURAL,0
2401S0047,,,,JUNTA DE VECINOS SAN JOSE,pending,,,1,REN24-2401S0047,RENDICIONES 2024.csv,JUNTA DE VECINOS SAN JOSE,0
2401S0051,,,,GRUPO DE AUTOAYUDA RENACER SANTA AGUEDA HOSPITAL HERMINDA MARTIN,pending,,,1,REN24-2401S0051,RENDICIONES 2024.csv,GRUPO DE AUTOAYUDA RENACER SANTA AGUEDA HOSPITAL HERMINDA MARTIN,0
2401S0052,,,,AGRUPACION DE APICULTORES EL CARMEN,pending,,,1,REN24-2401S0052,RENDICIONES 2024.csv,AGRUPACION DE APICULTORES EL CARMEN,0
2401S0053,,,,JUNTA DE VECINOS VALLE ALEGRE,pending,,,1,REN24-2401S0053,RENDICIONES 2024.csv,JUNTA DE VECINOS VALLE ALEGRE,0
2401S0054,,,,COMITE DE AGUA POTABLE RURAL LA VERTIENTE DE CUCHA URREJOLA,pending,,,1,REN24-2401S0054,RENDICIONES 2024.csv,COMITE DE AGUA POTABLE RURAL LA VERTIENTE DE CUCHA URREJOLA,0
2401S0056,,,,JUNTA DE VECINOS CURIMON,pending,,,1,REN24-2401S0056,RENDICIONES 2024.csv,JUNTA DE VECINOS CURIMON,0
2401S0058,,,,COMITE DE VIVIENDA VILLA ALICO,pending,,,1,REN24-2401S0058,RENDICIONES 2024.csv,COMITE DE VIVIENDA VILLA ALICO,0
2401S0059,,,,TALLER DE MANUALIDADES LAS ABEJITAS,pending,,,1,REN24-2401S0059,RENDICIONES 2024.csv,TALLER DE MANUALIDADES LAS ABEJITAS,0
2401S0061,,,,JUNTA DE VECINOS UNION Y PROGRESO HUEMUL,pending,,,1,REN24-2401S0061,RENDICIONES 2024.csv,JUNTA DE VECINOS UNION Y PROGRESO HUEMUL,0
2401S0062,,,,JUNTA DE VECINOS PUREN,pending,,,1,REN24-2401S0062,RENDICIONES 2024.csv,JUNTA DE VECINOS PUREN,0
2401S0063,,,,FUNDACION COPELEC,pending,,,1,REN24-2401S0063,RENDICIONES 2024.csv,FUNDACION COPELEC,0
2401S0064,,,,JUNTA DE VECINOS PEDREGAL,pending,,,1,REN24-2401S0064,RENDICIONES 2024.csv,JUNTA DE VECINOS PEDREGAL,0
2401S0065,,,,JUNTA DE VECINOS VILLA LOMAS DE MAPON,pending,,,2,REN24-2401S0065,RENDICIONES 2024.csv,JUNTA DE VECINOS VILLA LOMAS DE MAPON,0
2401S0067,,,,AGRUPACION DE ARTESANOS KELLÜ,pending,,,1,REN24-2401S0067,RENDICIONES 2024.csv,AGRUPACION DE ARTESANOS KELLÜ,0
2401S0069,,,,COMITE DE MANUALIDADES LAS BUENAS AMIGAS,pending,,,1,REN24-2401S0069,RENDICIONES 2024.csv,COMITE DE MANUALIDADES LAS BUENAS AMIGAS,0
2401S0070,,,,ARTESANAS RAICES DE PEMUCO,pending,,,1,REN24-2401S0070,RENDICIONES 2024.csv,ARTESANAS RAICES DE PEMUCO,0
2401S0072,,,,COMITE DE EMPRENDEDORAS EL FRUTO DE MIS MANOS,pending,,,1,REN24-2401S0072,RENDICIONES 2024.csv,COMITE DE EMPRENDEDORAS EL FRUTO DE MIS MANOS,0
2401S0073,,,,CONSEJO DE DESARROLLO PUEBLO SECO,pending,,,1,REN24-2401S0073,RENDICIONES 2024.csv,CONSEJO DE DESARROLLO PUEBLO SECO,0
2401S0075,,,,AGRUPACION DE MUJERES OASIS,pending,,,1,REN24-2401S0075,RENDICIONES 2024.csv,AGRUPACION DE MUJERES OASIS,0
2401S0076,,,,GRUPO DE MUJERES LAS MARAVILLAS,pending,,,1,REN24-2401S0076,RENDICIONES 2024.csv,GRUPO DE MUJERES LAS MARAVILLAS,0
2401S0077,,,,AGRUPACION GUATITA DE DELANTAL,pending,,,1,REN24-2401S0077,RENDICIONES 2024.csv,AGRUPACION GUATITA DE DELANTAL,0
2401S0078,,,,CRUZ ROJA CHILENA FILIAL COELEMU,pending,,,1,REN24-2401S0078,RENDICIONES 2024.csv,CRUZ ROJA CHILENA FILIAL COELEMU,0
2401S0080,,,,COMITE DE DUEÑA DE CASA LAS ORQUIDEAS DE PEMUCO,pending,,,1,REN24-2401S0080,RENDICIONES 2024.csv,COMITE DE DUEÑA DE CASA LAS ORQUIDEAS DE PEMUCO,0
2401S0084,,,,AGRUPACION JUNTAS COMPARTIMOS,pending,,,1,REN24-2401S0084,RENDICIONES 2024.csv,AGRUPACION JUNTAS COMPARTIMOS,0
2401S0085,,,,CENTRO DE MADRES 27 DE ABRIL,pending,,,1,REN24-2401S0085,RENDICIONES 2024.csv,CENTRO DE MADRES 27 DE ABRIL,0
2401S0086,,,,"AGRUPACION DE JOVENES UNIDOS DISCAPACITADOS DE COELEMU ""JUDEC",pending,,,1,REN24-2401S0086,RENDICIONES 2024.csv,"AGRUPACION DE JOVENES UNIDOS DISCAPACITADOS DE COELEMU ""JUDEC",0
2401S0088,,,,COMITE DE MUJERES EMPRENDEDORAS RANCHILLO BAJO,pending,,,1,REN24-2401S0088,RENDICIONES 2024.csv,COMITE DE MUJERES EMPRENDEDORAS RANCHILLO BAJO,0
2401S0093,,,,JUNTA DE VECINOS EL CARMEN DE CATO,pending,,,1,REN24-2401S0093,RENDICIONES 2024.csv,JUNTA DE VECINOS EL CARMEN DE CATO,0
2401S0094,,,,CENTRO DE PADRES Y APODERADOS ESCUELA G-349 PASO EL ROBLE CHILLANCITO,pending,,,1,REN24-2401S0094,RENDICIONES 2024.csv,CENTRO DE PADRES Y APODERADOS ESCUELA G-349 PASO EL ROBLE CHILLANCITO,0
2401S0096,,,,CENTRO DE PADRES Y APODERADOS ESCUELA 134 NINQUIHUE,pending,,,1,REN24-2401S0096,RENDICIONES 2024.csv,CENTRO DE PADRES Y APODERADOS ESCUELA 134 NINQUIHUE,0
2401S0098,,,,TALLER DE MUJERES SANTA ADRIANA,pending,,,1,REN24-2401S0098,RENDICIONES 2024.csv,TALLER DE MUJERES SANTA ADRIANA,0
2401S0100,,,,JUNTA DE VECINOS COPIHUAL,pending,,,1,REN24-2401S0100,RENDICIONES 2024.csv,JUNTA DE VECINOS COPIHUAL,0
2401S0101,,,,JUNTA DE VECINOS ROBLERIA,pending,,,1,REN24-2401S0101,RENDICIONES 2024.csv,JUNTA DE VECINOS ROBLERIA,0
2401S0102,,,,JUNTA DE VECINOS TRES ESQUINAS DE CATO,pending,,,1,REN24-2401S0102,RENDICIONES 2024.csv,JUNTA DE VECINOS TRES ESQUINAS DE CATO,0
2401S0103,,,,JUNTA DE VECINOS BUREO BAJO,pending,,,1,REN24-2401S0103,RENDICIONES 2024.csv,JUNTA DE VECINOS BUREO BAJO,0
2401S0109,,,,COMITE DE MUJERES CREACION SELVA NEGRA,pending,,,1,REN24-2401S0109,RENDICIONES 2024.csv,COMITE DE MUJERES CREACION SELVA NEGRA,0
2401S0111,,,,JUNTA DE VECINOS EL LUCERO,pending,,,1,REN24-2401S0111,RENDICIONES 2024.csv,JUNTA DE VECINOS EL LUCERO,0
2401S0114,,,,CENTRO GENERAL DE PADRES Y APODERADOS ESCUELA EL RINCON,pending,,,1,REN24-2401S0114,RENDICIONES 2024.csv,CENTRO GENERAL DE PADRES Y APODERADOS ESCUELA EL RINCON,0
2401S0117,,,,ASOCIACION FUNCIONARIOS EDUCACION AFE NINHUE,pending,,,1,REN24-2401S0117,RENDICIONES 2024.csv,ASOCIACION FUNCIONARIOS EDUCACION AFE NINHUE,0
2401S0118,,,,AGRUPACION DE CIEGOS Y LIMITADOS VISUALES DE COELEMU,pending,,,1,REN24-2401S0118,RENDICIONES 2024.csv,AGRUPACION DE CIEGOS Y LIMITADOS VISUALES DE COELEMU,0
2401S0119,,,,JUNTA DE VECINOS DEL SECTOR MATADERO,pending,,,1,REN24-2401S0119,RENDICIONES 2024.csv,JUNTA DE VECINOS DEL SECTOR MATADERO,0
2401S0120,,,,TALLER DE MANUALIDADES FANTASIA,pending,,,1,REN24-2401S0120,RENDICIONES 2024.csv,TALLER DE MANUALIDADES FANTASIA,0
2401S0126,,,,CONSEJO DESARROLLO CENTRO CESFAM LOS VOLCANES,pending,,,2,REN24-2401S0126,RENDICIONES 2024.csv,CONSEJO DESARROLLO CENTRO CESFAM LOS VOLCANES,0
2401S0131,,,,JUNTA DE VECINOS BADILLO,pending,,,1,REN24-2401S0131,RENDICIONES 2024.csv,JUNTA DE VECINOS BADILLO,0
2401S0134,,,,AGRUPACION TEACOMPAÑO INCLUSION QUIRIHUE,pending,,,1,REN24-2401S0134,RENDICIONES 2024.csv,AGRUPACION TEACOMPAÑO INCLUSION QUIRIHUE,0
2401S0139,,,,CENTRO GENERAL DE PADRES Y APODERADOS ESCUELA G-169 LA MONTAÑA,pending,,,1,REN24-2401S0139,RENDICIONES 2024.csv,CENTRO GENERAL DE PADRES Y APODERADOS ESCUELA G-169 LA MONTAÑA,0
2401S0140,,,,CENTRO DE PADRES Y APODERADOS ESCUELA MAIPO,pending,,,1,REN24-2401S0140,RENDICIONES 2024.csv,CENTRO DE PADRES Y APODERADOS ESCUELA MAIPO,0
2401S0141,,,,COMITE DE MANUALIDADES CREACIONES,pending,,,1,REN24-2401S0141,RENDICIONES 2024.csv,COMITE DE MANUALIDADES CREACIONES,0
2401S0142,,,,CENTRO GENERAL DE PADRES Y APODERADOS ESC. BASICA DE ÑIPAS,pending,,,1,REN24-2401S0142,RENDICIONES 2024.csv,CENTRO GENERAL DE PADRES Y APODERADOS ESC. BASICA DE ÑIPAS,0
2401S0144,,,,FUNDACION YO TE CREO,pending,,,1,REN24-2401S0144,RENDICIONES 2024.csv,FUNDACION YO TE CREO,0
2401S0146,,,,"GRUPO DE CUIDADORES DE PERSONAS DE DEPENDENCIA ""CUNA DE CUIDADORES",pending,,,1,REN24-2401S0146,RENDICIONES 2024.csv,"GRUPO DE CUIDADORES DE PERSONAS DE DEPENDENCIA ""CUNA DE CUIDADORES",0
2401S0148,,,,JUNTA DE VECINOS EDUARDO FREI MONTALBA,pending,,,1,REN24-2401S0148,RENDICIONES 2024.csv,JUNTA DE VECINOS EDUARDO FREI MONTALBA,0
2401S0149,,,,TALLER BORDADO SUEÑOS,pending,,,1,REN24-2401S0149,RENDICIONES 2024.csv,TALLER BORDADO SUEÑOS,0
2401S0150,,,,CENTRO DE MADRES CHILE,pending,,,1,REN24-2401S0150,RENDICIONES 2024.csv,CENTRO DE MADRES CHILE,0
2401S0151,,,,TALLER DE MANUALIDADES LAS MARAVILLAS DE SAN ANTONIO,pending,,,1,REN24-2401S0151,RENDICIONES 2024.csv,TALLER DE MANUALIDADES LAS MARAVILLAS DE SAN ANTONIO,0
2401S0154,,,,AGRUPAION FUNCIONAL NUESTRO MUNDO ESPECIAL,pending,,,1,REN24-2401S0154,RENDICIONES 2024.csv,AGRUPAION FUNCIONAL NUESTRO MUNDO ESPECIAL,0
2401S0159,,,,AGRUPACION MANOS DE ARTESANA,pending,,,1,REN24-2401S0159,RENDICIONES 2024.csv,AGRUPACION MANOS DE ARTESANA,0
2401S0160,,,,UNION COMUNAL DE JUNTAS DE VECINOS DE ÑIQUEN,pending,,,1,REN24-2401S0160,RENDICIONES 2024.csv,UNION COMUNAL DE JUNTAS DE VECINOS DE ÑIQUEN,0
2401S0161,,,,CIRCULO TRINITARIO,pending,,,1,REN24-2401S0161,RENDICIONES 2024.csv,CIRCULO TRINITARIO,0
2401S0163,,,,FEDERACION CAMPESINA INDEPENDIENTE DEL AGRO VIOLETA PARRA SAN CARLOS,pending,,,1,REN24-2401S0163,RENDICIONES 2024.csv,FEDERACION CAMPESINA INDEPENDIENTE DEL AGRO VIOLETA PARRA SAN CARLOS,0
2401S0165,,,,AGRUPACION DE PERSONAS CON DISCAPACIDAD DE LA COSTA,pending,,,1,REN24-2401S0165,RENDICIONES 2024.csv,AGRUPACION DE PERSONAS CON DISCAPACIDAD DE LA COSTA,0
2401S0166,,,,CLUB DEPORTIVO REAL ORIENTE,pending,,,1,REN24-2401S0166,RENDICIONES 2024.csv,CLUB DEPORTIVO REAL ORIENTE,0
2401S0168,,,,COMITE DE HABILIDADES Y MANUALIDADES LAS EMPRENDEDORAS,pending,,,1,REN24-2401S0168,RENDICIONES 2024.csv,COMITE DE HABILIDADES Y MANUALIDADES LAS EMPRENDEDORAS,0
2401S0169,,,,ORGANIZACION DE PADRES CON NIÑOS Y NIÑAS EN SITUACION DE DISCAPACIDADES AMOR DE PADRES,pending,,,1,REN24-2401S0169,RENDICIONES 2024.csv,ORGANIZACION DE PADRES CON NIÑOS Y NIÑAS EN SITUACION DE DISCAPACIDADES AMOR DE PADRES,0
2401S0171,,,,AGRUPACION INCLIYEME DOWN,pending,,,1,REN24-2401S0171,RENDICIONES 2024.csv,AGRUPACION INCLIYEME DOWN,0
2401S0176,,,,TALLER FEMENINO LAS GOLONDRINAS SECTOR NUEVA ALDEA,pending,,,1,REN24-2401S0176,RENDICIONES 2024.csv,TALLER FEMENINO LAS GOLONDRINAS SECTOR NUEVA ALDEA,0
2401S0179,,,,CONSEJO DE DESARROLLO HOSPITAL DE COELEMU,pending,,,2,REN24-2401S0179,RENDICIONES 2024.csv,CONSEJO DE DESARROLLO HOSPITAL DE COELEMU,0
2401S0181,,,,AGRUPACION DE DISCAPACIDAD PRECORDILLERA,pending,,,2,REN24-2401S0181,RENDICIONES 2024.csv,AGRUPACION DE DISCAPACIDAD PRECORDILLERA,0
2401S0182,,,,GRUPO DE DESARROLLO PERSONAL ESPERANZA DE MUJERES,pending,,,1,REN24-2401S0182,RENDICIONES 2024.csv,GRUPO DE DESARROLLO PERSONAL ESPERANZA DE MUJERES,0
2401S0186,,,,JUNTA DE VECINOS CHILLANCITO,pending,,,1,REN24-2401S0186,RENDICIONES 2024.csv,JUNTA DE VECINOS CHILLANCITO,0
2401S0188,,,,COMITE ADELANTO Y DESARROLLO RENACER DE SAN PEDRO,pending,,,1,REN24-2401S0188,RENDICIONES 2024.csv,COMITE ADELANTO Y DESARROLLO RENACER DE SAN PEDRO,0
2401S0193,,,,CI¿OMITE DE MANUALIDADES LAS HORMIGUITAS,pending,,,1,REN24-2401S0193,RENDICIONES 2024.csv,CI¿OMITE DE MANUALIDADES LAS HORMIGUITAS,0
2401S0568,,,,JJ.VV LA MARAVILLA,pending,,,1,REN24-2401S0568,RENDICIONES 2024.csv,JJ.VV LA MARAVILLA,0
2401S110,,,,UNION COMUNAL DE JUNTAS DE TALLERES LABORALES SAN NICOLAS,pending,,,1,REN24-2401S110,RENDICIONES 2024.csv,UNION COMUNAL DE JUNTAS DE TALLERES LABORALES SAN NICOLAS,0
2401S7008,,,,TALLER DE MANUALIDADES MANITOS DE RINCONADA DE ITATA,pending,,,1,REN24-2401S7008,RENDICIONES 2024.csv,TALLER DE MANUALIDADES MANITOS DE RINCONADA DE ITATA,0
2401SC0002,,,,JUNAT DE VECINOS LAS VIÑAS,pending,,,1,REN24-2401SC0002,RENDICIONES 2024.csv,JUNAT DE VECINOS LAS VIÑAS,0
2401SC0003,,,,JUNTA DE VECINOS RAHUIL,pending,,,1,REN24-2401SC0003,RENDICIONES 2024.csv,JUNTA DE VECINOS RAHUIL,0
2401SC0005,,,,JUNTA DE VECINOS VILLA LOS CORTESES,pending,,,1,REN24-2401SC0005,RENDICIONES 2024.csv,JUNTA DE VECINOS VILLA LOS CORTESES,0
2401SC0006,,,,JUNTA DE VECINOS UVAS BLANCAS,pending,,,1,REN24-2401SC0006,RENDICIONES 2024.csv,JUNTA DE VECINOS UVAS BLANCAS,0
2401SC0007,,,,JUNTA DE VECINOS CANTO DEL ALBA MATA REDONDA,pending,,,1,REN24-2401SC0007,RENDICIONES 2024.csv,JUNTA DE VECINOS CANTO DEL ALBA MATA REDONDA,0
2401SC0008,,,,JUNTA DE VECINOS GUILLERMO FUENZALIDA,pending,,,1,REN24-2401SC0008,RENDICIONES 2024.csv,JUNTA DE VECINOS GUILLERMO FUENZALIDA,0
2401SC0009,,,,JUNTA DE VECINOS LLAHUEN CHICO,pending,,,1,REN24-2401SC0009,RENDICIONES 2024.csv,JUNTA DE VECINOS LLAHUEN CHICO,0
2401SC0011,,,,JUNTA DE VECINOS LOS CHORRILLOS,pending,,,1,REN24-2401SC0011,RENDICIONES 2024.csv,JUNTA DE VECINOS LOS CHORRILLOS,0
2401SC0012,,,,JUNTA D EVECINOS CERRO NINHUE,pending,,,1,REN24-2401SC0012,RENDICIONES 2024.csv,JUNTA D EVECINOS CERRO NINHUE,0
2401SC0014,,,,COMITE DE VIVIENDA VILLA EL MIRADOR,pending,,,1,REN24-2401SC0014,RENDICIONES 2024.csv,COMITE DE VIVIENDA VILLA EL MIRADOR,0
2401SC0015,,,,JUNTA DE VECINOS LAS CARMELITAS LAS NIEVES,pending,,,2,REN24-2401SC0015,RENDICIONES 2024.csv,JUNTA DE VECINOS LAS CARMELITAS LAS NIEVES,0
2401SC0016,,,,JJ.VV DE PINIHUE,pending,,,1,REN24-2401SC0016,RENDICIONES 2024.csv,JJ.VV DE PINIHUE,0
2401SC0017,,,,JUNTA DE VECINOS N°15 EL ESFUERZO,pending,,,1,REN24-2401SC0017,RENDICIONES 2024.csv,JUNTA DE VECINOS N°15 EL ESFUERZO,0
2401SC0018,,,,JUNTA DE VECINOS NAVIDAD,pending,,,1,REN24-2401SC0018,RENDICIONES 2024.csv,JUNTA DE VECINOS NAVIDAD,0
2401SC0020,,,,JUNTA DE VECINOS LA HORCA,pending,,,1,REN24-2401SC0020,RENDICIONES 2024.csv,JUNTA DE VECINOS LA HORCA,0
2401SC0021,,,,JUNTA DE VECINOS LAS ARAUCARIAS,pending,,,1,REN24-2401SC0021,RENDICIONES 2024.csv,JUNTA DE VECINOS LAS ARAUCARIAS,0
2401SC0023,,,,JUNTA DE VECINOS TROPEZON,pending,,,1,REN24-2401SC0023,RENDICIONES 2024.csv,JUNTA DE VECINOS TROPEZON,0
2401SC0024,,,,JUNTA DE VECINOS ZEMITA,pending,,,1,REN24-2401SC0024,RENDICIONES 2024.csv,JUNTA DE VECINOS ZEMITA,0
2401SC0025,,,,COMITE DE ADELANTO DE CALABOZO,pending,,,1,REN24-2401SC0025,RENDICIONES 2024.csv,COMITE DE ADELANTO DE CALABOZO,0
2401SC0027,,,,JUNTA DE VECINOS LAS MIRAS,pending,,,1,REN24-2401SC0027,RENDICIONES 2024.csv,JUNTA DE VECINOS LAS MIRAS,0
2401SC0028,,,,JUNTA DE VECINOS LA GLORIA ARRIBA INDEPENDIENTE,pending,,,2,REN24-2401SC0028,RENDICIONES 2024.csv,JUNTA DE VECINOS LA GLORIA ARRIBA INDEPENDIENTE,0
2401SC0029,,,,JUNTA DE VECINOS EL CRISTO LA ESPERANZA,pending,,,1,REN24-2401SC0029,RENDICIONES 2024.csv,JUNTA DE VECINOS EL CRISTO LA ESPERANZA,0
2401SC0030,,,,JUNTA DE VECINOS 4 RURAL PASO ANCHO,pending,,,1,REN24-2401SC0030,RENDICIONES 2024.csv,JUNTA DE VECINOS 4 RURAL PASO ANCHO,0
2401SC0031,,,,JUNTA DE VECINOS BUCALEMU,pending,,,3,REN24-2401SC0031,RENDICIONES 2024.csv,JUNTA DE VECINOS BUCALEMU,0
2401SC0032,,,,JUNTA DE VECINOS TRANCOYAN,pending,,,1,REN24-2401SC0032,RENDICIONES 2024.csv,JUNTA DE VECINOS TRANCOYAN,0
2401SC0033,,,,JUNTA DE VECINOS LOS MAITENES EL YUGO,pending,,,1,REN24-2401SC0033,RENDICIONES 2024.csv,JUNTA DE VECINOS LOS MAITENES EL YUGO,0
2401SC0034,,,,JUNTA DE VECINOS RENACER DE VILLA MADERA,pending,,,1,REN24-2401SC0034,RENDICIONES 2024.csv,JUNTA DE VECINOS RENACER DE VILLA MADERA,0
2401SC0035,,,,JUNTA DE VECINOS BATUCO,pending,,,1,REN24-2401SC0035,RENDICIONES 2024.csv,JUNTA DE VECINOS BATUCO,0
2401SC0036,,,,PRESIDENTE JUNTA DE VECINOS COYANCO UNIDAD VECINAL NRO 6,pending,,,1,REN24-2401SC0036,RENDICIONES 2024.csv,PRESIDENTE JUNTA DE VECINOS COYANCO UNIDAD VECINAL NRO 6,0
2401SC0037,,,,JUNTA DE VECINOS N3R QUINTERO,pending,,,1,REN24-2401SC0037,RENDICIONES 2024.csv,JUNTA DE VECINOS N3R QUINTERO,0
2401SC0038,,,,JUNTA DE VECINOS VILLA LAS ACACIAS,pending,,,1,REN24-2401SC0038,RENDICIONES 2024.csv,JUNTA DE VECINOS VILLA LAS ACACIAS,0
2401SC0039,,,,JUNTA DE VECINOS LA MARAVILLA,pending,,,1,REN24-2401SC0039,RENDICIONES 2024.csv,JUNTA DE VECINOS LA MARAVILLA,0
2401SC0040,,,,JUNTA DE VECINOS CARTAGO,pending,,,1,REN24-2401SC0040,RENDICIONES 2024.csv,JUNTA DE VECINOS CARTAGO,0
2401SC0041,,,,UNIDAD VECINAL 17 ESTACION,pending,,,1,REN24-2401SC0041,RENDICIONES 2024.csv,UNIDAD VECINAL 17 ESTACION,0
2401SC0042,,,,JUNTA DE VECINOS EL SAUCE,pending,,,1,REN24-2401SC0042,RENDICIONES 2024.csv,JUNTA DE VECINOS EL SAUCE,0
2401SC0043,,,,JUNTA DE VECINOS SANTA CRUZ,pending,,,1,REN24-2401SC0043,RENDICIONES 2024.csv,JUNTA DE VECINOS SANTA CRUZ,0
2401SC0044,,,,AGRUPACION DE AGRICULTORES DE SAN FABIAN,pending,,,1,REN24-2401SC0044,RENDICIONES 2024.csv,AGRUPACION DE AGRICULTORES DE SAN FABIAN,0
2401SC0045,,,,JUNTA DE VECINOS LOS  GUINDOS,pending,,,1,REN24-2401SC0045,RENDICIONES 2024.csv,JUNTA DE VECINOS LOS  GUINDOS,0
2401SC0046,,,,JUNTA DE VECINOS VILLA LATINOAMERICANA,pending,,,1,REN24-2401SC0046,RENDICIONES 2024.csv,JUNTA DE VECINOS VILLA LATINOAMERICANA,0
2401SC0048,,,,COMITE DE AGUA POTABLE RURAL EL ARROYO,pending,,,1,REN24-2401SC0048,RENDICIONES 2024.csv,COMITE DE AGUA POTABLE RURAL EL ARROYO,0
2401SC0049,,,,JUNTA DE VECINOS AMANECER SUR,pending,,,1,REN24-2401SC0049,RENDICIONES 2024.csv,JUNTA DE VECINOS AMANECER SUR,0
2401SC0050,,,,JUNTA DE VECINOS LAS ROSAS,pending,,,2,REN24-2401SC0050,RENDICIONES 2024.csv,JUNTA DE VECINOS LAS ROSAS,0
2401SC0053,,,,JUNTA DE VECINOS POBLACION 11 DE SEPTIEMBRE,pending,,,1,REN24-2401SC0053,RENDICIONES 2024.csv,JUNTA DE VECINOS POBLACION 11 DE SEPTIEMBRE,0
2401SC0055,,,,JUNTA DE VECINOS POBLACION RENE SHCNEIDER,pending,,,1,REN24-2401SC0055,RENDICIONES 2024.csv,JUNTA DE VECINOS POBLACION RENE SHCNEIDER,0
2401SC0056,,,,COMITE ADELANTO PASAJE SANTA ERCILLA,pending,,,1,REN24-2401SC0056,RENDICIONES 2024.csv,COMITE ADELANTO PASAJE SANTA ERCILLA,0
2401SC0057,,,,JUNTA DE VECINOS EL CASTILLO,pending,,,1,REN24-2401SC0057,RENDICIONES 2024.csv,JUNTA DE VECINOS EL CASTILLO,0
2401SC0059,,,,JUNTA DE VECINOS JOHN KENNEDY,pending,,,1,REN24-2401SC0059,RENDICIONES 2024.csv,JUNTA DE VECINOS JOHN KENNEDY,0
2401SC0061,,,,VILLA LOS VOLCANES N°5B,pending,,,1,REN24-2401SC0061,RENDICIONES 2024.csv,VILLA LOS VOLCANES N°5B,0
2401SC0064,,,,JUNTA DE VECINOS RELOCA,pending,,,1,REN24-2401SC0064,RENDICIONES 2024.csv,JUNTA DE VECINOS RELOCA,0
2401SC0065,,,,PRESIDENTE JJ.VV LOS NOGALES CHILLAN,pending,,,1,REN24-2401SC0065,RENDICIONES 2024.csv,PRESIDENTE JJ.VV LOS NOGALES CHILLAN,0
2401SC0066,,,,JUNTA DE VECINOS LAGOS DE CHILE,pending,,,1,REN24-2401SC0066,RENDICIONES 2024.csv,JUNTA DE VECINOS LAGOS DE CHILE,0
2401SC0067,,,,JUNTA DE VECINOS HUENUCHEO 11-R,pending,,,1,REN24-2401SC0067,RENDICIONES 2024.csv,JUNTA DE VECINOS HUENUCHEO 11-R,0
2401SC0068,,,,JUNTA DE VECINOS RANCHO LINDO,pending,,,1,REN24-2401SC0068,RENDICIONES 2024.csv,JUNTA DE VECINOS RANCHO LINDO,0
2401SC0070,,,,JUNTA DE VECINOS SAN FERNANDO,pending,,,1,REN24-2401SC0070,RENDICIONES 2024.csv,JUNTA DE VECINOS SAN FERNANDO,0
2401SC0071,,,,JUNTA DE VECINOS COLMUYAO,pending,,,1,REN24-2401SC0071,RENDICIONES 2024.csv,JUNTA DE VECINOS COLMUYAO,0
2401SC0073,,,,JUNTA DE VECINOS TEJERIA,pending,,,1,REN24-2401SC0073,RENDICIONES 2024.csv,JUNTA DE VECINOS TEJERIA,0
2401SC0074,,,,JUNTA DE VECINOS EL SALTILLO,pending,,,1,REN24-2401SC0074,RENDICIONES 2024.csv,JUNTA DE VECINOS EL SALTILLO,0
2401SC0076,,,,JUNTA DE VECINOS TINAJACURA,pending,,,1,REN24-2401SC0076,RENDICIONES 2024.csv,JUNTA DE VECINOS TINAJACURA,0
2401SC0077,,,,JUNTA DE VECINOS SANTA JOSEFINA,pending,,,1,REN24-2401SC0077,RENDICIONES 2024.csv,JUNTA DE VECINOS SANTA JOSEFINA,0
2401SC0079,,,,JUNTA DE VECINOS AMPLIACION 18 DE SEPTIEMBRE,pending,,,2,REN24-2401SC0079,RENDICIONES 2024.csv,JUNTA DE VECINOS AMPLIACION 18 DE SEPTIEMBRE,0
2401SC0082,,,,JUNTA DE VECINOS EL OLIVAR,pending,,,1,REN24-2401SC0082,RENDICIONES 2024.csv,JUNTA DE VECINOS EL OLIVAR,0
2401SC0084,,,,JUNTA DE VECINOS LOS SAUCES DE SAN FERNANDO,pending,,,1,REN24-2401SC0084,RENDICIONES 2024.csv,JUNTA DE VECINOS LOS SAUCES DE SAN FERNANDO,0
2401SC0086,,,,COMITE DE AGUA POTABLE RURAL LAS TOSCAS,pending,,,1,REN24-2401SC0086,RENDICIONES 2024.csv,COMITE DE AGUA POTABLE RURAL LAS TOSCAS,0
2401SC0087,,,,COMITE DE AGUA RURAL LOS ACACIOS DE LA CRUZADA,pending,,,1,REN24-2401SC0087,RENDICIONES 2024.csv,COMITE DE AGUA RURAL LOS ACACIOS DE LA CRUZADA,0
2401SC0088,,,,JJ.VV CONJUNTO HABITACIONAL VILLA RIO CHILLAN,pending,,,1,REN24-2401SC0088,RENDICIONES 2024.csv,JJ.VV CONJUNTO HABITACIONAL VILLA RIO CHILLAN,0
2401SC0091,,,,JUNTA DE VECINOS ANTIQUEREO,pending,,,1,REN24-2401SC0091,RENDICIONES 2024.csv,JUNTA DE VECINOS ANTIQUEREO,0
2401SC0093,,,,JUNTA DE VECINOS PANGUILEMU,pending,,,1,REN24-2401SC0093,RENDICIONES 2024.csv,JUNTA DE VECINOS PANGUILEMU,0
2401SC0094,,,,COMITE DE AGUA EL ARENAL DE CUCHA URREJOLA,pending,,,1,REN24-2401SC0094,RENDICIONES 2024.csv,COMITE DE AGUA EL ARENAL DE CUCHA URREJOLA,0
2401SC0095,,,,JUNTA DE VECINOS BLANCA ALAMO,pending,,,1,REN24-2401SC0095,RENDICIONES 2024.csv,JUNTA DE VECINOS BLANCA ALAMO,0
2401SC0097,,,,JUNTA DE VECINOS DE PASO HONDO,pending,,,1,REN24-2401SC0097,RENDICIONES 2024.csv,JUNTA DE VECINOS DE PASO HONDO,0
2401SC0098,,,,CONSEJO VECINAL DE DESARROLLO BARRIO 11 DE SEPTIEMBRE LOS CASTAÑOS,pending,,,1,REN24-2401SC0098,RENDICIONES 2024.csv,CONSEJO VECINAL DE DESARROLLO BARRIO 11 DE SEPTIEMBRE LOS CASTAÑOS,0
2401SC0099,,,,JUNTA DE VECINOS LOS ALAMOS,pending,,,1,REN24-2401SC0099,RENDICIONES 2024.csv,JUNTA DE VECINOS LOS ALAMOS,0
2401SC0101,,,,JUNTA DE VECINOS CIRUELITO,pending,,,1,REN24-2401SC0101,RENDICIONES 2024.csv,JUNTA DE VECINOS CIRUELITO,0
2401SC0105,,,,COMITE DE ADELANTO AVENIDA LOS AROMOS,pending,,,1,REN24-2401SC0105,RENDICIONES 2024.csv,COMITE DE ADELANTO AVENIDA LOS AROMOS,0
2401SC0107,,,,COMITE DE DESARROLLO LA BALSA,pending,,,1,REN24-2401SC0107,RENDICIONES 2024.csv,COMITE DE DESARROLLO LA BALSA,0
2401SC0109,,,,JUNTA DE VECINOS VILLA PACIFICO,pending,,,1,REN24-2401SC0109,RENDICIONES 2024.csv,JUNTA DE VECINOS VILLA PACIFICO,0
2401SC0111,,,,JUNTA DE VECINOS LA POSTA,pending,,,1,REN24-2401SC0111,RENDICIONES 2024.csv,JUNTA DE VECINOS LA POSTA,0
2401SC0112,,,,JUNTA DE VECINOS TUBUL,pending,,,1,REN24-2401SC0112,RENDICIONES 2024.csv,JUNTA DE VECINOS TUBUL,0
2401SC0115,,,,JUNTA DE VECINOS DE MELA,pending,,,1,REN24-2401SC0115,RENDICIONES 2024.csv,JUNTA DE VECINOS DE MELA,0
2401SC0116,,,,JUNTA DE VECINOS VILLA LOMAS DE PUYERAL,pending,,,2,REN24-2401SC0116,RENDICIONES 2024.csv,JUNTA DE VECINOS VILLA LOMAS DE PUYERAL,0
2401SC0117,,,,JUNTA DE VECINOS SANTA ELVIRA,pending,,,2,REN24-2401SC0117,RENDICIONES 2024.csv,JUNTA DE VECINOS SANTA ELVIRA,0
2401SC0118,,,,JUNTA DE VECINOS BULI CASERIO,pending,,,1,REN24-2401SC0118,RENDICIONES 2024.csv,JUNTA DE VECINOS BULI CASERIO,0
2401SC0119,,,,JUNTA DE VECINOS VILLA PRIMAVERA,pending,,,1,REN24-2401SC0119,RENDICIONES 2024.csv,JUNTA DE VECINOS VILLA PRIMAVERA,0
2401SC0120,,,,"JUNTA DE VECINOS N°12 ""MARTIN RUIZ DE GAMBOA"" CHILLAN",pending,,,2,REN24-2401SC0120,RENDICIONES 2024.csv,"JUNTA DE VECINOS N°12 ""MARTIN RUIZ DE GAMBOA"" CHILLAN",0
2401SC0121,,,,JUNTA DE VECINOS VILLA PADRE HURTADO CHILLAN,pending,,,1,REN24-2401SC0121,RENDICIONES 2024.csv,JUNTA DE VECINOS VILLA PADRE HURTADO CHILLAN,0
2401SC0122,,,,JUNTA DE VECINOS PORTEÑA ALESSANDRI,pending,,,1,REN24-2401SC0122,RENDICIONES 2024.csv,JUNTA DE VECINOS PORTEÑA ALESSANDRI,0
2401SC0124,,,,JUNTA DE VECINOS POBLACION EL ENCANTO,pending,,,1,REN24-2401SC0124,RENDICIONES 2024.csv,JUNTA DE VECINOS POBLACION EL ENCANTO,0
2401SC0125,,,,JUNTA DE VECINOS 7R HUACAMALA,pending,,,1,REN24-2401SC0125,RENDICIONES 2024.csv,JUNTA DE VECINOS 7R HUACAMALA,0
2401SC0127,,,,JUNTA DE VECINOS CENTRAL CERRO NEGRO,pending,,,3,REN24-2401SC0127,RENDICIONES 2024.csv,JUNTA DE VECINOS CENTRAL CERRO NEGRO,0
2401SC0130,,,,COMITE DE VIVIENDA BUCHUPUREO,pending,,,1,REN24-2401SC0130,RENDICIONES 2024.csv,COMITE DE VIVIENDA BUCHUPUREO,0
2401SC0131,,,,JUNTA DE VECINOS COPIULEMU,pending,,,1,REN24-2401SC0131,RENDICIONES 2024.csv,JUNTA DE VECINOS COPIULEMU,0
2401SC0132,,,,JUNTA DE VECINOS POBLACION SAN FRANCISCO,pending,,,2,REN24-2401SC0132,RENDICIONES 2024.csv,JUNTA DE VECINOS POBLACION SAN FRANCISCO,0
2401SC0133,,,,COMITE DE ADELANTO Y DESARROLLO BUENOS AIRES,pending,,,1,REN24-2401SC0133,RENDICIONES 2024.csv,COMITE DE ADELANTO Y DESARROLLO BUENOS AIRES,0
2401SC0134,,,,JUNTA DE VECINOS VILLA EL CONQUISTADOR,pending,,,1,REN24-2401SC0134,RENDICIONES 2024.csv,JUNTA DE VECINOS VILLA EL CONQUISTADOR,0
2401SC0135,,,,COMITE DE AGUA POTABLE RURAL VILLA SANTA ROSA,pending,,,1,REN24-2401SC0135,RENDICIONES 2024.csv,COMITE DE AGUA POTABLE RURAL VILLA SANTA ROSA,0
2401SC0136,,,,JUNTA DE VECINOS CHUDAL,pending,,,1,REN24-2401SC0136,RENDICIONES 2024.csv,JUNTA DE VECINOS CHUDAL,0
2401SC0140,,,,JUNTA DE VECINOS VILLA GALILES,pending,,,1,REN24-2401SC0140,RENDICIONES 2024.csv,JUNTA DE VECINOS VILLA GALILES,0
2401SC0142,,,,JUNTA DE VECINOS EL ESPINAR,pending,,,1,REN24-2401SC0142,RENDICIONES 2024.csv,JUNTA DE VECINOS EL ESPINAR,0
2401SC0143,,,,JUNTA DE VECINOS RINCONADA DE CAPILLA,pending,,,1,REN24-2401SC0143,RENDICIONES 2024.csv,JUNTA DE VECINOS RINCONADA DE CAPILLA,0
2401SC0146,,,,JUNTA DE VECINOS DESARROLLO Y ESFUERZO,pending,,,1,REN24-2401SC0146,RENDICIONES 2024.csv,JUNTA DE VECINOS DESARROLLO Y ESFUERZO,0
2401SC0147,,,,CENTENARIO DE NINHUE,pending,,,1,REN24-2401SC0147,RENDICIONES 2024.csv,CENTENARIO DE NINHUE,0
2401SC0148,,,,JUNTA DE VECINOS EL ALAMO,pending,,,1,REN24-2401SC0148,RENDICIONES 2024.csv,JUNTA DE VECINOS EL ALAMO,0
2401SC0149,,,,JUNTA DE VECINOS EL MOLINO,pending,,,1,REN24-2401SC0149,RENDICIONES 2024.csv,JUNTA DE VECINOS EL MOLINO,0
2401SC0150,,,,COMITE DE ADELANTO MAGDALENA ALTO,pending,,,1,REN24-2401SC0150,RENDICIONES 2024.csv,COMITE DE ADELANTO MAGDALENA ALTO,0
2401SC0151,,,,JUNTA DE VECINOS LONQUEN,pending,,,1,REN24-2401SC0151,RENDICIONES 2024.csv,JUNTA DE VECINOS LONQUEN,0
2401SC0153,,,,JUNTA DE VECINOS VILLA SANTA MARIA,pending,,,1,REN24-2401SC0153,RENDICIONES 2024.csv,JUNTA DE VECINOS VILLA SANTA MARIA,0
2401SC0154,,,,JUNTA DE VECINOS CHUPALLAR,pending,,,1,REN24-2401SC0154,RENDICIONES 2024.csv,JUNTA DE VECINOS CHUPALLAR,0
2401SC0155,,,,JUNTA DE VECINOS VILLA PARAISO CHILLAN,pending,,,1,REN24-2401SC0155,RENDICIONES 2024.csv,JUNTA DE VECINOS VILLA PARAISO CHILLAN,0
2401SC0156,,,,JUNTA DE VECINOS PURALIHUE,pending,,,1,REN24-2401SC0156,RENDICIONES 2024.csv,JUNTA DE VECINOS PURALIHUE,0
2401SC0158,,,,JUNTA DE VECINOS N°R-20 LAUTARO,pending,,,1,REN24-2401SC0158,RENDICIONES 2024.csv,JUNTA DE VECINOS N°R-20 LAUTARO,0
2401SC0159,,,,JUNTA DE VECINOS MECO N°4,pending,,,1,REN24-2401SC0159,RENDICIONES 2024.csv,JUNTA DE VECINOS MECO N°4,0
2401SC0160,,,,JUNTA D EVECINOS TOTORAL,pending,,,1,REN24-2401SC0160,RENDICIONES 2024.csv,JUNTA D EVECINOS TOTORAL,0
2401SC0161,,,,JUNTA DE VECINOS LOS CARDONES AGUA FRIA,pending,,,1,REN24-2401SC0161,RENDICIONES 2024.csv,JUNTA DE VECINOS LOS CARDONES AGUA FRIA,0
2401SC0163,,,,JUNTA DE VECINOS LA ISLA,pending,,,1,REN24-2401SC0163,RENDICIONES 2024.csv,JUNTA DE VECINOS LA ISLA,0
2401SC0168,,,,JUNTA DE VECINOS PINTU,pending,,,1,REN24-2401SC0168,RENDICIONES 2024.csv,JUNTA DE VECINOS PINTU,0
2401SC0169,,,,COMITE DE ADELANTO BOSQUE LAS CAMELIAS,pending,,,1,REN24-2401SC0169,RENDICIONES 2024.csv,COMITE DE ADELANTO BOSQUE LAS CAMELIAS,0
2401SC0170,,,,JUNTA DE VECINOS VILLA ALEGRE,pending,,,1,REN24-2401SC0170,RENDICIONES 2024.csv,JUNTA DE VECINOS VILLA ALEGRE,0
2401SC0171,,,,JUNTA DE VECINIS VILLA DIEGO PORTALES,pending,,,1,REN24-2401SC0171,RENDICIONES 2024.csv,JUNTA DE VECINIS VILLA DIEGO PORTALES,0
2401SC0172,,,,JUNTA DE VECINOS EL CANELO,pending,,,1,REN24-2401SC0172,RENDICIONES 2024.csv,JUNTA DE VECINOS EL CANELO,0
2401SC0174,,,,COMITE AGUA POTABLE RURAL AGUAS LIMPIAS,pending,,,1,REN24-2401SC0174,RENDICIONES 2024.csv,COMITE AGUA POTABLE RURAL AGUAS LIMPIAS,0
2401SC0175,,,,JUNTA DE VECINOS LOS MAITENES,pending,,,1,REN24-2401SC0175,RENDICIONES 2024.csv,JUNTA DE VECINOS LOS MAITENES,0
2401SC0176,,,,JUNTA DE VECINOS MAULE LARQUI CHICO,pending,,,1,REN24-2401SC0176,RENDICIONES 2024.csv,JUNTA DE VECINOS MAULE LARQUI CHICO,0
2401SC0177,,,,JUNTA DE VECINOS BARRIO ALTO,pending,,,2,REN24-2401SC0177,RENDICIONES 2024.csv,JUNTA DE VECINOS BARRIO ALTO,0
2401SC0179,,,,JUNTA DE VECINOS SANTA GERTRUDIS,pending,,,1,REN24-2401SC0179,RENDICIONES 2024.csv,JUNTA DE VECINOS SANTA GERTRUDIS,0
2401SC0180,,,,JUNTA DE VECINOS SANTA CLARA,pending,,,1,REN24-2401SC0180,RENDICIONES 2024.csv,JUNTA DE VECINOS SANTA CLARA,0
2401SC0181,,,,JUNTA DE VECINOS ORILLA ITATA N 5 R,pending,,,1,REN24-2401SC0181,RENDICIONES 2024.csv,JUNTA DE VECINOS ORILLA ITATA N 5 R,0
2401SC0182,,,,JUNTA DE VECINOS EL PEUMO DE ZEMITA,pending,,,1,REN24-2401SC0182,RENDICIONES 2024.csv,JUNTA DE VECINOS EL PEUMO DE ZEMITA,0
2401SC0183,,,,JUNTA DE VECINOS LAS VEGAS DE SAN JUAN,pending,,,1,REN24-2401SC0183,RENDICIONES 2024.csv,JUNTA DE VECINOS LAS VEGAS DE SAN JUAN,0
2401SC0185,,,,COMITE DE MEJORAMIENTO Y ADELANTO LOMAS DEL SOL,pending,,,1,REN24-2401SC0185,RENDICIONES 2024.csv,COMITE DE MEJORAMIENTO Y ADELANTO LOMAS DEL SOL,0
2401SC0186,,,,JUNTA DE VECINOS CUADRAPANGUE QUILELTO,pending,,,1,REN24-2401SC0186,RENDICIONES 2024.csv,JUNTA DE VECINOS CUADRAPANGUE QUILELTO,0
2401SC0190,,,,JUNTA DE VECINOS HUARO,pending,,,1,REN24-2401SC0190,RENDICIONES 2024.csv,JUNTA DE VECINOS HUARO,0
2401SC0192,,,,JUNTA DE VECINOS EL RINCON,pending,,,1,REN24-2401SC0192,RENDICIONES 2024.csv,JUNTA DE VECINOS EL RINCON,0
2401SC0194,,,,COMITE DE AGUA POTABLE  RURAL SAN LUIS MILLAUQUEN,pending,,,1,REN24-2401SC0194,RENDICIONES 2024.csv,COMITE DE AGUA POTABLE  RURAL SAN LUIS MILLAUQUEN,0
2401SC0195,,,,JUNTA DE VECINOS VERQUICO,pending,,,1,REN24-2401SC0195,RENDICIONES 2024.csv,JUNTA DE VECINOS VERQUICO,0
2401SC0196,,,,JUNTA DE VECINOS AGUA BUENA-EL PEÑON,pending,,,1,REN24-2401SC0196,RENDICIONES 2024.csv,JUNTA DE VECINOS AGUA BUENA-EL PEÑON,0
2401SC0197,,,,JUNTA DE VECINOS ALTOS DE SANTA RITA,pending,,,1,REN24-2401SC0197,RENDICIONES 2024.csv,JUNTA DE VECINOS ALTOS DE SANTA RITA,0
2401SC0198,,,,JUNTA DE VECINOS BULI ORIENTE,pending,,,1,REN24-2401SC0198,RENDICIONES 2024.csv,JUNTA DE VECINOS BULI ORIENTE,0
2401SC0200,,,,JUNTA DE VECINOS 8 R - EL CARACOL,pending,,,1,REN24-2401SC0200,RENDICIONES 2024.csv,JUNTA DE VECINOS 8 R - EL CARACOL,0
2401SC0202,,,,JUNTA DE VECINOS VILLA ESTACION COCHARCAS,pending,,,1,REN24-2401SC0202,RENDICIONES 2024.csv,JUNTA DE VECINOS VILLA ESTACION COCHARCAS,0
2401SC0204,,,,JUNTA DE VECINOS VILLA PRECORDILLERA,pending,,,1,REN24-2401SC0204,RENDICIONES 2024.csv,JUNTA DE VECINOS VILLA PRECORDILLERA,0
2401SC0207,,,,JUNTA DE VECINOS RENACER CAMINO VIEJO,pending,,,1,REN24-2401SC0207,RENDICIONES 2024.csv,JUNTA DE VECINOS RENACER CAMINO VIEJO,0
2401SC0208,,,,JUNTA DE VECINOS QUIRAO,pending,,,1,REN24-2401SC0208,RENDICIONES 2024.csv,JUNTA DE VECINOS QUIRAO,0
2401SC0209,,,,JUNTA DE VECINOS VILLA PACIFICO,pending,,,1,REN24-2401SC0209,RENDICIONES 2024.csv,JUNTA DE VECINOS VILLA PACIFICO,0
2401SC0210,,,,COMITE DE AGUA POTABLE RURAL LA PRIMAVERA,pending,,,1,REN24-2401SC0210,RENDICIONES 2024.csv,COMITE DE AGUA POTABLE RURAL LA PRIMAVERA,0
2401SC0212,,,,COMITE DE AGUA POTABLE RURAL VERQUICO,pending,,,1,REN24-2401SC0212,RENDICIONES 2024.csv,COMITE DE AGUA POTABLE RURAL VERQUICO,0
2401SC0213,,,,COMITE DE AGUA POTABLE RURAL CARAN-EL ROSARIO,pending,,,1,REN24-2401SC0213,RENDICIONES 2024.csv,COMITE DE AGUA POTABLE RURAL CARAN-EL ROSARIO,0
2401SC0214,,,,COMITE CAMPESINO SAN PEDRO EL PILME,pending,,,1,REN24-2401SC0214,RENDICIONES 2024.csv,COMITE CAMPESINO SAN PEDRO EL PILME,0
2401SC0215,,,,JUNTA DE VECINOS VILLA LOS COLIHUES,pending,,,1,REN24-2401SC0215,RENDICIONES 2024.csv,JUNTA DE VECINOS VILLA LOS COLIHUES,0
2401SC0216,,,,JUNTA DE VECINOS LAS GARZAS,pending,,,1,REN24-2401SC0216,RENDICIONES 2024.csv,JUNTA DE VECINOS LAS GARZAS,0
2401SC0218,,,,JUNTA DE VECINOS 21 SANTA ROSA,pending,,,1,REN24-2401SC0218,RENDICIONES 2024.csv,JUNTA DE VECINOS 21 SANTA ROSA,0
2401SC0220,,,,JUNTA DE VECINOS VILLA CREACION,pending,,,1,REN24-2401SC0220,RENDICIONES 2024.csv,JUNTA DE VECINOS VILLA CREACION,0
2401SC0221,,,,COMITE DE AGUA POTABLE RURAL LOS MONTES,pending,,,1,REN24-2401SC0221,RENDICIONES 2024.csv,COMITE DE AGUA POTABLE RURAL LOS MONTES,0
2401SC0222,,,,JUNTA DE VECINOS CASAS VIEJAS DE SAN JAVIER,pending,,,1,REN24-2401SC0222,RENDICIONES 2024.csv,JUNTA DE VECINOS CASAS VIEJAS DE SAN JAVIER,0
2401SC0227,,,,JUNTA DE VECINOS 3R CAYUMANQUI,pending,,,1,REN24-2401SC0227,RENDICIONES 2024.csv,JUNTA DE VECINOS 3R CAYUMANQUI,0
2401SC0233,,,,JUNTA DE VECINOS LA CONCEPCION,pending,,,2,REN24-2401SC0233,RENDICIONES 2024.csv,JUNTA DE VECINOS LA CONCEPCION,0
2401SC0235,,,,COMITE DE ADELANTO TRABANCURA LA BALSA,pending,,,1,REN24-2401SC0235,RENDICIONES 2024.csv,COMITE DE ADELANTO TRABANCURA LA BALSA,0
2401SC0236,,,,COMITE DE VIVIENDA VILLA REPUBLICANA,pending,,,1,REN24-2401SC0236,RENDICIONES 2024.csv,COMITE DE VIVIENDA VILLA REPUBLICANA,0
2401SC0237,,,,COMITE VILLA LAS TORRES CHOLGUAN NORTE,pending,,,1,REN24-2401SC0237,RENDICIONES 2024.csv,COMITE VILLA LAS TORRES CHOLGUAN NORTE,0
2401SC0239,,,,JUNTA DE VECINOS VALLE LOS CASTAÑOS,pending,,,1,REN24-2401SC0239,RENDICIONES 2024.csv,JUNTA DE VECINOS VALLE LOS CASTAÑOS,0
2401SC0240,,,,COMITE DE ADELANTO LAS GUARDIAS,pending,,,1,REN24-2401SC0240,RENDICIONES 2024.csv,COMITE DE ADELANTO LAS GUARDIAS,0
2401SC0241,,,,JUNTA DE VECINOS PUENTE ITATA,pending,,,1,REN24-2401SC0241,RENDICIONES 2024.csv,JUNTA DE VECINOS PUENTE ITATA,0
2401SC0242,,,,COMITE DE ADELANTO VILLA PERALES,pending,,,2,REN24-2401SC0242,RENDICIONES 2024.csv,COMITE DE ADELANTO VILLA PERALES,0
2401SC0243,,,,JUNTA DE VECINOS VILLA ITATA,pending,,,1,REN24-2401SC0243,RENDICIONES 2024.csv,JUNTA DE VECINOS VILLA ITATA,0
2401SC0245,,,,JUNTA DE VECINOS CAMINO EL MEDIO,pending,,,2,REN24-2401SC0245,RENDICIONES 2024.csv,JUNTA DE VECINOS CAMINO EL MEDIO,0
2401SC0246,,,,JUNTA DE VECINOS VILLA RENACER,pending,,,1,REN24-2401SC0246,RENDICIONES 2024.csv,JUNTA DE VECINOS VILLA RENACER,0
2401SC0247,,,,JUNTA DE VECINOS N°5 MANZANARES,pending,,,1,REN24-2401SC0247,RENDICIONES 2024.csv,JUNTA DE VECINOS N°5 MANZANARES,0
2401SC0249,,,,JUNTA DE VECINOS RINCONADA DE YUNGAY,pending,,,1,REN24-2401SC0249,RENDICIONES 2024.csv,JUNTA DE VECINOS RINCONADA DE YUNGAY,0
2401SC0250,,,,JUNTA DE VECINOS NARANJOS DE CASTILLA,pending,,,1,REN24-2401SC0250,RENDICIONES 2024.csv,JUNTA DE VECINOS NARANJOS DE CASTILLA,0
2401SC0251,,,,JUNTA DE VECINOS 4-U MANUEL BULNES,pending,,,1,REN24-2401SC0251,RENDICIONES 2024.csv,JUNTA DE VECINOS 4-U MANUEL BULNES,0
2401SC0252,,,,JUNTA DE VECINOS TREHUALEMU NORTE,pending,,,1,REN24-2401SC0252,RENDICIONES 2024.csv,JUNTA DE VECINOS TREHUALEMU NORTE,0
2401SC0253,,,,"JUNTA DE VECINOS LOS ARO,OS DE LA POBLACION 11 DE SEPTIEMBRE",pending,,,1,REN24-2401SC0253,RENDICIONES 2024.csv,"JUNTA DE VECINOS LOS ARO,OS DE LA POBLACION 11 DE SEPTIEMBRE",0
2401SC0254,,,,JUNTA DE VECINOS AGUA BUENA,pending,,,1,REN24-2401SC0254,RENDICIONES 2024.csv,JUNTA DE VECINOS AGUA BUENA,0
2401SC0255,,,,JUNTA DE VECINOS LAS CAMELIAS RIVERA LAGUNA AVENDAÑO,pending,,,1,REN24-2401SC0255,RENDICIONES 2024.csv,JUNTA DE VECINOS LAS CAMELIAS RIVERA LAGUNA AVENDAÑO,0
2401SC0256,,,,JUNTA DE VECINOS CARAVANCHEL,pending,,,1,REN24-2401SC0256,RENDICIONES 2024.csv,JUNTA DE VECINOS CARAVANCHEL,0
2401SC0257,,,,JUNTA DE VECINOS VILLA EBEN EZER,pending,,,1,REN24-2401SC0257,RENDICIONES 2024.csv,JUNTA DE VECINOS VILLA EBEN EZER,0
2401SC0258,,,,JUNTA DE VECINOS NUEVA SCHLEYER UNIDAD VECINAL N°15,pending,,,1,REN24-2401SC0258,RENDICIONES 2024.csv,JUNTA DE VECINOS NUEVA SCHLEYER UNIDAD VECINAL N°15,0
2401SC0259,,,,JUNTA DE VECINOS 12 HUALLERIAS,pending,,,1,REN24-2401SC0259,RENDICIONES 2024.csv,JUNTA DE VECINOS 12 HUALLERIAS,0
2401SC0260,,,,COMITE DE ADELANTO FUTURO CHOLGUAN NORTE,pending,,,2,REN24-2401SC0260,RENDICIONES 2024.csv,COMITE DE ADELANTO FUTURO CHOLGUAN NORTE,0
2401SC0261,,,,JJ.VV ROBINSON RAMIREZ,pending,,,2,REN24-2401SC0261,RENDICIONES 2024.csv,JJ.VV ROBINSON RAMIREZ,0
2401SC0262,,,,JJ.VV ALEJANDRO PEREZ,pending,,,1,REN24-2401SC0262,RENDICIONES 2024.csv,JJ.VV ALEJANDRO PEREZ,0
2401SC0263,,,,COMITE DE ADELANTO Y DESARROLLO AGUAS CLARAS QUILAMAPU,pending,,,1,REN24-2401SC0263,RENDICIONES 2024.csv,COMITE DE ADELANTO Y DESARROLLO AGUAS CLARAS QUILAMAPU,0
2401SC0265,,,,JUNTA DE VECINOS EDUARDO FREI,pending,,,1,REN24-2401SC0265,RENDICIONES 2024.csv,JUNTA DE VECINOS EDUARDO FREI,0
2401SC0266,,,,JUNTA DE VECINOS EL GALPON,pending,,,1,REN24-2401SC0266,RENDICIONES 2024.csv,JUNTA DE VECINOS EL GALPON,0
2401SC0269,,,,JUNTA DE VEINOS BOYEN 3R,pending,,,1,REN24-2401SC0269,RENDICIONES 2024.csv,JUNTA DE VEINOS BOYEN 3R,0
2401SC0271,,,,COMITE DE ADELANTO Y DESARROLLO VILLA PADRE HURTADO,pending,,,1,REN24-2401SC0271,RENDICIONES 2024.csv,COMITE DE ADELANTO Y DESARROLLO VILLA PADRE HURTADO,0
2401SC0272,,,,COMITE DE ADELANTO Y DESARROLLO CONJUNTO RESIDENCIAL SAN ALBERTO,pending,,,1,REN24-2401SC0272,RENDICIONES 2024.csv,COMITE DE ADELANTO Y DESARROLLO CONJUNTO RESIDENCIAL SAN ALBERTO,0
2401SC0273,,,,JJ.VV ALCALDE GUILLERMO NAVAS,pending,,,1,REN24-2401SC0273,RENDICIONES 2024.csv,JJ.VV ALCALDE GUILLERMO NAVAS,0
2401SC0275,,,,JUNTA DE VECINOS CHECURA,pending,,,1,REN24-2401SC0275,RENDICIONES 2024.csv,JUNTA DE VECINOS CHECURA,0
2401SC0277,,,,JUNTA DE VECINOS VILLA BRISAS DE QUILLON,pending,,,1,REN24-2401SC0277,RENDICIONES 2024.csv,JUNTA DE VECINOS VILLA BRISAS DE QUILLON,0
2401SC0278,,,,JUNTA DE VECINOS GUARILIHUE CENTRO SECTOR ESTADIO,pending,,,1,REN24-2401SC0278,RENDICIONES 2024.csv,JUNTA DE VECINOS GUARILIHUE CENTRO SECTOR ESTADIO,0
2401SC0280,,,,JUNTA DE VECINOS BOSQUES DEL ARRAYAN,pending,,,1,REN24-2401SC0280,RENDICIONES 2024.csv,JUNTA DE VECINOS BOSQUES DEL ARRAYAN,0
2401SC0283,,,,JJ.VV LA CABAÑA,pending,,,2,REN24-2401SC0283,RENDICIONES 2024.csv,JJ.VV LA CABAÑA,0
2401SC0284,,,,JUNTA DE VECINOS SANTA ELENA,pending,,,1,REN24-2401SC0284,RENDICIONES 2024.csv,JUNTA DE VECINOS SANTA ELENA,0
2401SC0285,,,,COMITE DE ADELANTO Y DESARROLLO LOMAS DE SANTA BERENICE,pending,,,1,REN24-2401SC0285,RENDICIONES 2024.csv,COMITE DE ADELANTO Y DESARROLLO LOMAS DE SANTA BERENICE,0
2401SC0286,,,,COMITE DE AGUA POTABLE SECTORES DE SAN JOSE-LA ACHIRA,pending,,,1,REN24-2401SC0286,RENDICIONES 2024.csv,COMITE DE AGUA POTABLE SECTORES DE SAN JOSE-LA ACHIRA,0
2401SC0287,,,,COMITE DE RIEGO CARRULLANCA,pending,,,1,REN24-2401SC0287,RENDICIONES 2024.csv,COMITE DE RIEGO CARRULLANCA,0
2401SC0288,,,,JUNTA DE VECINOS EL AMANECER,pending,,,1,REN24-2401SC0288,RENDICIONES 2024.csv,JUNTA DE VECINOS EL AMANECER,0
2401SC0289,,,,COMITE AGUA EL CHACAY,pending,,,1,REN24-2401SC0289,RENDICIONES 2024.csv,COMITE AGUA EL CHACAY,0
2401SC0290,,,,COMITE DE ADELANTON Y DESARROLLO LOS AROMOS PRO-DEFENSA RIO CHILLAN,pending,,,1,REN24-2401SC0290,RENDICIONES 2024.csv,COMITE DE ADELANTON Y DESARROLLO LOS AROMOS PRO-DEFENSA RIO CHILLAN,0
2401SC0295,,,,"COMITE DE AGUA POTABLE RURAL ""CIRUELITO, CARDAN Y SANDIAL",pending,,,1,REN24-2401SC0295,RENDICIONES 2024.csv,"COMITE DE AGUA POTABLE RURAL ""CIRUELITO, CARDAN Y SANDIAL",0
2401SC0297,,,,COMITE DE AGUA FINA DE BATUCO,pending,,,1,REN24-2401SC0297,RENDICIONES 2024.csv,COMITE DE AGUA FINA DE BATUCO,0
2401SC0299,,,,JUNTA DE VECINOS VILLA MANUEL RODRIGUEZ,pending,,,1,REN24-2401SC0299,RENDICIONES 2024.csv,JUNTA DE VECINOS VILLA MANUEL RODRIGUEZ,0
2401SC0301,,,,JUNTA DE VECINOS EDUARDO FREI MONTALBA,pending,,,1,REN24-2401SC0301,RENDICIONES 2024.csv,JUNTA DE VECINOS EDUARDO FREI MONTALBA,0
2401SC0302,,,,JUNTA DE VECINOS LA ACHIRA,pending,,,1,REN24-2401SC0302,RENDICIONES 2024.csv,JUNTA DE VECINOS LA ACHIRA,0
2401SC0303,,,,JUNTA DE VECINOS NINQUIHUE,pending,,,1,REN24-2401SC0303,RENDICIONES 2024.csv,JUNTA DE VECINOS NINQUIHUE,0
2401SC0305,,,,CENTRO GENERAL DE PADRES Y APODERADOS JARDIN INFANTIL SAN JOSE,pending,,,1,REN24-2401SC0305,RENDICIONES 2024.csv,CENTRO GENERAL DE PADRES Y APODERADOS JARDIN INFANTIL SAN JOSE,0
2401SC0306,,,,JUNTA DE VECINOS MONTE LEON,pending,,,1,REN24-2401SC0306,RENDICIONES 2024.csv,JUNTA DE VECINOS MONTE LEON,0
2401SC0309,,,,JUNTA DE VECINOS LOMA ALTA,pending,,,1,REN24-2401SC0309,RENDICIONES 2024.csv,JUNTA DE VECINOS LOMA ALTA,0
2401SC0310,,,,JUNTA DE VECINOS PUYARAL SECTOR PIEDRA LISTA,pending,,,1,REN24-2401SC0310,RENDICIONES 2024.csv,JUNTA DE VECINOS PUYARAL SECTOR PIEDRA LISTA,0
2401SC0311,,,,JUNTA DE VECINOS LOS CANELOS,pending,,,1,REN24-2401SC0311,RENDICIONES 2024.csv,JUNTA DE VECINOS LOS CANELOS,0
2401SC0312,,,,JUNTA DE VECINOS PINCURA,pending,,,1,REN24-2401SC0312,RENDICIONES 2024.csv,JUNTA DE VECINOS PINCURA,0
2401SC0313,,,,COMITE DE ADELANTO LA MORTANDAD,pending,,,1,REN24-2401SC0313,RENDICIONES 2024.csv,COMITE DE ADELANTO LA MORTANDAD,0
2401SC0314,,,,COMITE DE AGUA POTABLE LOS PUQUIOS,pending,,,1,REN24-2401SC0314,RENDICIONES 2024.csv,COMITE DE AGUA POTABLE LOS PUQUIOS,0
2401SC0315,,,,COMITE DE AGUA POTABLE EL MODELO LAS MIRAS,pending,,,1,REN24-2401SC0315,RENDICIONES 2024.csv,COMITE DE AGUA POTABLE EL MODELO LAS MIRAS,0
2401SC0316,,,,JJ.VV TRES ESQUINAS,pending,,,2,REN24-2401SC0316,RENDICIONES 2024.csv,JJ.VV TRES ESQUINAS,0
2401SC0317,,,,SEGUNDA COMPAÑIA BOMBEROS DE YUNGAY,pending,,,1,REN24-2401SC0317,RENDICIONES 2024.csv,SEGUNDA COMPAÑIA BOMBEROS DE YUNGAY,0
2401SC0318,,,,JUNTA DE VECINOS EL ROSAL 1KM. 27,pending,,,1,REN24-2401SC0318,RENDICIONES 2024.csv,JUNTA DE VECINOS EL ROSAL 1KM. 27,0
2401SC0319,,,,JUNTA DE VECINOS SAN ALBERTO HURTADO,pending,,,1,REN24-2401SC0319,RENDICIONES 2024.csv,JUNTA DE VECINOS SAN ALBERTO HURTADO,0
2401SC0320,,,,JUNTA DE VECINOS EL SANDIAL,pending,,,1,REN24-2401SC0320,RENDICIONES 2024.csv,JUNTA DE VECINOS EL SANDIAL,0
2401SC0321,,,,JUNTA DE VECINOS VEGA DE SALDIA,pending,,,1,REN24-2401SC0321,RENDICIONES 2024.csv,JUNTA DE VECINOS VEGA DE SALDIA,0
2401SC0322,,,,COMITE DE VIVIENDA VILLA YUNGAY,pending,,,1,REN24-2401SC0322,RENDICIONES 2024.csv,COMITE DE VIVIENDA VILLA YUNGAY,0
2401SC0326,,,,JUNTA DE VECINOS LOS ESTANQUES,pending,,,1,REN24-2401SC0326,RENDICIONES 2024.csv,JUNTA DE VECINOS LOS ESTANQUES,0
2401SC0328,,,,COMITE DE ADELANTO Y DESARROLLO SAN LUIS DE POMUYETO,pending,,,1,REN24-2401SC0328,RENDICIONES 2024.csv,COMITE DE ADELANTO Y DESARROLLO SAN LUIS DE POMUYETO,0
2401SC0329,,,,JUNTA DE VECINOS SOL DE CHILLAN,pending,,,2,REN24-2401SC0329,RENDICIONES 2024.csv,JUNTA DE VECINOS SOL DE CHILLAN,0
2401SC0335,,,,JUNTA DE VECINOS NUEVA VIDA,pending,,,1,REN24-2401SC0335,RENDICIONES 2024.csv,JUNTA DE VECINOS NUEVA VIDA,0
2401SC0336,,,,JUNTA DE VECINOS VILLA LOS REGIDORES,pending,,,1,REN24-2401SC0336,RENDICIONES 2024.csv,JUNTA DE VECINOS VILLA LOS REGIDORES,0
2401SC0337,,,,JUNTA DE VECINOS VILLA CORDILLERA CHILLAN S/I,pending,,,2,REN24-2401SC0337,RENDICIONES 2024.csv,JUNTA DE VECINOS VILLA CORDILLERA CHILLAN S/I,0
2401SC0339,,,,JUNTA DE VECINOS N°21 SELVA NEGRA,pending,,,2,REN24-2401SC0339,RENDICIONES 2024.csv,JUNTA DE VECINOS N°21 SELVA NEGRA,0
2401SC0343,,,,JUNTA DE VECINOS N°2 LOS RISCOS,pending,,,1,REN24-2401SC0343,RENDICIONES 2024.csv,JUNTA DE VECINOS N°2 LOS RISCOS,0
2401SC0344,,,,COMITE DE ADELANTO RENACER Y PROGRESO LAS DUMAS,pending,,,1,REN24-2401SC0344,RENDICIONES 2024.csv,COMITE DE ADELANTO RENACER Y PROGRESO LAS DUMAS,0
2401SC0345,,,,JUNTA DE VECINOS VILLA ILLISOIS,pending,,,1,REN24-2401SC0345,RENDICIONES 2024.csv,JUNTA DE VECINOS VILLA ILLISOIS,0
2401SC0347,,,,JUNTA DE VECINOS SAN JUAN LA RAYA,pending,,,1,REN24-2401SC0347,RENDICIONES 2024.csv,JUNTA DE VECINOS SAN JUAN LA RAYA,0
2401SC0348,,,,JUNTA D EVECINOS POBLACION FERRETERA,pending,,,1,REN24-2401SC0348,RENDICIONES 2024.csv,JUNTA D EVECINOS POBLACION FERRETERA,0
2401SC0350,,,,JUNTA DE VECINOS LOS PUELCHES,pending,,,1,REN24-2401SC0350,RENDICIONES 2024.csv,JUNTA DE VECINOS LOS PUELCHES,0
2401SC0351,,,,JUNTA DE VECINOS VOLCANES 6 UNIDAD VECINAL N°26,pending,,,1,REN24-2401SC0351,RENDICIONES 2024.csv,JUNTA DE VECINOS VOLCANES 6 UNIDAD VECINAL N°26,0
2401SC0352,,,,JUNTA DE VECINOS N°26 LOMAS ORIENTE,pending,,,1,REN24-2401SC0352,RENDICIONES 2024.csv,JUNTA DE VECINOS N°26 LOMAS ORIENTE,0
2401SC0354,,,,JUNTA DE VECINOS BUSTAMANTE,pending,,,2,REN24-2401SC0354,RENDICIONES 2024.csv,JUNTA DE VECINOS BUSTAMANTE,0
2401SC0355,,,,JUNTA DE VECINOS LA PALMA,pending,,,1,REN24-2401SC0355,RENDICIONES 2024.csv,JUNTA DE VECINOS LA PALMA,0
2401SC0356,,,,JUNTA DE VECINOS LAS BRISAS,pending,,,2,REN24-2401SC0356,RENDICIONES 2024.csv,JUNTA DE VECINOS LAS BRISAS,0
2401SC0359,,,,COMITE DE ADELANTO Y DESARROLLO LOS CARDINALES,pending,,,1,REN24-2401SC0359,RENDICIONES 2024.csv,COMITE DE ADELANTO Y DESARROLLO LOS CARDINALES,0
2401SC0366,,,,COMITE DE ADELANTO Y DESARROLLO PERQUINCO,pending,,,2,REN24-2401SC0366,RENDICIONES 2024.csv,COMITE DE ADELANTO Y DESARROLLO PERQUINCO,0
2401SC0367,,,,COMITE DE ADELANTO CANAL DE LA MINA,pending,,,1,REN24-2401SC0367,RENDICIONES 2024.csv,COMITE DE ADELANTO CANAL DE LA MINA,0
2401SC0369,,,,COMITE DE AGUA POTABLE RURAL NINQUIHUE,pending,,,1,REN24-2401SC0369,RENDICIONES 2024.csv,COMITE DE AGUA POTABLE RURAL NINQUIHUE,0
2401SC0370,,,,JUNTA DE VECINOS LOS MONTES,pending,,,1,REN24-2401SC0370,RENDICIONES 2024.csv,JUNTA DE VECINOS LOS MONTES,0
2401SC0371,,,,JUNTA DE VECINOS LOMAS BLANCAS EL CARDAL,pending,,,1,REN24-2401SC0371,RENDICIONES 2024.csv,JUNTA DE VECINOS LOMAS BLANCAS EL CARDAL,0
2401SC0372,,,,JUNTA DE VECINOS EL ROSAL,pending,,,1,REN24-2401SC0372,RENDICIONES 2024.csv,JUNTA DE VECINOS EL ROSAL,0
2401SC0373,,,,JUNTA DE VECINOS EL MAITEN CHICO,pending,,,2,REN24-2401SC0373,RENDICIONES 2024.csv,JUNTA DE VECINOS EL MAITEN CHICO,0
2401SC0374,,,,JUNTA DE VECINOS UNION LA DEHESA,pending,,,1,REN24-2401SC0374,RENDICIONES 2024.csv,JUNTA DE VECINOS UNION LA DEHESA,0
2401SC0375,,,,COMITE DE DESARROLLO Y ADELANTO RURAL LA VICTORIA,pending,,,1,REN24-2401SC0375,RENDICIONES 2024.csv,COMITE DE DESARROLLO Y ADELANTO RURAL LA VICTORIA,0
2401SC0376,,,,JUNTA DE VECINOS LOS RASTROJOS,pending,,,1,REN24-2401SC0376,RENDICIONES 2024.csv,JUNTA DE VECINOS LOS RASTROJOS,0
2401SC0377,,,,JUNTA DE VECINOS EL ROSARIO,pending,,,1,REN24-2401SC0377,RENDICIONES 2024.csv,JUNTA DE VECINOS EL ROSARIO,0
2401SC0378,,,,COMITE DE ADELANTO Y DESARROLLO NO ORIENTE LLAHUIMAVIDA,pending,,,1,REN24-2401SC0378,RENDICIONES 2024.csv,COMITE DE ADELANTO Y DESARROLLO NO ORIENTE LLAHUIMAVIDA,0
2401SC0379,,,,CLUB DEPORTIVO SOCIAL Y CULTURAL FEMENINO THE GIRLS STAR,pending,,,1,REN24-2401SC0379,RENDICIONES 2024.csv,CLUB DEPORTIVO SOCIAL Y CULTURAL FEMENINO THE GIRLS STAR,0
2401SC0380,,,,JUNTA DE VECINOS PASO PERALES,pending,,,1,REN24-2401SC0380,RENDICIONES 2024.csv,JUNTA DE VECINOS PASO PERALES,0
2401SC0381,,,,JUNTA DE VECINOS LAS VERTIENTES,pending,,,1,REN24-2401SC0381,RENDICIONES 2024.csv,JUNTA DE VECINOS LAS VERTIENTES,0
2401SC0382,,,,JUNTA DE VECINOS PASO EL ROBLE,pending,,,1,REN24-2401SC0382,RENDICIONES 2024.csv,JUNTA DE VECINOS PASO EL ROBLE,0
2401SC0383,,,,COMITE DE ADELANTO ALTOS DEL PAJONAL,pending,,,1,REN24-2401SC0383,RENDICIONES 2024.csv,COMITE DE ADELANTO ALTOS DEL PAJONAL,0
2401SC0384,,,,JUNTA DE VECINOS VILLA PARQUE ALAMEDA,pending,,,1,REN24-2401SC0384,RENDICIONES 2024.csv,JUNTA DE VECINOS VILLA PARQUE ALAMEDA,0
2401SC0385,,,,JUNTA DE VECINOS CAPILLA SUR,pending,,,1,REN24-2401SC0385,RENDICIONES 2024.csv,JUNTA DE VECINOS CAPILLA SUR,0
2401SC0386,,,,JUNTA DE VECINOS VALLE VERDE,pending,,,1,REN24-2401SC0386,RENDICIONES 2024.csv,JUNTA DE VECINOS VALLE VERDE,0
2401SC0387,,,,AGRUPACION DE ADELANTO VUELTA LA RANA,pending,,,1,REN24-2401SC0387,RENDICIONES 2024.csv,AGRUPACION DE ADELANTO VUELTA LA RANA,0
2401SC0388,,,,JUNTA DE VECINOS EL MODELO,pending,,,1,REN24-2401SC0388,RENDICIONES 2024.csv,JUNTA DE VECINOS EL MODELO,0
2401SC0390,,,,JUNTA DE VECINOS SANTA AMELIA,pending,,,1,REN24-2401SC0390,RENDICIONES 2024.csv,JUNTA DE VECINOS SANTA AMELIA,0
2401SC0393,,,,JUNTA DE VECINOS VISTA DE SCHLEYER,pending,,,1,REN24-2401SC0393,RENDICIONES 2024.csv,JUNTA DE VECINOS VISTA DE SCHLEYER,0
2401SC0394,,,,JUNTA DE VECINOS SAN MANUEL DE VERQUICO,pending,,,1,REN24-2401SC0394,RENDICIONES 2024.csv,JUNTA DE VECINOS SAN MANUEL DE VERQUICO,0
2401SC0395,,,,COMITE DE AGUAPOTABLE RURAL PORTAL DE LA LUNA,pending,,,1,REN24-2401SC0395,RENDICIONES 2024.csv,COMITE DE AGUAPOTABLE RURAL PORTAL DE LA LUNA,0
2401SC0397,,,,JUNTA DE VECINOS VILLA LAS ARAUCARIAS,pending,,,2,REN24-2401SC0397,RENDICIONES 2024.csv,JUNTA DE VECINOS VILLA LAS ARAUCARIAS,0
2401SC0398,,,,JUNTA DE VECINOS VILLA LOS VOLCANES 2,pending,,,1,REN24-2401SC0398,RENDICIONES 2024.csv,JUNTA DE VECINOS VILLA LOS VOLCANES 2,0
2401SC0402,,,,JUNTA DE VECINOS GAONA MONTECILLOS,pending,,,1,REN24-2401SC0402,RENDICIONES 2024.csv,JUNTA DE VECINOS GAONA MONTECILLOS,0
2401SC0403,,,,JUNTA DE VECINOS VILLA DON AMBROSIO,pending,,,2,REN24-2401SC0403,RENDICIONES 2024.csv,JUNTA DE VECINOS VILLA DON AMBROSIO,0
2401SC0404,,,,JUNTA DE VECINOS QUILMO SUR ORIENTE,pending,,,1,REN24-2401SC0404,RENDICIONES 2024.csv,JUNTA DE VECINOS QUILMO SUR ORIENTE,0
2401SC0405,,,,COMITE DE ADELANTO  PINARES,pending,,,1,REN24-2401SC0405,RENDICIONES 2024.csv,COMITE DE ADELANTO  PINARES,0
2401SC0406,,,,JUNTA DE VECINOS LAS NIEVES,pending,,,1,REN24-2401SC0406,RENDICIONES 2024.csv,JUNTA DE VECINOS LAS NIEVES,0
2401SC0408,,,,JUNTA DE VECINOS EL MANZANO,pending,,,1,REN24-2401SC0408,RENDICIONES 2024.csv,JUNTA DE VECINOS EL MANZANO,0
2401SC0412,,,,JUNTA DE VECINOS POBLACION HERNAN BRAÑAS,pending,,,2,REN24-2401SC0412,RENDICIONES 2024.csv,JUNTA DE VECINOS POBLACION HERNAN BRAÑAS,0
2401SC0414,,,,JUNTA DE VECINOS LOS ALTOS DE TREHUACO,pending,,,1,REN24-2401SC0414,RENDICIONES 2024.csv,JUNTA DE VECINOS LOS ALTOS DE TREHUACO,0
2401SC0417,,,,JUNTA DE VECINOS GOROPEUMO VEGA LOS REYES,pending,,,2,REN24-2401SC0417,RENDICIONES 2024.csv,JUNTA DE VECINOS GOROPEUMO VEGA LOS REYES,0
2401SC0421,,,,JUNTA DE VECINOS LA CANCHA,pending,,,1,REN24-2401SC0421,RENDICIONES 2024.csv,JUNTA DE VECINOS LA CANCHA,0
2401SC0425,,,,JUNTA DE VECINOS VEGAS VERDES,pending,,,1,REN24-2401SC0425,RENDICIONES 2024.csv,JUNTA DE VECINOS VEGAS VERDES,0
2401SC0429,,,,JUNTA DE VECINOS EL AVELLANO DE CONTRAUCO,pending,,,1,REN24-2401SC0429,RENDICIONES 2024.csv,JUNTA DE VECINOS EL AVELLANO DE CONTRAUCO,0
2401SC0430,,,,JUNTA DE VECINOS VILLA LAS AMERICAS,pending,,,2,REN24-2401SC0430,RENDICIONES 2024.csv,JUNTA DE VECINOS VILLA LAS AMERICAS,0
2401SC0433,,,,COMITE DE ADELANTO Y DESARROLLO LOS ALTOS AMANECER DE PORTEZUELO,pending,,,3,REN24-2401SC0433,RENDICIONES 2024.csv,COMITE DE ADELANTO Y DESARROLLO LOS ALTOS AMANECER DE PORTEZUELO,0
2401SC0436,,,,JUNTA DE VECINOS  JARDINES DEL SUR UNIDAD VECINAL N°22,pending,,,1,REN24-2401SC0436,RENDICIONES 2024.csv,JUNTA DE VECINOS  JARDINES DEL SUR UNIDAD VECINAL N°22,0
2401SC0438,,,,JUNTA DE VECINOS NUEVA VIDA EL ZARZAL,pending,,,1,REN24-2401SC0438,RENDICIONES 2024.csv,JUNTA DE VECINOS NUEVA VIDA EL ZARZAL,0
2401SC0439,,,,COMITE  DE ADELANTO Y DESARROLLO POB. LA ARAUCANA,pending,,,1,REN24-2401SC0439,RENDICIONES 2024.csv,COMITE  DE ADELANTO Y DESARROLLO POB. LA ARAUCANA,0
2401SC0442,,,,JJ.VV MALLOA,pending,,,1,REN24-2401SC0442,RENDICIONES 2024.csv,JJ.VV MALLOA,0
2401SC0446,,,,COMITE DE ADELANTO Y DESARROLLO VILLA VISION MUNDIAL,pending,,,1,REN24-2401SC0446,RENDICIONES 2024.csv,COMITE DE ADELANTO Y DESARROLLO VILLA VISION MUNDIAL,0
2401SC0447,,,,JUNTA DE VECINOS LOS PRESIDENTES II,pending,,,1,REN24-2401SC0447,RENDICIONES 2024.csv,JUNTA DE VECINOS LOS PRESIDENTES II,0
2401SC0450,,,,JUNTA DE VECINOS SANTA ROSA DE NINQUIHUE,pending,,,1,REN24-2401SC0450,RENDICIONES 2024.csv,JUNTA DE VECINOS SANTA ROSA DE NINQUIHUE,0
2401SC0451,,,,JUNTA DE VECINOS JAVIERA CARRERA AMPLIACION PUREN 2,pending,,,1,REN24-2401SC0451,RENDICIONES 2024.csv,JUNTA DE VECINOS JAVIERA CARRERA AMPLIACION PUREN 2,0
2401SC0452,,,,JUNTA DE VECINOS LAS LUMAS,pending,,,1,REN24-2401SC0452,RENDICIONES 2024.csv,JUNTA DE VECINOS LAS LUMAS,0
2401SC0453,,,,JUNTA DE VECINOS SALAMANCA,pending,,,1,REN24-2401SC0453,RENDICIONES 2024.csv,JUNTA DE VECINOS SALAMANCA,0
2401SC0454,,,,JUNTA DE VECINOS BRISAS DEL VOLCAN,pending,,,1,REN24-2401SC0454,RENDICIONES 2024.csv,JUNTA DE VECINOS BRISAS DEL VOLCAN,0
2401SC0455,,,,COMITE DE AGUA POTABLE RURAL EL MAITEN,pending,,,1,REN24-2401SC0455,RENDICIONES 2024.csv,COMITE DE AGUA POTABLE RURAL EL MAITEN,0
2401SC0457,,,,COMITE DE AGUA POTABLE RURAL BULI CASERIO,pending,,,1,REN24-2401SC0457,RENDICIONES 2024.csv,COMITE DE AGUA POTABLE RURAL BULI CASERIO,0
2401SC0458,,,,JUNTA DE VECINOS NUEVA RIO VIEJO SECTOR 3,pending,,,1,REN24-2401SC0458,RENDICIONES 2024.csv,JUNTA DE VECINOS NUEVA RIO VIEJO SECTOR 3,0
2401SC0459,,,,JUNTA DE VECINOS LAS ARBOLEDAS,pending,,,1,REN24-2401SC0459,RENDICIONES 2024.csv,JUNTA DE VECINOS LAS ARBOLEDAS,0
2401SC0460,,,,JUNTA DE VECINOS PARQUE HABITACIONAL RIO VIEJO,pending,,,1,REN24-2401SC0460,RENDICIONES 2024.csv,JUNTA DE VECINOS PARQUE HABITACIONAL RIO VIEJO,0
2401SC0467,,,,JUNTA DE VECINOS LA ESPERANZA DE GOROPEUMO,pending,,,1,REN24-2401SC0467,RENDICIONES 2024.csv,JUNTA DE VECINOS LA ESPERANZA DE GOROPEUMO,0
2401SC0468,,,,JUNTA DE VECINOS PORTAL DEL LIBERTADOR,pending,,,1,REN24-2401SC0468,RENDICIONES 2024.csv,JUNTA DE VECINOS PORTAL DEL LIBERTADOR,0
2401SC0469,,,,JUNTA DE VECINOS VILLA LOS COPIHUES,pending,,,1,REN24-2401SC0469,RENDICIONES 2024.csv,JUNTA DE VECINOS VILLA LOS COPIHUES,0
2401SC0471,,,,COMITE DE DESARROLLO VECINAL LAS RAICES,pending,,,1,REN24-2401SC0471,RENDICIONES 2024.csv,COMITE DE DESARROLLO VECINAL LAS RAICES,0
2401SC0473,,,,JUNTA DE VECINOS LLAHUIMAVIDA ORIENTE,pending,,,1,REN24-2401SC0473,RENDICIONES 2024.csv,JUNTA DE VECINOS LLAHUIMAVIDA ORIENTE,0
2401SC0474,,,,JUNTA DE VECINOS VILLA LAS ARAUCARIAS,pending,,,2,REN24-2401SC0474,RENDICIONES 2024.csv,JUNTA DE VECINOS VILLA LAS ARAUCARIAS,0
2401SC0475,,,,JUNTA DE VECINOS EL ALAMO,pending,,,1,REN24-2401SC0475,RENDICIONES 2024.csv,JUNTA DE VECINOS EL ALAMO,0
2401SC0478,,,,CENTRO DE PADRES Y APODERADOS JARDIN INFANTIL PETETIN,pending,,,1,REN24-2401SC0478,RENDICIONES 2024.csv,CENTRO DE PADRES Y APODERADOS JARDIN INFANTIL PETETIN,0
2401SC0481,,,,JUNTA DE VECINOS  BRISAS DEL SUR,pending,,,1,REN24-2401SC0481,RENDICIONES 2024.csv,JUNTA DE VECINOS  BRISAS DEL SUR,0
2401SC0483,,,,JUNTA DE VECINOS ALTOS DEL QUILLAY,pending,,,1,REN24-2401SC0483,RENDICIONES 2024.csv,JUNTA DE VECINOS ALTOS DEL QUILLAY,0
2401SC0484,,,,COMITE DE AGUA POTABLE RURAL SAN AGUSTIN,pending,,,1,REN24-2401SC0484,RENDICIONES 2024.csv,COMITE DE AGUA POTABLE RURAL SAN AGUSTIN,0
2401SC0485,,,,JUNTA DE VECINOS ATEUCO,pending,,,1,REN24-2401SC0485,RENDICIONES 2024.csv,JUNTA DE VECINOS ATEUCO,0
2401SC0486,,,,JUNTA DE VECINOS CANCHIUQUE,pending,,,1,REN24-2401SC0486,RENDICIONES 2024.csv,JUNTA DE VECINOS CANCHIUQUE,0
2401SC0487,,,,JUNTA DE VECINOS N°13 PUEBLO SECO,pending,,,1,REN24-2401SC0487,RENDICIONES 2024.csv,JUNTA DE VECINOS N°13 PUEBLO SECO,0
2401SC0488,,,,UNION COMUNAL DE JUNTA DE VECINOS,pending,,,1,REN24-2401SC0488,RENDICIONES 2024.csv,UNION COMUNAL DE JUNTA DE VECINOS,0
2401SC0489,,,,JJ.VV HUENUTIL DE LA CABRERIA,pending,,,1,REN24-2401SC0489,RENDICIONES 2024.csv,JJ.VV HUENUTIL DE LA CABRERIA,0
2401SC0490,,,,JUNTA DE VECINOS 2R PALLAHUALA - BASTIAS,pending,,,2,REN24-2401SC0490,RENDICIONES 2024.csv,JUNTA DE VECINOS 2R PALLAHUALA - BASTIAS,0
2401SC0491,,,,COMITE DE DESARROLLO Y ADELANTO VILLA SAN BARTOLOME,pending,,,1,REN24-2401SC0491,RENDICIONES 2024.csv,COMITE DE DESARROLLO Y ADELANTO VILLA SAN BARTOLOME,0
2401SC0495,,,,COMITE ADELANTO Y DESARROLLO PARCELACION EL ROSARIO,pending,,,1,REN24-2401SC0495,RENDICIONES 2024.csv,COMITE ADELANTO Y DESARROLLO PARCELACION EL ROSARIO,0
2401SC0497,,,,JUNTA DE VECINOS LA TORRE DE HUENUTIL,pending,,,1,REN24-2401SC0497,RENDICIONES 2024.csv,JUNTA DE VECINOS LA TORRE DE HUENUTIL,0
2401SC0498,,,,COMITE DE VIVIENDA CLAUDIO ARRAU,pending,,,1,REN24-2401SC0498,RENDICIONES 2024.csv,COMITE DE VIVIENDA CLAUDIO ARRAU,0
2401SC0499,,,,"JUNTA DE VECINOS ""CANTA RANA",pending,,,1,REN24-2401SC0499,RENDICIONES 2024.csv,"JUNTA DE VECINOS ""CANTA RANA",0
2401SC0503,,,,JUNTA DE VECINOS PUERTAS DE VIRGUIN,pending,,,1,REN24-2401SC0503,RENDICIONES 2024.csv,JUNTA DE VECINOS PUERTAS DE VIRGUIN,0
2401SC0504,,,,JUNTA DE VECINOS RINCONADA DE CATO,pending,,,1,REN24-2401SC0504,RENDICIONES 2024.csv,JUNTA DE VECINOS RINCONADA DE CATO,0
2401SC0507,,,,JUNTA DE VECINOS LOS LLEUQUES BAJOS,pending,,,1,REN24-2401SC0507,RENDICIONES 2024.csv,JUNTA DE VECINOS LOS LLEUQUES BAJOS,0
2401SC0510,,,,JUNTA DE VECINOS MATIAS MADARIAGA,pending,,,1,REN24-2401SC0510,RENDICIONES 2024.csv,JUNTA DE VECINOS MATIAS MADARIAGA,0
2401SC0514,,,,JUNTA DE VECINOS LA GLORIA,pending,,,1,REN24-2401SC0514,RENDICIONES 2024.csv,JUNTA DE VECINOS LA GLORIA,0
2401SC0515,,,,COMITE DE AGUA POTANLE RURAL PRIVADO VILLA EL SAUCE,pending,,,1,REN24-2401SC0515,RENDICIONES 2024.csv,COMITE DE AGUA POTANLE RURAL PRIVADO VILLA EL SAUCE,0
2401SC0519,,,,JUNTA DE VECINOS VILLA PADRE HURTADO II,pending,,,1,REN24-2401SC0519,RENDICIONES 2024.csv,JUNTA DE VECINOS VILLA PADRE HURTADO II,0
2401SC0520,,,,JUNTA DE VECINOS UNION RINCONADA,pending,,,1,REN24-2401SC0520,RENDICIONES 2024.csv,JUNTA DE VECINOS UNION RINCONADA,0
2401SC0522,,,,COMITE AGUA POTABLE RURAL LAS ESQUINAS,pending,,,1,REN24-2401SC0522,RENDICIONES 2024.csv,COMITE AGUA POTABLE RURAL LAS ESQUINAS,0
2401SC0523,,,,COMITE DE ADELANTO Y DESARROLLO SANTA FILOMENA,pending,,,1,REN24-2401SC0523,RENDICIONES 2024.csv,COMITE DE ADELANTO Y DESARROLLO SANTA FILOMENA,0
2401SC0525,,,,CENTRO DE PADRES Y APODERADOS ESCUELA G27 TAUCO,pending,,,1,REN24-2401SC0525,RENDICIONES 2024.csv,CENTRO DE PADRES Y APODERADOS ESCUELA G27 TAUCO,0
2401SC0526,,,,COMITE CAMPESINO LA ESPERANZA DE JUNQUILLO,pending,,,1,REN24-2401SC0526,RENDICIONES 2024.csv,COMITE CAMPESINO LA ESPERANZA DE JUNQUILLO,0
2401SC0527,,,,JUNTA DE VECINOS EL SAUCE,pending,,,2,REN24-2401SC0527,RENDICIONES 2024.csv,JUNTA DE VECINOS EL SAUCE,0
2401SC0529,,,,JUNTA DE VECINOS LAS ISLAS,pending,,,1,REN24-2401SC0529,RENDICIONES 2024.csv,JUNTA DE VECINOS LAS ISLAS,0
2401SC0534,,,,JUNTA DE VECINOS HUAMPULI LAHUELA,pending,,,1,REN24-2401SC0534,RENDICIONES 2024.csv,JUNTA DE VECINOS HUAMPULI LAHUELA,0
2401SC0536,,,,JUNTA DE VECINOS LO RAMIREZ,pending,,,1,REN24-2401SC0536,RENDICIONES 2024.csv,JUNTA DE VECINOS LO RAMIREZ,0
2401SC0540,,,,JUNTA DE VECINOS CHANCO,pending,,,1,REN24-2401SC0540,RENDICIONES 2024.csv,JUNTA DE VECINOS CHANCO,0
2401SC0544,,,,COMITE VILLA PAJARITO,pending,,,1,REN24-2401SC0544,RENDICIONES 2024.csv,COMITE VILLA PAJARITO,0
2401SC0546,,,,COMITE DE VIVIENDA Y URBANIZACION YUNGAY ORIENTE,pending,,,1,REN24-2401SC0546,RENDICIONES 2024.csv,COMITE DE VIVIENDA Y URBANIZACION YUNGAY ORIENTE,0
2401SC0548,,,,JUNTA DE VECINOS PUEBLO SECO PONIENTE,pending,,,1,REN24-2401SC0548,RENDICIONES 2024.csv,JUNTA DE VECINOS PUEBLO SECO PONIENTE,0
2401SC0550,,,,CENTRO DE PADRES ESCUELA NAVIDAD,pending,,,1,REN24-2401SC0550,RENDICIONES 2024.csv,CENTRO DE PADRES ESCUELA NAVIDAD,0
2401SC0551,,,,COMITE DE AGUA POTABLE RURAL CANCHA LOS BOTONES,pending,,,1,REN24-2401SC0551,RENDICIONES 2024.csv,COMITE DE AGUA POTABLE RURAL CANCHA LOS BOTONES,0
2401SC0553,,,,SUPERINTENDENTE DEL CUERPO DE BOMBEROS DE BULNES,pending,,,1,REN24-2401SC0553,RENDICIONES 2024.csv,SUPERINTENDENTE DEL CUERPO DE BOMBEROS DE BULNES,0
2401SC0554,,,,JUNTA DE VECINOS VILLA ANDES,pending,,,1,REN24-2401SC0554,RENDICIONES 2024.csv,JUNTA DE VECINOS VILLA ANDES,0
2401SC0555,,,,4TA COMPAÑIA BOMBEROS YUNGAY,pending,,,1,REN24-2401SC0555,RENDICIONES 2024.csv,4TA COMPAÑIA BOMBEROS YUNGAY,0
2401SC0556,,,,JUNTA DE VECINOS N°10 ORO VERDE,pending,,,1,REN24-2401SC0556,RENDICIONES 2024.csv,JUNTA DE VECINOS N°10 ORO VERDE,0
2401SC0557,,,,COMITE DE EMPRENDEDORES DEL SALTO DEL ITATA,pending,,,1,REN24-2401SC0557,RENDICIONES 2024.csv,COMITE DE EMPRENDEDORES DEL SALTO DEL ITATA,0
2401SC0558,,,,"COMITE DE AGUA POTABLE RURAL LA VICTORIA, CHILLAN",pending,,,1,REN24-2401SC0558,RENDICIONES 2024.csv,"COMITE DE AGUA POTABLE RURAL LA VICTORIA, CHILLAN",0
2401SC0562,,,,JUNTA DE VECINOS TENIENTE MERINO,pending,,,1,REN24-2401SC0562,RENDICIONES 2024.csv,JUNTA DE VECINOS TENIENTE MERINO,0
2401SC0563,,,,PRIMERA COMPAÑIA  DE BOMBEROS CHOLGUAN,pending,,,1,REN24-2401SC0563,RENDICIONES 2024.csv,PRIMERA COMPAÑIA  DE BOMBEROS CHOLGUAN,0
2401SC0565,,,,JJ.VV VALLE TEMPLADO,pending,,,2,REN24-2401SC0565,RENDICIONES 2024.csv,JJ.VV VALLE TEMPLADO,0
2401SC0566,,,,"JUNTA DE VECINOS SAN PEDRO, CHILLAN",pending,,,1,REN24-2401SC0566,RENDICIONES 2024.csv,"JUNTA DE VECINOS SAN PEDRO, CHILLAN",0
2401SC0567,,,,JUNTA DE VECINOS 12 DE OCTUBRE,pending,,,1,REN24-2401SC0567,RENDICIONES 2024.csv,JUNTA DE VECINOS 12 DE OCTUBRE,0
2401SC0568,,,,JUNTA DE VECINOS LA MARAVILLA,pending,,,1,REN24-2401SC0568,RENDICIONES 2024.csv,JUNTA DE VECINOS LA MARAVILLA,0
2401SC0573,,,,JUNTA DE VECINOS LAS AMAPOLAS DE LA COMUNA DE QUIRIHUE,pending,,,1,REN24-2401SC0573,RENDICIONES 2024.csv,JUNTA DE VECINOS LAS AMAPOLAS DE LA COMUNA DE QUIRIHUE,0
2401SC0575,,,,JUNTA DE VECINOS LAS PALMERAS,pending,,,1,REN24-2401SC0575,RENDICIONES 2024.csv,JUNTA DE VECINOS LAS PALMERAS,0
2401SC0582,,,,JUNTA DE VECINOS MONTE BLANCO,pending,,,1,REN24-2401SC0582,RENDICIONES 2024.csv,JUNTA DE VECINOS MONTE BLANCO,0
2401SC0585,,,,COMITE DE AGUA POTABLE VILLA LAS ARAUCARIAS,pending,,,2,REN24-2401SC0585,RENDICIONES 2024.csv,COMITE DE AGUA POTABLE VILLA LAS ARAUCARIAS,0
2401SC0586,,,,JUNTA DE VECINOS LOS AROMOS,pending,,,2,REN24-2401SC0586,RENDICIONES 2024.csv,JUNTA DE VECINOS LOS AROMOS,0
2401SC0591,,,,JUNTA DE VECINOS PABLO NERUDA,pending,,,1,REN24-2401SC0591,RENDICIONES 2024.csv,JUNTA DE VECINOS PABLO NERUDA,0
2401sc0592,,,,JUNTA DE VECINOS ALTOS DE ZAPALLAR,pending,,,1,REN24-2401sc0592,RENDICIONES 2024.csv,JUNTA DE VECINOS ALTOS DE ZAPALLAR,0
2401SC0594,,,,COMUNIDAD PASO CID INTERIOR,pending,,,1,REN24-2401SC0594,RENDICIONES 2024.csv,COMUNIDAD PASO CID INTERIOR,0
2401SC0595,,,,JUNTA DE VECINOS COMILLAUN-MALOCAVEN,pending,,,1,REN24-2401SC0595,RENDICIONES 2024.csv,JUNTA DE VECINOS COMILLAUN-MALOCAVEN,0
2401SC0597,,,,JUNTA DE VECINOS LOS REGIDORES,pending,,,1,REN24-2401SC0597,RENDICIONES 2024.csv,JUNTA DE VECINOS LOS REGIDORES,0
2401SC0598,,,,JUNTA DE VECINOS SAN MIGUEL DE SAN ANTONIO,pending,,,1,REN24-2401SC0598,RENDICIONES 2024.csv,JUNTA DE VECINOS SAN MIGUEL DE SAN ANTONIO,0
2401SC0599,,,,JUNTA DE VECINOS EL PEWUEN,pending,,,1,REN24-2401SC0599,RENDICIONES 2024.csv,JUNTA DE VECINOS EL PEWUEN,0
2401SC0600,,,,JUNTA DE VECINOS DE LAS NIEVES,pending,,,1,REN24-2401SC0600,RENDICIONES 2024.csv,JUNTA DE VECINOS DE LAS NIEVES,0
2401SC0604,,,,JUNTA DE VECINOS COLLIGUAY,pending,,,1,REN24-2401SC0604,RENDICIONES 2024.csv,JUNTA DE VECINOS COLLIGUAY,0
2401SC0605,,,,JUNTA DE VECINOS AGUAS AZULES,pending,,,1,REN24-2401SC0605,RENDICIONES 2024.csv,JUNTA DE VECINOS AGUAS AZULES,0
2401SC0608,,,,COMITE DE AGUA POTABLE RURAL VIDICO,pending,,,1,REN24-2401SC0608,RENDICIONES 2024.csv,COMITE DE AGUA POTABLE RURAL VIDICO,0
2401SC0614,,,,JUNTA DE VECINOS MAULE,pending,,,1,REN24-2401SC0614,RENDICIONES 2024.csv,JUNTA DE VECINOS MAULE,0
2401SC0615,,,,JUNTA DE VECINOS RANQUIL,pending,,,2,REN24-2401SC0615,RENDICIONES 2024.csv,JUNTA DE VECINOS RANQUIL,0
2401SC0617,,,,JUNTA DE VECINOS VILLA PRIMAVERA,pending,,,1,REN24-2401SC0617,RENDICIONES 2024.csv,JUNTA DE VECINOS VILLA PRIMAVERA,0
2401SC0618,,,,CENTRO GENERAL DE PADRES Y APODERADOS DEL LICEO POLIVALENTE REPUBLUCA DE PARAGUAY,pending,,,2,REN24-2401SC0618,RENDICIONES 2024.csv,CENTRO GENERAL DE PADRES Y APODERADOS DEL LICEO POLIVALENTE REPUBLUCA DE PARAGUAY,0
2401SC0619,,,,JUNTA DE VIGILANCIA RURAL VIGIAS EL CARMEN,pending,,,1,REN24-2401SC0619,RENDICIONES 2024.csv,JUNTA DE VIGILANCIA RURAL VIGIAS EL CARMEN,0
2401SC0623,,,,COMITE DE ADELANTO Y DESARROLLO DE VILLA LOS ALAMOS,pending,,,1,REN24-2401SC0623,RENDICIONES 2024.csv,COMITE DE ADELANTO Y DESARROLLO DE VILLA LOS ALAMOS,0
2401SC0624,,,,CENTRO DE PADRES Y APODERADOS ESCUELA GLORIAS NAVALES,pending,,,1,REN24-2401SC0624,RENDICIONES 2024.csv,CENTRO DE PADRES Y APODERADOS ESCUELA GLORIAS NAVALES,0
2401SC0626,,,,CLUB DEPORTIVO SOCIAL Y CULTURAL TRES ESQUINAS  UNIDO,pending,,,1,REN24-2401SC0626,RENDICIONES 2024.csv,CLUB DEPORTIVO SOCIAL Y CULTURAL TRES ESQUINAS  UNIDO,0
2401SC0629,,,,JUNTA DE VECINOS LOS VARONES SAN HUMBERTO,pending,,,1,REN24-2401SC0629,RENDICIONES 2024.csv,JUNTA DE VECINOS LOS VARONES SAN HUMBERTO,0
2401SC151,,,,JUNTA DE VECINOS LONQUEN,pending,,,1,REN24-2401SC151,RENDICIONES 2024.csv,JUNTA DE VECINOS LONQUEN,0
2401SC291,,,,JUNTA DE VECINOS RIOS DEL SUR,pending,,,1,REN24-2401SC291,RENDICIONES 2024.csv,JUNTA DE VECINOS RIOS DEL SUR,0
2401SP0005,,,,CUERPO DE BOMBEROS DE SAN NICOLAS,pending,,,1,REN24-2401SP0005,RENDICIONES 2024.csv,CUERPO DE BOMBEROS DE SAN NICOLAS,0
2401SP0380,,,,JJ.VV RENACER DE COPIHUAL,pending,,,1,REN24-2401SP0380,RENDICIONES 2024.csv,JJ.VV RENACER DE COPIHUAL,0
241C0091,,,,COMITE DE ADELANTO CASAS BLANCAS,pending,,,1,REN24-241C0091,RENDICIONES 2024.csv,COMITE DE ADELANTO CASAS BLANCAS,0
40056218,,,,ORQUESTA DE CAMARA SAN CARLOS,pending,,,2,REN24-40056218,RENDICIONES 2024.csv,ORQUESTA DE CAMARA SAN CARLOS,0
CVC-AD-1,,,,ORQUESTA DE CAMARA SAN CARLOS,pending,,,1,REN24-CVC-AD-1,RENDICIONES 2024.csv,ORQUESTA DE CAMARA SAN CARLOS,0
CVC-AD-10,,,,CLUB DEPORTIVO PARALIMPICO CHILLAN,pending,,,3,REN24-CVC-AD-10,RENDICIONES 2024.csv,CLUB DEPORTIVO PARALIMPICO CHILLAN,0
CVC-AD-12,,,,MOVIMIENTO SOCIAL EN DEFENSA DEL RIO ÑUBLE,pending,,,1,REN24-CVC-AD-12,RENDICIONES 2024.csv,MOVIMIENTO SOCIAL EN DEFENSA DEL RIO ÑUBLE,0
CVC-AD-13,,,,FUNDACION APTIVA,pending,,,1,REN24-CVC-AD-13,RENDICIONES 2024.csv,FUNDACION APTIVA,0
CVC-AD-15,,,,CLUB DEPORTIVO SAN MARTIN,pending,,,1,REN24-CVC-AD-15,RENDICIONES 2024.csv,CLUB DEPORTIVO SAN MARTIN,0
CVC-AD-18,,,,AMIGOS DEL ARTE CLAUDIO ARRAU LEON,pending,,,1,REN24-CVC-AD-18,RENDICIONES 2024.csv,AMIGOS DEL ARTE CLAUDIO ARRAU LEON,0
CVC-AD-19,,,,ASOCIACION REGIONAL DE FUTBOL AMATEUR DE LA DIECISEISAVA REGION DE ÑUBLE,pending,,,1,REN24-CVC-AD-19,RENDICIONES 2024.csv,ASOCIACION REGIONAL DE FUTBOL AMATEUR DE LA DIECISEISAVA REGION DE ÑUBLE,0
CVC-AD-24-1,,,,ILUSTRE MUNICIPALIDAD DE QUIRIHUE,pending,,,1,REN24-CVC-AD-24-1,RENDICIONES 2024.csv,ILUSTRE MUNICIPALIDAD DE QUIRIHUE,0
CVC-AD-25,,,,CLUB SOCIAL CULTURAL Y DEPORTIVO DEL RODEO CHILENO ARTURO PRAT DE NINHUE,pending,,,1,REN24-CVC-AD-25,RENDICIONES 2024.csv,CLUB SOCIAL CULTURAL Y DEPORTIVO DEL RODEO CHILENO ARTURO PRAT DE NINHUE,0
CVC-AD-27,,,,CLUB DEPORTIVO ESCOLAR INSAMACH,pending,,,1,REN24-CVC-AD-27,RENDICIONES 2024.csv,CLUB DEPORTIVO ESCOLAR INSAMACH,0
CVC-AD-29,,,,CLUB DE DEPORTES UNION,pending,,,1,REN24-CVC-AD-29,RENDICIONES 2024.csv,CLUB DE DEPORTES UNION,0
CVC-AD-3,,,,FUNDACION SPECIAL OLYMPICS DE CHILE,pending,,,1,REN24-CVC-AD-3,RENDICIONES 2024.csv,FUNDACION SPECIAL OLYMPICS DE CHILE,0
CVC-AD-6,,,,STREET WORKOUT CHILLAN,pending,,,2,REN24-CVC-AD-6,RENDICIONES 2024.csv,STREET WORKOUT CHILLAN,0
CVC-AD-7,,,,FUNDACION MITEA,pending,,,1,REN24-CVC-AD-7,RENDICIONES 2024.csv,FUNDACION MITEA,0
CVC-AD-8,,,,CLUB PATAGONIA MOSTOS CHILE,pending,,,1,REN24-CVC-AD-8,RENDICIONES 2024.csv,CLUB PATAGONIA MOSTOS CHILE,0
SIN CODIGO,,,,CENTRO DE MADRES ALEGRE DESPERTAR.,pending,,,1,REN24-SIN CODIGO,RENDICIONES 2024.csv,CENTRO DE MADRES ALEGRE DESPERTAR.,0
SN,,,,CLUB ADULTO MAYOR NUEVA ESPERANZA,pending,,,1,REN24-SN,RENDICIONES 2024.csv,CLUB ADULTO MAYOR NUEVA ESPERANZA,0
